ANO_SAEB;CO_UF;NO_UF;CO_MUNICIPIO;NO_MUNICIPIO;DEPENDENCIA_ADM;LOCALIZACAO;MEDIA_5_LP;MEDIA_5_MT;MEDIA_9_LP;MEDIA_9_MT;MEDIA_12_LP;MEDIA_12_MT;nivel_0_LP5;nivel_1_LP5;nivel_2_LP5;nivel_3_LP5;nivel_4_LP5;nivel_5_LP5;nivel_6_LP5;nivel_7_LP5;nivel_8_LP5;nivel_9_LP5;nivel_0_MT5;nivel_1_MT5;nivel_2_MT5;nivel_3_MT5;nivel_4_MT5;nivel_5_MT5;nivel_6_MT5;nivel_7_MT5;nivel_8_MT5;nivel_9_MT5;nivel_10_MT5;nivel_0_LP9;nivel_1_LP9;nivel_2_LP9;nivel_3_LP9;nivel_4_LP9;nivel_5_LP9;nivel_6_LP9;nivel_7_LP9;nivel_8_LP9;nivel_0_MT9;nivel_1_MT9;nivel_2_MT9;nivel_3_MT9;nivel_4_MT9;nivel_5_MT9;nivel_6_MT9;nivel_7_MT9;nivel_8_MT9;nivel_9_MT9;nivel_0_LP12;nivel_1_LP12;nivel_2_LP12;nivel_3_LP12;nivel_4_LP12;nivel_5_LP12;nivel_6_LP12;nivel_7_LP12;nivel_8_LP12;nivel_0_MT12;nivel_1_MT12;nivel_2_MT12;nivel_3_MT12;nivel_4_MT12;nivel_5_MT12;nivel_6_MT12;nivel_7_MT12;nivel_8_MT12;nivel_9_MT12;nivel_10_MT12;nivel_0_LP13;nivel_1_LP13;nivel_2_LP13;nivel_3_LP13;nivel_4_LP13;nivel_5_LP13;nivel_6_LP13;nivel_7_LP13;nivel_8_LP13;nivel_0_MT13;nivel_1_MT13;nivel_2_MT13;nivel_3_MT13;nivel_4_MT13;nivel_5_MT13;nivel_6_MT13;nivel_7_MT13;nivel_8_MT13;nivel_9_MT13;nivel_10_MT13;nivel_0_LP14;nivel_1_LP14;nivel_2_LP14;nivel_3_LP14;nivel_4_LP14;nivel_5_LP14;nivel_6_LP14;nivel_7_LP14;nivel_8_LP14;nivel_0_MT14;nivel_1_MT14;nivel_2_MT14;nivel_3_MT14;nivel_4_MT14;nivel_5_MT14;nivel_6_MT14;nivel_7_MT14;nivel_8_MT14;nivel_9_MT14;nivel_10_MT14
2023;25;Paraíba;2507804;Junco do Seridó;Total - Federal  Estadual  Municipal e Privada;Total;197.03;205.66;254.34;241.45;252.46;265.3;8.71;13.4;18.63;13.31;15.4;10.24;11.61;6.93;1.77;;6.7;10.24;13.56;20.24;11.93;16.78;8.47;6.93;3.54;1.61;;16.53;10.26;17.61;14.04;23.9;16.42;1.26;;;14.04;17.52;25.29;19.08;17.81;6.25;;;;;19.05;42.86;19.05;4.76;9.52;4.76;;;;19.05;14.29;28.57;19.05;4.76;14.29;;;;;;25;18.75;6.25;18.75;12.5;12.5;6.25;;;6.25;18.75;25;31.25;6.25;12.5;;;;;;21.35;33.55;14.11;10.16;10.67;7.75;2.41;;;14.11;16.01;27.19;23.76;5.34;13.6;;;;;
2023;25;Paraíba;2507804;Junco do Seridó;Total - Federal  Estadual  Municipal e Privada;Urbana;197.03;205.66;254.34;241.45;252.46;265.3;8.71;13.4;18.63;13.31;15.4;10.24;11.61;6.93;1.77;;6.7;10.24;13.56;20.24;11.93;16.78;8.47;6.93;3.54;1.61;;16.53;10.26;17.61;14.04;23.9;16.42;1.26;;;14.04;17.52;25.29;19.08;17.81;6.25;;;;;19.05;42.86;19.05;4.76;9.52;4.76;;;;19.05;14.29;28.57;19.05;4.76;14.29;;;;;;25;18.75;6.25;18.75;12.5;12.5;6.25;;;6.25;18.75;25;31.25;6.25;12.5;;;;;;21.35;33.55;14.11;10.16;10.67;7.75;2.41;;;14.11;16.01;27.19;23.76;5.34;13.6;;;;;
2023;25;Paraíba;2507804;Junco do Seridó;Estadual;Total;;;;;252.46;265.3;;;;;;;;;;;;;;;;;;;;;;;;;;;;;;;;;;;;;;;;;19.05;42.86;19.05;4.76;9.52;4.76;;;;19.05;14.29;28.57;19.05;4.76;14.29;;;;;;25;18.75;6.25;18.75;12.5;12.5;6.25;;;6.25;18.75;25;31.25;6.25;12.5;;;;;;21.35;33.55;14.11;10.16;10.67;7.75;2.41;;;14.11;16.01;27.19;23.76;5.34;13.6;;;;;
2023;25;Paraíba;2507804;Junco do Seridó;Estadual;Urbana;;;;;252.46;265.3;;;;;;;;;;;;;;;;;;;;;;;;;;;;;;;;;;;;;;;;;19.05;42.86;19.05;4.76;9.52;4.76;0;0;0;19.05;14.29;28.57;19.05;4.76;14.29;0;0;0;0;0;25;18.75;6.25;18.75;12.5;12.5;6.25;0;0;6.25;18.75;25;31.25;6.25;12.5;0;0;0;0;0;21.35;33.55;14.11;10.16;10.67;7.75;2.41;0;0;14.11;16.01;27.19;23.76;5.34;13.6;0;0;0;0;0
2023;25;Paraíba;2507804;Junco do Seridó;Municipal;Total;197.03;205.66;254.34;241.45;;;8.71;13.4;18.63;13.31;15.4;10.24;11.61;6.93;1.77;;6.7;10.24;13.56;20.24;11.93;16.78;8.47;6.93;3.54;1.61;;16.53;10.26;17.61;14.04;23.9;16.42;1.26;;;14.04;17.52;25.29;19.08;17.81;6.25;;;;;;;;;;;;;;;;;;;;;;;;;;;;;;;;;;;;;;;;;;;;;;;;;;;;;;;;;;;;;;;;
2023;25;Paraíba;2507804;Junco do Seridó;Municipal;Urbana;197.03;205.66;254.34;241.45;;;8.71;13.4;18.63;13.31;15.4;10.24;11.61;6.93;1.77;0;6.7;10.24;13.56;20.24;11.93;16.78;8.47;6.93;3.54;1.61;0;16.53;10.26;17.61;14.04;23.9;16.42;1.26;0;0;14.04;17.52;25.29;19.08;17.81;6.25;0;0;0;0;;;;;;;;;;;;;;;;;;;;;;;;;;;;;;;;;;;;;;;;;;;;;;;;;;;;;;;;;;;;
2023;25;Paraíba;2507804;Junco do Seridó;Total - Estadual e Municipal;Total;197.03;205.66;254.34;241.45;252.46;265.3;8.71;13.4;18.63;13.31;15.4;10.24;11.61;6.93;1.77;;6.7;10.24;13.56;20.24;11.93;16.78;8.47;6.93;3.54;1.61;;16.53;10.26;17.61;14.04;23.9;16.42;1.26;;;14.04;17.52;25.29;19.08;17.81;6.25;;;;;19.05;42.86;19.05;4.76;9.52;4.76;;;;19.05;14.29;28.57;19.05;4.76;14.29;;;;;;25;18.75;6.25;18.75;12.5;12.5;6.25;;;6.25;18.75;25;31.25;6.25;12.5;;;;;;21.35;33.55;14.11;10.16;10.67;7.75;2.41;;;14.11;16.01;27.19;23.76;5.34;13.6;;;;;
2023;25;Paraíba;2507804;Junco do Seridó;Total - Estadual e Municipal;Urbana;197.03;205.66;254.34;241.45;252.46;265.3;8.71;13.4;18.63;13.31;15.4;10.24;11.61;6.93;1.77;;6.7;10.24;13.56;20.24;11.93;16.78;8.47;6.93;3.54;1.61;;16.53;10.26;17.61;14.04;23.9;16.42;1.26;;;14.04;17.52;25.29;19.08;17.81;6.25;;;;;19.05;42.86;19.05;4.76;9.52;4.76;;;;19.05;14.29;28.57;19.05;4.76;14.29;;;;;;25;18.75;6.25;18.75;12.5;12.5;6.25;;;6.25;18.75;25;31.25;6.25;12.5;;;;;;21.35;33.55;14.11;10.16;10.67;7.75;2.41;;;14.11;16.01;27.19;23.76;5.34;13.6;;;;;
2023;25;Paraíba;2507804;Junco do Seridó;Total - Federal  Estadual e Municipal;Total;197.03;205.66;254.34;241.45;252.46;265.3;8.71;13.4;18.63;13.31;15.4;10.24;11.61;6.93;1.77;;6.7;10.24;13.56;20.24;11.93;16.78;8.47;6.93;3.54;1.61;;16.53;10.26;17.61;14.04;23.9;16.42;1.26;;;14.04;17.52;25.29;19.08;17.81;6.25;;;;;19.05;42.86;19.05;4.76;9.52;4.76;;;;19.05;14.29;28.57;19.05;4.76;14.29;;;;;;25;18.75;6.25;18.75;12.5;12.5;6.25;;;6.25;18.75;25;31.25;6.25;12.5;;;;;;21.35;33.55;14.11;10.16;10.67;7.75;2.41;;;14.11;16.01;27.19;23.76;5.34;13.6;;;;;
2023;25;Paraíba;2507804;Junco do Seridó;Total - Federal  Estadual e Municipal;Urbana;197.03;205.66;254.34;241.45;252.46;265.3;8.71;13.4;18.63;13.31;15.4;10.24;11.61;6.93;1.77;;6.7;10.24;13.56;20.24;11.93;16.78;8.47;6.93;3.54;1.61;;16.53;10.26;17.61;14.04;23.9;16.42;1.26;;;14.04;17.52;25.29;19.08;17.81;6.25;;;;;19.05;42.86;19.05;4.76;9.52;4.76;;;;19.05;14.29;28.57;19.05;4.76;14.29;;;;;;25;18.75;6.25;18.75;12.5;12.5;6.25;;;6.25;18.75;25;31.25;6.25;12.5;;;;;;21.35;33.55;14.11;10.16;10.67;7.75;2.41;;;14.11;16.01;27.19;23.76;5.34;13.6;;;;;
2023;25;Paraíba;2507903;Juripiranga;Total - Federal  Estadual  Municipal e Privada;Total;183.34;190.65;241.58;235.36;267.45;267.3;9.5;20.9;18.6;17.14;13.98;8.95;7.07;3.22;0.65;;5.15;11.41;24.76;24.8;12.77;9.62;4.47;5.79;1.23;;;21.1;19.26;16.99;13.21;16.65;8.2;4.6;;;21.55;25.87;16.71;15.92;9.95;6.98;2.52;;0.5;;22.2;12.88;23.55;12.18;13.36;12.97;2.86;;;23.76;13.57;19.7;18.12;13.57;7.12;4.17;;;;;;;;;;;;;;;;;;;;;;;;;22.2;12.88;23.55;12.18;13.36;12.97;2.86;;;23.76;13.57;19.7;18.12;13.57;7.12;4.17;;;;
2023;25;Paraíba;2507903;Juripiranga;Total - Federal  Estadual  Municipal e Privada;Urbana;183.34;190.65;241.58;235.36;267.45;267.3;9.5;20.9;18.6;17.14;13.98;8.95;7.07;3.22;0.65;;5.15;11.41;24.76;24.8;12.77;9.62;4.47;5.79;1.23;;;21.1;19.26;16.99;13.21;16.65;8.2;4.6;;;21.55;25.87;16.71;15.92;9.95;6.98;2.52;;0.5;;22.2;12.88;23.55;12.18;13.36;12.97;2.86;;;23.76;13.57;19.7;18.12;13.57;7.12;4.17;;;;;;;;;;;;;;;;;;;;;;;;;22.2;12.88;23.55;12.18;13.36;12.97;2.86;;;23.76;13.57;19.7;18.12;13.57;7.12;4.17;;;;
2023;25;Paraíba;2507903;Juripiranga;Estadual;Total;190.09;192.52;219.71;228.95;267.45;267.3;;22.15;22.26;15.53;22.15;6.85;6.62;4.45;;;4.56;4.56;31.05;24.32;13.36;13.36;4.45;2.17;2.17;;;33.65;29.49;13.46;12.66;7.69;3.04;;;;24.52;22.6;19.55;22.6;1.92;6.89;1.92;;;;22.2;12.88;23.55;12.18;13.36;12.97;2.86;;;23.76;13.57;19.7;18.12;13.57;7.12;4.17;;;;;;;;;;;;;;;;;;;;;;;;;22.2;12.88;23.55;12.18;13.36;12.97;2.86;;;23.76;13.57;19.7;18.12;13.57;7.12;4.17;;;;
2023;25;Paraíba;2507903;Juripiranga;Estadual;Urbana;190.09;192.52;219.71;228.95;267.45;267.3;0;22.15;22.26;15.53;22.15;6.85;6.62;4.45;0;0;4.56;4.56;31.05;24.32;13.36;13.36;4.45;2.17;2.17;0;0;33.65;29.49;13.46;12.66;7.69;3.04;0;0;0;24.52;22.6;19.55;22.6;1.92;6.89;1.92;0;0;0;22.2;12.88;23.55;12.18;13.36;12.97;2.86;0;0;23.76;13.57;19.7;18.12;13.57;7.12;4.17;0;0;0;0;;;;;;;;;;;;;;;;;;;;;22.2;12.88;23.55;12.18;13.36;12.97;2.86;0;0;23.76;13.57;19.7;18.12;13.57;7.12;4.17;0;0;0;0
2023;25;Paraíba;2507903;Juripiranga;Municipal;Total;180.6;189.88;248.69;237.44;;;13.37;20.4;17.11;17.79;10.66;9.8;7.26;2.71;0.91;;5.39;14.2;22.2;25;12.53;8.1;4.48;7.26;0.85;;;17.01;15.94;18.13;13.39;19.56;9.88;6.09;;;20.58;26.94;15.79;13.75;12.56;7.01;2.72;;0.66;;;;;;;;;;;;;;;;;;;;;;;;;;;;;;;;;;;;;;;;;;;;;;;;;;;;;;;;;;;;;
2023;25;Paraíba;2507903;Juripiranga;Municipal;Urbana;180.6;189.88;248.69;237.44;;;13.37;20.4;17.11;17.79;10.66;9.8;7.26;2.71;0.91;0;5.39;14.2;22.2;25;12.53;8.1;4.48;7.26;0.85;0;0;17.01;15.94;18.13;13.39;19.56;9.88;6.09;0;0;20.58;26.94;15.79;13.75;12.56;7.01;2.72;0;0.66;0;;;;;;;;;;;;;;;;;;;;;;;;;;;;;;;;;;;;;;;;;;;;;;;;;;;;;;;;;;;;
2023;25;Paraíba;2507903;Juripiranga;Total - Estadual e Municipal;Total;183.34;190.65;241.58;235.36;267.45;267.3;9.5;20.9;18.6;17.14;13.98;8.95;7.07;3.22;0.65;;5.15;11.41;24.76;24.8;12.77;9.62;4.47;5.79;1.23;;;21.1;19.26;16.99;13.21;16.65;8.2;4.6;;;21.55;25.87;16.71;15.92;9.95;6.98;2.52;;0.5;;22.2;12.88;23.55;12.18;13.36;12.97;2.86;;;23.76;13.57;19.7;18.12;13.57;7.12;4.17;;;;;;;;;;;;;;;;;;;;;;;;;22.2;12.88;23.55;12.18;13.36;12.97;2.86;;;23.76;13.57;19.7;18.12;13.57;7.12;4.17;;;;
2023;25;Paraíba;2507903;Juripiranga;Total - Estadual e Municipal;Urbana;183.34;190.65;241.58;235.36;267.45;267.3;9.5;20.9;18.6;17.14;13.98;8.95;7.07;3.22;0.65;;5.15;11.41;24.76;24.8;12.77;9.62;4.47;5.79;1.23;;;21.1;19.26;16.99;13.21;16.65;8.2;4.6;;;21.55;25.87;16.71;15.92;9.95;6.98;2.52;;0.5;;22.2;12.88;23.55;12.18;13.36;12.97;2.86;;;23.76;13.57;19.7;18.12;13.57;7.12;4.17;;;;;;;;;;;;;;;;;;;;;;;;;22.2;12.88;23.55;12.18;13.36;12.97;2.86;;;23.76;13.57;19.7;18.12;13.57;7.12;4.17;;;;
2023;25;Paraíba;2507903;Juripiranga;Total - Federal  Estadual e Municipal;Total;183.34;190.65;241.58;235.36;267.45;267.3;9.5;20.9;18.6;17.14;13.98;8.95;7.07;3.22;0.65;;5.15;11.41;24.76;24.8;12.77;9.62;4.47;5.79;1.23;;;21.1;19.26;16.99;13.21;16.65;8.2;4.6;;;21.55;25.87;16.71;15.92;9.95;6.98;2.52;;0.5;;22.2;12.88;23.55;12.18;13.36;12.97;2.86;;;23.76;13.57;19.7;18.12;13.57;7.12;4.17;;;;;;;;;;;;;;;;;;;;;;;;;22.2;12.88;23.55;12.18;13.36;12.97;2.86;;;23.76;13.57;19.7;18.12;13.57;7.12;4.17;;;;
2023;25;Paraíba;2507903;Juripiranga;Total - Federal  Estadual e Municipal;Urbana;183.34;190.65;241.58;235.36;267.45;267.3;9.5;20.9;18.6;17.14;13.98;8.95;7.07;3.22;0.65;;5.15;11.41;24.76;24.8;12.77;9.62;4.47;5.79;1.23;;;21.1;19.26;16.99;13.21;16.65;8.2;4.6;;;21.55;25.87;16.71;15.92;9.95;6.98;2.52;;0.5;;22.2;12.88;23.55;12.18;13.36;12.97;2.86;;;23.76;13.57;19.7;18.12;13.57;7.12;4.17;;;;;;;;;;;;;;;;;;;;;;;;;22.2;12.88;23.55;12.18;13.36;12.97;2.86;;;23.76;13.57;19.7;18.12;13.57;7.12;4.17;;;;
2023;25;Paraíba;2508000;Juru;Total - Federal  Estadual  Municipal e Privada;Total;222.75;233.1;263.55;276.28;309.63;315.23;3.6;5.98;7.89;12.84;19.55;17.6;14.64;11.73;4.78;1.38;;7.12;11.67;9.43;16.2;14.38;17.93;9.43;8;3.59;2.24;12.56;5.32;15.3;23.9;26.36;9.16;5.31;2.09;;4.12;13.49;7.18;22.75;21.71;18.64;6.96;5.16;;;;6.25;6.25;18.75;31.25;31.25;6.25;;;;;6.25;43.75;12.5;18.75;6.25;6.25;6.25;;;3.33;13.33;26.67;13.33;26.67;6.67;3.33;6.67;;10;13.33;10;26.67;13.33;20;;6.67;;;;2.18;10.89;19.63;15.2;28.25;15.14;4.34;4.37;;6.55;8.74;8.71;32.55;13.05;19.57;2.15;6.52;2.15;;
2023;25;Paraíba;2508000;Juru;Total - Federal  Estadual  Municipal e Privada;Urbana;219.52;231.63;261.51;275.24;;;4.54;5.59;9.95;12.02;21.28;14.74;15.89;12.22;2.83;0.94;;7.21;11.97;11.89;17.86;11.82;13.9;10.29;8.49;3.73;2.83;11.96;6.63;14.14;27.33;25.46;6.49;6.63;1.37;;2.67;13.12;7.71;24.66;23.37;19.53;4.98;3.96;;;;;;;;;;;;;;;;;;;;;;;;;;;;;;;;;;;;;;;;;;;;;;;;;;;;;;;;;;;;;;
2023;25;Paraíba;2508000;Juru;Total - Federal  Estadual  Municipal e Privada;Rural;235.13;238.73;271.79;280.48;309.63;315.23;;7.47;;16;12.93;28.54;9.87;9.87;12.26;3.07;;6.8;10.54;;9.87;24.14;33.33;6.13;6.13;3.07;;15;;20;10;30;20;;5;;10;15;5;15;15;15;15;10;;;;6.25;6.25;18.75;31.25;31.25;6.25;;;;;6.25;43.75;12.5;18.75;6.25;6.25;6.25;;;3.33;13.33;26.67;13.33;26.67;6.67;3.33;6.67;;10;13.33;10;26.67;13.33;20;;6.67;;;;2.18;10.89;19.63;15.2;28.25;15.14;4.34;4.37;;6.55;8.74;8.71;32.55;13.05;19.57;2.15;6.52;2.15;;
2023;25;Paraíba;2508000;Juru;Estadual;Total;;;266.62;283.2;309.63;315.23;;;;;;;;;;;;;;;;;;;;;;11.43;;13.81;28.1;35.56;8.41;2.7;;;;5.56;8.1;30.79;22.54;19.37;10.95;2.7;;;;6.25;6.25;18.75;31.25;31.25;6.25;;;;;6.25;43.75;12.5;18.75;6.25;6.25;6.25;;;3.33;13.33;26.67;13.33;26.67;6.67;3.33;6.67;;10;13.33;10;26.67;13.33;20;;6.67;;;;2.18;10.89;19.63;15.2;28.25;15.14;4.34;4.37;;6.55;8.74;8.71;32.55;13.05;19.57;2.15;6.52;2.15;;
2023;25;Paraíba;2508000;Juru;Estadual;Urbana;;;266.62;283.2;;;;;;;;;;;;;;;;;;;;;;;;11.43;0;13.81;28.1;35.56;8.41;2.7;0;0;0;5.56;8.1;30.79;22.54;19.37;10.95;2.7;0;0;;;;;;;;;;;;;;;;;;;;;;;;;;;;;;;;;;;;;;;;;;;;;;;;;;;;;;;;;;;;
2023;25;Paraíba;2508000;Juru;Estadual;Rural;;;;;309.63;315.23;;;;;;;;;;;;;;;;;;;;;;;;;;;;;;;;;;;;;;;;;0;6.25;6.25;18.75;31.25;31.25;6.25;0;0;0;0;6.25;43.75;12.5;18.75;6.25;6.25;6.25;0;0;3.33;13.33;26.67;13.33;26.67;6.67;3.33;6.67;0;10;13.33;10;26.67;13.33;20;0;6.67;0;0;0;2.18;10.89;19.63;15.2;28.25;15.14;4.34;4.37;0;6.55;8.74;8.71;32.55;13.05;19.57;2.15;6.52;2.15;0;0
2023;25;Paraíba;2508000;Juru;Municipal;Total;222.75;233.1;261.78;272.3;;;3.6;5.98;7.89;12.84;19.55;17.6;14.64;11.73;4.78;1.38;;7.12;11.67;9.43;16.2;14.38;17.93;9.43;8;3.59;2.24;13.21;8.37;16.15;21.49;21.08;9.59;6.82;3.28;;6.48;18.05;6.65;18.13;21.24;18.22;4.67;6.57;;;;;;;;;;;;;;;;;;;;;;;;;;;;;;;;;;;;;;;;;;;;;;;;;;;;;;;;;;;;;;
2023;25;Paraíba;2508000;Juru;Municipal;Urbana;219.52;231.63;257.26;268.61;;;4.54;5.59;9.95;12.02;21.28;14.74;15.89;12.22;2.83;0.94;0;7.21;11.97;11.89;17.86;11.82;13.9;10.29;8.49;3.73;2.83;12.41;12.16;14.41;26.69;17.04;4.89;9.9;2.51;0;4.89;19.42;7.39;19.55;24.06;19.67;0;5.01;0;0;;;;;;;;;;;;;;;;;;;;;;;;;;;;;;;;;;;;;;;;;;;;;;;;;;;;;;;;;;;;
2023;25;Paraíba;2508000;Juru;Municipal;Rural;235.13;238.73;271.79;280.48;;;0;7.47;0;16;12.93;28.54;9.87;9.87;12.26;3.07;0;6.8;10.54;0;9.87;24.14;33.33;6.13;6.13;3.07;0;15;0;20;10;30;20;0;5;0;10;15;5;15;15;15;15;10;0;0;;;;;;;;;;;;;;;;;;;;;;;;;;;;;;;;;;;;;;;;;;;;;;;;;;;;;;;;;;;;
2023;25;Paraíba;2508000;Juru;Total - Estadual e Municipal;Total;222.75;233.1;263.55;276.28;309.63;315.23;3.6;5.98;7.89;12.84;19.55;17.6;14.64;11.73;4.78;1.38;;7.12;11.67;9.43;16.2;14.38;17.93;9.43;8;3.59;2.24;12.56;5.32;15.3;23.9;26.36;9.16;5.31;2.09;;4.12;13.49;7.18;22.75;21.71;18.64;6.96;5.16;;;;6.25;6.25;18.75;31.25;31.25;6.25;;;;;6.25;43.75;12.5;18.75;6.25;6.25;6.25;;;3.33;13.33;26.67;13.33;26.67;6.67;3.33;6.67;;10;13.33;10;26.67;13.33;20;;6.67;;;;2.18;10.89;19.63;15.2;28.25;15.14;4.34;4.37;;6.55;8.74;8.71;32.55;13.05;19.57;2.15;6.52;2.15;;
2023;25;Paraíba;2508000;Juru;Total - Estadual e Municipal;Urbana;219.52;231.63;261.51;275.24;;;4.54;5.59;9.95;12.02;21.28;14.74;15.89;12.22;2.83;0.94;;7.21;11.97;11.89;17.86;11.82;13.9;10.29;8.49;3.73;2.83;11.96;6.63;14.14;27.33;25.46;6.49;6.63;1.37;;2.67;13.12;7.71;24.66;23.37;19.53;4.98;3.96;;;;;;;;;;;;;;;;;;;;;;;;;;;;;;;;;;;;;;;;;;;;;;;;;;;;;;;;;;;;;;
2023;25;Paraíba;2508000;Juru;Total - Estadual e Municipal;Rural;235.13;238.73;271.79;280.48;309.63;315.23;;7.47;;16;12.93;28.54;9.87;9.87;12.26;3.07;;6.8;10.54;;9.87;24.14;33.33;6.13;6.13;3.07;;15;;20;10;30;20;;5;;10;15;5;15;15;15;15;10;;;;6.25;6.25;18.75;31.25;31.25;6.25;;;;;6.25;43.75;12.5;18.75;6.25;6.25;6.25;;;3.33;13.33;26.67;13.33;26.67;6.67;3.33;6.67;;10;13.33;10;26.67;13.33;20;;6.67;;;;2.18;10.89;19.63;15.2;28.25;15.14;4.34;4.37;;6.55;8.74;8.71;32.55;13.05;19.57;2.15;6.52;2.15;;
2023;25;Paraíba;2508000;Juru;Total - Federal  Estadual e Municipal;Total;222.75;233.1;263.55;276.28;309.63;315.23;3.6;5.98;7.89;12.84;19.55;17.6;14.64;11.73;4.78;1.38;;7.12;11.67;9.43;16.2;14.38;17.93;9.43;8;3.59;2.24;12.56;5.32;15.3;23.9;26.36;9.16;5.31;2.09;;4.12;13.49;7.18;22.75;21.71;18.64;6.96;5.16;;;;6.25;6.25;18.75;31.25;31.25;6.25;;;;;6.25;43.75;12.5;18.75;6.25;6.25;6.25;;;3.33;13.33;26.67;13.33;26.67;6.67;3.33;6.67;;10;13.33;10;26.67;13.33;20;;6.67;;;;2.18;10.89;19.63;15.2;28.25;15.14;4.34;4.37;;6.55;8.74;8.71;32.55;13.05;19.57;2.15;6.52;2.15;;
2023;25;Paraíba;2508000;Juru;Total - Federal  Estadual e Municipal;Urbana;219.52;231.63;261.51;275.24;;;4.54;5.59;9.95;12.02;21.28;14.74;15.89;12.22;2.83;0.94;;7.21;11.97;11.89;17.86;11.82;13.9;10.29;8.49;3.73;2.83;11.96;6.63;14.14;27.33;25.46;6.49;6.63;1.37;;2.67;13.12;7.71;24.66;23.37;19.53;4.98;3.96;;;;;;;;;;;;;;;;;;;;;;;;;;;;;;;;;;;;;;;;;;;;;;;;;;;;;;;;;;;;;;
2023;25;Paraíba;2508000;Juru;Total - Federal  Estadual e Municipal;Rural;235.13;238.73;271.79;280.48;309.63;315.23;;7.47;;16;12.93;28.54;9.87;9.87;12.26;3.07;;6.8;10.54;;9.87;24.14;33.33;6.13;6.13;3.07;;15;;20;10;30;20;;5;;10;15;5;15;15;15;15;10;;;;6.25;6.25;18.75;31.25;31.25;6.25;;;;;6.25;43.75;12.5;18.75;6.25;6.25;6.25;;;3.33;13.33;26.67;13.33;26.67;6.67;3.33;6.67;;10;13.33;10;26.67;13.33;20;;6.67;;;;2.18;10.89;19.63;15.2;28.25;15.14;4.34;4.37;;6.55;8.74;8.71;32.55;13.05;19.57;2.15;6.52;2.15;;
2023;25;Paraíba;2508109;Lagoa;Total - Federal  Estadual  Municipal e Privada;Total;198.37;201.92;240.84;244.54;245.89;243.8;7.12;19.23;12.39;7.26;18.09;16.1;17.95;;;1.85;5.41;8.69;17.66;18.09;23.08;5.56;17.95;1.71;;1.85;;25.72;16.16;15.93;13.86;12.37;8.78;7.18;;;23.3;18.93;7.18;19.01;17.21;10.85;3.51;;;;46.67;;20;13.33;16.67;;3.33;;;36.67;13.33;30;16.67;3.33;;;;;;;;;;;;;;;;;;;;;;;;;;;46.67;;20;13.33;16.67;;3.33;;;36.67;13.33;30;16.67;3.33;;;;;;
2023;25;Paraíba;2508109;Lagoa;Total - Federal  Estadual  Municipal e Privada;Urbana;198.37;201.92;240.84;244.54;245.89;243.8;7.12;19.23;12.39;7.26;18.09;16.1;17.95;;;1.85;5.41;8.69;17.66;18.09;23.08;5.56;17.95;1.71;;1.85;;25.72;16.16;15.93;13.86;12.37;8.78;7.18;;;23.3;18.93;7.18;19.01;17.21;10.85;3.51;;;;46.67;;20;13.33;16.67;;3.33;;;36.67;13.33;30;16.67;3.33;;;;;;;;;;;;;;;;;;;;;;;;;;;46.67;;20;13.33;16.67;;3.33;;;36.67;13.33;30;16.67;3.33;;;;;;
2023;25;Paraíba;2508109;Lagoa;Estadual;Total;;;241.7;216.48;245.89;243.8;;;;;;;;;;;;;;;;;;;;;;16.67;25;25;8.33;16.67;;8.33;;;50;16.67;8.33;8.33;;16.67;;;;;46.67;;20;13.33;16.67;;3.33;;;36.67;13.33;30;16.67;3.33;;;;;;;;;;;;;;;;;;;;;;;;;;;46.67;;20;13.33;16.67;;3.33;;;36.67;13.33;30;16.67;3.33;;;;;;
2023;25;Paraíba;2508109;Lagoa;Estadual;Urbana;;;241.7;216.48;245.89;243.8;;;;;;;;;;;;;;;;;;;;;;16.67;25;25;8.33;16.67;0;8.33;0;0;50;16.67;8.33;8.33;0;16.67;0;0;0;0;46.67;0;20;13.33;16.67;0;3.33;0;0;36.67;13.33;30;16.67;3.33;0;0;0;0;0;0;;;;;;;;;;;;;;;;;;;;;46.67;0;20;13.33;16.67;0;3.33;0;0;36.67;13.33;30;16.67;3.33;0;0;0;0;0;0
2023;25;Paraíba;2508109;Lagoa;Municipal;Total;198.37;201.92;240.58;252.9;;;7.12;19.23;12.39;7.26;18.09;16.1;17.95;;;1.85;5.41;8.69;17.66;18.09;23.08;5.56;17.95;1.71;;1.85;;28.42;13.53;13.22;15.5;11.09;11.4;6.84;;;15.35;19.6;6.84;22.19;22.34;9.12;4.56;;;;;;;;;;;;;;;;;;;;;;;;;;;;;;;;;;;;;;;;;;;;;;;;;;;;;;;;;;;;;;;
2023;25;Paraíba;2508109;Lagoa;Municipal;Urbana;198.37;201.92;240.58;252.9;;;7.12;19.23;12.39;7.26;18.09;16.1;17.95;0;0;1.85;5.41;8.69;17.66;18.09;23.08;5.56;17.95;1.71;0;1.85;0;28.42;13.53;13.22;15.5;11.09;11.4;6.84;0;0;15.35;19.6;6.84;22.19;22.34;9.12;4.56;0;0;0;;;;;;;;;;;;;;;;;;;;;;;;;;;;;;;;;;;;;;;;;;;;;;;;;;;;;;;;;;;;
2023;25;Paraíba;2508109;Lagoa;Total - Estadual e Municipal;Total;198.37;201.92;240.84;244.54;245.89;243.8;7.12;19.23;12.39;7.26;18.09;16.1;17.95;;;1.85;5.41;8.69;17.66;18.09;23.08;5.56;17.95;1.71;;1.85;;25.72;16.16;15.93;13.86;12.37;8.78;7.18;;;23.3;18.93;7.18;19.01;17.21;10.85;3.51;;;;46.67;;20;13.33;16.67;;3.33;;;36.67;13.33;30;16.67;3.33;;;;;;;;;;;;;;;;;;;;;;;;;;;46.67;;20;13.33;16.67;;3.33;;;36.67;13.33;30;16.67;3.33;;;;;;
2023;25;Paraíba;2508109;Lagoa;Total - Estadual e Municipal;Urbana;198.37;201.92;240.84;244.54;245.89;243.8;7.12;19.23;12.39;7.26;18.09;16.1;17.95;;;1.85;5.41;8.69;17.66;18.09;23.08;5.56;17.95;1.71;;1.85;;25.72;16.16;15.93;13.86;12.37;8.78;7.18;;;23.3;18.93;7.18;19.01;17.21;10.85;3.51;;;;46.67;;20;13.33;16.67;;3.33;;;36.67;13.33;30;16.67;3.33;;;;;;;;;;;;;;;;;;;;;;;;;;;46.67;;20;13.33;16.67;;3.33;;;36.67;13.33;30;16.67;3.33;;;;;;
2023;25;Paraíba;2508109;Lagoa;Total - Federal  Estadual e Municipal;Total;198.37;201.92;240.84;244.54;245.89;243.8;7.12;19.23;12.39;7.26;18.09;16.1;17.95;;;1.85;5.41;8.69;17.66;18.09;23.08;5.56;17.95;1.71;;1.85;;25.72;16.16;15.93;13.86;12.37;8.78;7.18;;;23.3;18.93;7.18;19.01;17.21;10.85;3.51;;;;46.67;;20;13.33;16.67;;3.33;;;36.67;13.33;30;16.67;3.33;;;;;;;;;;;;;;;;;;;;;;;;;;;46.67;;20;13.33;16.67;;3.33;;;36.67;13.33;30;16.67;3.33;;;;;;
2023;25;Paraíba;2508109;Lagoa;Total - Federal  Estadual e Municipal;Urbana;198.37;201.92;240.84;244.54;245.89;243.8;7.12;19.23;12.39;7.26;18.09;16.1;17.95;;;1.85;5.41;8.69;17.66;18.09;23.08;5.56;17.95;1.71;;1.85;;25.72;16.16;15.93;13.86;12.37;8.78;7.18;;;23.3;18.93;7.18;19.01;17.21;10.85;3.51;;;;46.67;;20;13.33;16.67;;3.33;;;36.67;13.33;30;16.67;3.33;;;;;;;;;;;;;;;;;;;;;;;;;;;46.67;;20;13.33;16.67;;3.33;;;36.67;13.33;30;16.67;3.33;;;;;;
2023;25;Paraíba;2508208;Lagoa de Dentro;Total - Federal  Estadual  Municipal e Privada;Total;167.52;174.5;222.05;224.72;266.72;265.56;13.42;30.26;14.58;19.22;10.71;7.45;1.41;1.55;1.41;;5.87;22.25;28.9;16.28;10.39;11.94;2.82;1.55;;;;33.43;20.82;20.59;15.07;4.42;3.31;2.36;;;31.49;25.33;17.73;11.7;7.73;3.84;;1.09;1.09;;16.84;20.24;20.03;20.41;13.9;4.92;3.66;;;21.49;23.1;15.33;20.2;7.63;7.33;4.93;;;;;;;;;;;;;;;;;;;;;;;;;16.84;20.24;20.03;20.41;13.9;4.92;3.66;;;21.49;23.1;15.33;20.2;7.63;7.33;4.93;;;;
2023;25;Paraíba;2508208;Lagoa de Dentro;Total - Federal  Estadual  Municipal e Privada;Urbana;177.49;181.04;222.05;224.72;266.72;265.56;8.91;25.45;15.42;20.21;14.15;9.13;2.17;2.4;2.17;;4.34;17.81;28.07;18.04;11.3;13.7;4.34;2.4;;;;33.43;20.82;20.59;15.07;4.42;3.31;2.36;;;31.49;25.33;17.73;11.7;7.73;3.84;;1.09;1.09;;16.84;20.24;20.03;20.41;13.9;4.92;3.66;;;21.49;23.1;15.33;20.2;7.63;7.33;4.93;;;;;;;;;;;;;;;;;;;;;;;;;16.84;20.24;20.03;20.41;13.9;4.92;3.66;;;21.49;23.1;15.33;20.2;7.63;7.33;4.93;;;;
2023;25;Paraíba;2508208;Lagoa de Dentro;Total - Federal  Estadual  Municipal e Privada;Rural;149.12;162.43;;;;;21.74;39.13;13.04;17.39;4.35;4.35;;;;;8.7;30.43;30.43;13.04;8.7;8.7;;;;;;;;;;;;;;;;;;;;;;;;;;;;;;;;;;;;;;;;;;;;;;;;;;;;;;;;;;;;;;;;;;;;;;;;;;;;;;;;;;;;
2023;25;Paraíba;2508208;Lagoa de Dentro;Estadual;Total;;;;;266.72;265.56;;;;;;;;;;;;;;;;;;;;;;;;;;;;;;;;;;;;;;;;;16.84;20.24;20.03;20.41;13.9;4.92;3.66;;;21.49;23.1;15.33;20.2;7.63;7.33;4.93;;;;;;;;;;;;;;;;;;;;;;;;;16.84;20.24;20.03;20.41;13.9;4.92;3.66;;;21.49;23.1;15.33;20.2;7.63;7.33;4.93;;;;
2023;25;Paraíba;2508208;Lagoa de Dentro;Estadual;Urbana;;;;;266.72;265.56;;;;;;;;;;;;;;;;;;;;;;;;;;;;;;;;;;;;;;;;;16.84;20.24;20.03;20.41;13.9;4.92;3.66;0;0;21.49;23.1;15.33;20.2;7.63;7.33;4.93;0;0;0;0;;;;;;;;;;;;;;;;;;;;;16.84;20.24;20.03;20.41;13.9;4.92;3.66;0;0;21.49;23.1;15.33;20.2;7.63;7.33;4.93;0;0;0;0
2023;25;Paraíba;2508208;Lagoa de Dentro;Municipal;Total;167.52;174.5;227.17;229.15;;;13.42;30.26;14.58;19.22;10.71;7.45;1.41;1.55;1.41;;5.87;22.25;28.9;16.28;10.39;11.94;2.82;1.55;;;;30.28;19.54;21.15;15.86;5.77;4.32;3.08;;;25.83;25.43;19.32;13.36;10.09;3.11;;1.43;1.43;;;;;;;;;;;;;;;;;;;;;;;;;;;;;;;;;;;;;;;;;;;;;;;;;;;;;;;;;;;;;
2023;25;Paraíba;2508208;Lagoa de Dentro;Municipal;Urbana;177.49;181.04;227.17;229.15;;;8.91;25.45;15.42;20.21;14.15;9.13;2.17;2.4;2.17;0;4.34;17.81;28.07;18.04;11.3;13.7;4.34;2.4;0;0;0;30.28;19.54;21.15;15.86;5.77;4.32;3.08;0;0;25.83;25.43;19.32;13.36;10.09;3.11;0;1.43;1.43;0;;;;;;;;;;;;;;;;;;;;;;;;;;;;;;;;;;;;;;;;;;;;;;;;;;;;;;;;;;;;
2023;25;Paraíba;2508208;Lagoa de Dentro;Municipal;Rural;149.12;162.43;;;;;21.74;39.13;13.04;17.39;4.35;4.35;0;0;0;0;8.7;30.43;30.43;13.04;8.7;8.7;0;0;0;0;0;;;;;;;;;;;;;;;;;;;;;;;;;;;;;;;;;;;;;;;;;;;;;;;;;;;;;;;;;;;;;;;;;;;;;;;;;;;;;;;
2023;25;Paraíba;2508208;Lagoa de Dentro;Total - Estadual e Municipal;Total;167.52;174.5;222.05;224.72;266.72;265.56;13.42;30.26;14.58;19.22;10.71;7.45;1.41;1.55;1.41;;5.87;22.25;28.9;16.28;10.39;11.94;2.82;1.55;;;;33.43;20.82;20.59;15.07;4.42;3.31;2.36;;;31.49;25.33;17.73;11.7;7.73;3.84;;1.09;1.09;;16.84;20.24;20.03;20.41;13.9;4.92;3.66;;;21.49;23.1;15.33;20.2;7.63;7.33;4.93;;;;;;;;;;;;;;;;;;;;;;;;;16.84;20.24;20.03;20.41;13.9;4.92;3.66;;;21.49;23.1;15.33;20.2;7.63;7.33;4.93;;;;
2023;25;Paraíba;2508208;Lagoa de Dentro;Total - Estadual e Municipal;Urbana;177.49;181.04;222.05;224.72;266.72;265.56;8.91;25.45;15.42;20.21;14.15;9.13;2.17;2.4;2.17;;4.34;17.81;28.07;18.04;11.3;13.7;4.34;2.4;;;;33.43;20.82;20.59;15.07;4.42;3.31;2.36;;;31.49;25.33;17.73;11.7;7.73;3.84;;1.09;1.09;;16.84;20.24;20.03;20.41;13.9;4.92;3.66;;;21.49;23.1;15.33;20.2;7.63;7.33;4.93;;;;;;;;;;;;;;;;;;;;;;;;;16.84;20.24;20.03;20.41;13.9;4.92;3.66;;;21.49;23.1;15.33;20.2;7.63;7.33;4.93;;;;
2023;25;Paraíba;2508208;Lagoa de Dentro;Total - Estadual e Municipal;Rural;149.12;162.43;;;;;21.74;39.13;13.04;17.39;4.35;4.35;;;;;8.7;30.43;30.43;13.04;8.7;8.7;;;;;;;;;;;;;;;;;;;;;;;;;;;;;;;;;;;;;;;;;;;;;;;;;;;;;;;;;;;;;;;;;;;;;;;;;;;;;;;;;;;;
2023;25;Paraíba;2508208;Lagoa de Dentro;Total - Federal  Estadual e Municipal;Total;167.52;174.5;222.05;224.72;266.72;265.56;13.42;30.26;14.58;19.22;10.71;7.45;1.41;1.55;1.41;;5.87;22.25;28.9;16.28;10.39;11.94;2.82;1.55;;;;33.43;20.82;20.59;15.07;4.42;3.31;2.36;;;31.49;25.33;17.73;11.7;7.73;3.84;;1.09;1.09;;16.84;20.24;20.03;20.41;13.9;4.92;3.66;;;21.49;23.1;15.33;20.2;7.63;7.33;4.93;;;;;;;;;;;;;;;;;;;;;;;;;16.84;20.24;20.03;20.41;13.9;4.92;3.66;;;21.49;23.1;15.33;20.2;7.63;7.33;4.93;;;;
2023;25;Paraíba;2508208;Lagoa de Dentro;Total - Federal  Estadual e Municipal;Urbana;177.49;181.04;222.05;224.72;266.72;265.56;8.91;25.45;15.42;20.21;14.15;9.13;2.17;2.4;2.17;;4.34;17.81;28.07;18.04;11.3;13.7;4.34;2.4;;;;33.43;20.82;20.59;15.07;4.42;3.31;2.36;;;31.49;25.33;17.73;11.7;7.73;3.84;;1.09;1.09;;16.84;20.24;20.03;20.41;13.9;4.92;3.66;;;21.49;23.1;15.33;20.2;7.63;7.33;4.93;;;;;;;;;;;;;;;;;;;;;;;;;16.84;20.24;20.03;20.41;13.9;4.92;3.66;;;21.49;23.1;15.33;20.2;7.63;7.33;4.93;;;;
2023;25;Paraíba;2508208;Lagoa de Dentro;Total - Federal  Estadual e Municipal;Rural;149.12;162.43;;;;;21.74;39.13;13.04;17.39;4.35;4.35;;;;;8.7;30.43;30.43;13.04;8.7;8.7;;;;;;;;;;;;;;;;;;;;;;;;;;;;;;;;;;;;;;;;;;;;;;;;;;;;;;;;;;;;;;;;;;;;;;;;;;;;;;;;;;;;
2023;25;Paraíba;2508307;Lagoa Seca;Total - Federal  Estadual  Municipal e Privada;Total;195.92;204.69;248.8;241.15;;;2.73;18.23;15.64;20.17;18.07;11.55;6.2;4.67;2.25;0.51;3.98;11.52;15.51;15.1;19.16;17.11;8.68;7.55;0.93;0.47;;18.24;19.16;13.83;18.64;12.78;10.23;5.19;1.93;;19.14;19.19;18.37;18.14;14.87;7.13;2.8;;0.36;;;;;;;;;;;;;;;;;;;;;;20.02;18.38;18.71;17.99;12.39;11.49;1.02;;;22.26;20.75;25.96;16.18;8.38;4.35;2.11;;;;;;;;;;;;;;;;;;;;;;;;
2023;25;Paraíba;2508307;Lagoa Seca;Total - Federal  Estadual  Municipal e Privada;Urbana;197.02;206.46;262.27;249.41;;;1.41;17.66;15.94;20.51;19.95;11.05;5.86;4.92;2.7;;4.72;8.65;12.76;17.15;21.68;20.03;7.99;5.54;0.75;0.73;;8.42;16.43;13.84;22.34;16.95;13.26;6.45;2.3;;15.82;15.46;17.32;18.6;18.44;9.79;4.05;;0.52;;;;;;;;;;;;;;;;;;;;;;20.02;18.38;18.71;17.99;12.39;11.49;1.02;;;22.26;20.75;25.96;16.18;8.38;4.35;2.11;;;;;;;;;;;;;;;;;;;;;;;;
2023;25;Paraíba;2508307;Lagoa Seca;Total - Federal  Estadual  Municipal e Privada;Rural;193.91;201.46;218.71;222.67;;;5.13;19.26;15.07;19.54;14.65;12.46;6.82;4.21;1.43;1.43;2.61;16.75;20.52;11.36;14.56;11.78;9.94;11.2;1.27;;;40.18;25.26;13.8;10.36;3.44;3.48;2.38;1.1;;26.56;27.51;20.71;17.11;6.92;1.19;;;;;;;;;;;;;;;;;;;;;;;;;;;;;;;;;;;;;;;;;;;;;;;;;;;;;;;;;;;;;;;;
2023;25;Paraíba;2508307;Lagoa Seca;Estadual;Total;;;;;;;;;;;;;;;;;;;;;;;;;;;;;;;;;;;;;;;;;;;;;;;;;;;;;;;;;;;;;;;;;;;20.02;18.38;18.71;17.99;12.39;11.49;1.02;;;22.26;20.75;25.96;16.18;8.38;4.35;2.11;;;;;;;;;;;;;;;;;;;;;;;;
2023;25;Paraíba;2508307;Lagoa Seca;Estadual;Urbana;;;;;;;;;;;;;;;;;;;;;;;;;;;;;;;;;;;;;;;;;;;;;;;;;;;;;;;;;;;;;;;;;;;20.02;18.38;18.71;17.99;12.39;11.49;1.02;0;0;22.26;20.75;25.96;16.18;8.38;4.35;2.11;0;0;0;0;;;;;;;;;;;;;;;;;;;;
2023;25;Paraíba;2508307;Lagoa Seca;Municipal;Total;195.92;204.69;248.8;241.15;;;2.73;18.23;15.64;20.17;18.07;11.55;6.2;4.67;2.25;0.51;3.98;11.52;15.51;15.1;19.16;17.11;8.68;7.55;0.93;0.47;;18.24;19.16;13.83;18.64;12.78;10.23;5.19;1.93;;19.14;19.19;18.37;18.14;14.87;7.13;2.8;;0.36;;;;;;;;;;;;;;;;;;;;;;;;;;;;;;;;;;;;;;;;;;;;;;;;;;;;;;;;;;;;;
2023;25;Paraíba;2508307;Lagoa Seca;Municipal;Urbana;197.02;206.46;262.27;249.41;;;1.41;17.66;15.94;20.51;19.95;11.05;5.86;4.92;2.7;0;4.72;8.65;12.76;17.15;21.68;20.03;7.99;5.54;0.75;0.73;0;8.42;16.43;13.84;22.34;16.95;13.26;6.45;2.3;0;15.82;15.46;17.32;18.6;18.44;9.79;4.05;0;0.52;0;;;;;;;;;;;;;;;;;;;;;;;;;;;;;;;;;;;;;;;;;;;;;;;;;;;;;;;;;;;;
2023;25;Paraíba;2508307;Lagoa Seca;Municipal;Rural;193.91;201.46;218.71;222.67;;;5.13;19.26;15.07;19.54;14.65;12.46;6.82;4.21;1.43;1.43;2.61;16.75;20.52;11.36;14.56;11.78;9.94;11.2;1.27;0;0;40.18;25.26;13.8;10.36;3.44;3.48;2.38;1.1;0;26.56;27.51;20.71;17.11;6.92;1.19;0;0;0;0;;;;;;;;;;;;;;;;;;;;;;;;;;;;;;;;;;;;;;;;;;;;;;;;;;;;;;;;;;;;
2023;25;Paraíba;2508307;Lagoa Seca;Total - Estadual e Municipal;Total;195.92;204.69;248.8;241.15;;;2.73;18.23;15.64;20.17;18.07;11.55;6.2;4.67;2.25;0.51;3.98;11.52;15.51;15.1;19.16;17.11;8.68;7.55;0.93;0.47;;18.24;19.16;13.83;18.64;12.78;10.23;5.19;1.93;;19.14;19.19;18.37;18.14;14.87;7.13;2.8;;0.36;;;;;;;;;;;;;;;;;;;;;;20.02;18.38;18.71;17.99;12.39;11.49;1.02;;;22.26;20.75;25.96;16.18;8.38;4.35;2.11;;;;;;;;;;;;;;;;;;;;;;;;
2023;25;Paraíba;2508307;Lagoa Seca;Total - Estadual e Municipal;Urbana;197.02;206.46;262.27;249.41;;;1.41;17.66;15.94;20.51;19.95;11.05;5.86;4.92;2.7;;4.72;8.65;12.76;17.15;21.68;20.03;7.99;5.54;0.75;0.73;;8.42;16.43;13.84;22.34;16.95;13.26;6.45;2.3;;15.82;15.46;17.32;18.6;18.44;9.79;4.05;;0.52;;;;;;;;;;;;;;;;;;;;;;20.02;18.38;18.71;17.99;12.39;11.49;1.02;;;22.26;20.75;25.96;16.18;8.38;4.35;2.11;;;;;;;;;;;;;;;;;;;;;;;;
2023;25;Paraíba;2508307;Lagoa Seca;Total - Estadual e Municipal;Rural;193.91;201.46;218.71;222.67;;;5.13;19.26;15.07;19.54;14.65;12.46;6.82;4.21;1.43;1.43;2.61;16.75;20.52;11.36;14.56;11.78;9.94;11.2;1.27;;;40.18;25.26;13.8;10.36;3.44;3.48;2.38;1.1;;26.56;27.51;20.71;17.11;6.92;1.19;;;;;;;;;;;;;;;;;;;;;;;;;;;;;;;;;;;;;;;;;;;;;;;;;;;;;;;;;;;;;;;;
2023;25;Paraíba;2508307;Lagoa Seca;Total - Federal  Estadual e Municipal;Total;195.92;204.69;248.8;241.15;;;2.73;18.23;15.64;20.17;18.07;11.55;6.2;4.67;2.25;0.51;3.98;11.52;15.51;15.1;19.16;17.11;8.68;7.55;0.93;0.47;;18.24;19.16;13.83;18.64;12.78;10.23;5.19;1.93;;19.14;19.19;18.37;18.14;14.87;7.13;2.8;;0.36;;;;;;;;;;;;;;;;;;;;;;20.02;18.38;18.71;17.99;12.39;11.49;1.02;;;22.26;20.75;25.96;16.18;8.38;4.35;2.11;;;;;;;;;;;;;;;;;;;;;;;;
2023;25;Paraíba;2508307;Lagoa Seca;Total - Federal  Estadual e Municipal;Urbana;197.02;206.46;262.27;249.41;;;1.41;17.66;15.94;20.51;19.95;11.05;5.86;4.92;2.7;;4.72;8.65;12.76;17.15;21.68;20.03;7.99;5.54;0.75;0.73;;8.42;16.43;13.84;22.34;16.95;13.26;6.45;2.3;;15.82;15.46;17.32;18.6;18.44;9.79;4.05;;0.52;;;;;;;;;;;;;;;;;;;;;;20.02;18.38;18.71;17.99;12.39;11.49;1.02;;;22.26;20.75;25.96;16.18;8.38;4.35;2.11;;;;;;;;;;;;;;;;;;;;;;;;
2023;25;Paraíba;2508307;Lagoa Seca;Total - Federal  Estadual e Municipal;Rural;193.91;201.46;218.71;222.67;;;5.13;19.26;15.07;19.54;14.65;12.46;6.82;4.21;1.43;1.43;2.61;16.75;20.52;11.36;14.56;11.78;9.94;11.2;1.27;;;40.18;25.26;13.8;10.36;3.44;3.48;2.38;1.1;;26.56;27.51;20.71;17.11;6.92;1.19;;;;;;;;;;;;;;;;;;;;;;;;;;;;;;;;;;;;;;;;;;;;;;;;;;;;;;;;;;;;;;;;
2023;25;Paraíba;2508406;Lastro;Total - Federal  Estadual  Municipal e Privada;Total;200.63;215.06;249.92;243.14;266.68;272.07;5.57;16.55;8.28;27.87;8.61;13.68;8.28;8.45;2.7;;;8.28;19.43;16.72;8.28;19.43;16.89;5.41;2.87;2.7;;14.81;24.89;14.99;11.69;16.68;10.17;5.08;1.69;;21.59;13.29;21.41;18.38;11.86;6.69;6.78;;;;11.43;28.57;22.86;14.29;14.29;5.71;2.86;;;8.57;20;31.43;11.43;20;5.71;2.86;;;;;;;;;;;;;;;;;;;;;;;;;11.43;28.57;22.86;14.29;14.29;5.71;2.86;;;8.57;20;31.43;11.43;20;5.71;2.86;;;;
2023;25;Paraíba;2508406;Lastro;Total - Federal  Estadual  Municipal e Privada;Urbana;200.63;215.06;249.92;243.14;266.68;272.07;5.57;16.55;8.28;27.87;8.61;13.68;8.28;8.45;2.7;;;8.28;19.43;16.72;8.28;19.43;16.89;5.41;2.87;2.7;;14.81;24.89;14.99;11.69;16.68;10.17;5.08;1.69;;21.59;13.29;21.41;18.38;11.86;6.69;6.78;;;;11.43;28.57;22.86;14.29;14.29;5.71;2.86;;;8.57;20;31.43;11.43;20;5.71;2.86;;;;;;;;;;;;;;;;;;;;;;;;;11.43;28.57;22.86;14.29;14.29;5.71;2.86;;;8.57;20;31.43;11.43;20;5.71;2.86;;;;
2023;25;Paraíba;2508406;Lastro;Estadual;Total;;;;;266.68;272.07;;;;;;;;;;;;;;;;;;;;;;;;;;;;;;;;;;;;;;;;;11.43;28.57;22.86;14.29;14.29;5.71;2.86;;;8.57;20;31.43;11.43;20;5.71;2.86;;;;;;;;;;;;;;;;;;;;;;;;;11.43;28.57;22.86;14.29;14.29;5.71;2.86;;;8.57;20;31.43;11.43;20;5.71;2.86;;;;
2023;25;Paraíba;2508406;Lastro;Estadual;Urbana;;;;;266.68;272.07;;;;;;;;;;;;;;;;;;;;;;;;;;;;;;;;;;;;;;;;;11.43;28.57;22.86;14.29;14.29;5.71;2.86;0;0;8.57;20;31.43;11.43;20;5.71;2.86;0;0;0;0;;;;;;;;;;;;;;;;;;;;;11.43;28.57;22.86;14.29;14.29;5.71;2.86;0;0;8.57;20;31.43;11.43;20;5.71;2.86;0;0;0;0
2023;25;Paraíba;2508406;Lastro;Municipal;Total;200.63;215.06;249.92;243.14;;;5.57;16.55;8.28;27.87;8.61;13.68;8.28;8.45;2.7;;;8.28;19.43;16.72;8.28;19.43;16.89;5.41;2.87;2.7;;14.81;24.89;14.99;11.69;16.68;10.17;5.08;1.69;;21.59;13.29;21.41;18.38;11.86;6.69;6.78;;;;;;;;;;;;;;;;;;;;;;;;;;;;;;;;;;;;;;;;;;;;;;;;;;;;;;;;;;;;;;;
2023;25;Paraíba;2508406;Lastro;Municipal;Urbana;200.63;215.06;249.92;243.14;;;5.57;16.55;8.28;27.87;8.61;13.68;8.28;8.45;2.7;0;0;8.28;19.43;16.72;8.28;19.43;16.89;5.41;2.87;2.7;0;14.81;24.89;14.99;11.69;16.68;10.17;5.08;1.69;0;21.59;13.29;21.41;18.38;11.86;6.69;6.78;0;0;0;;;;;;;;;;;;;;;;;;;;;;;;;;;;;;;;;;;;;;;;;;;;;;;;;;;;;;;;;;;;
2023;25;Paraíba;2508406;Lastro;Total - Estadual e Municipal;Total;200.63;215.06;249.92;243.14;266.68;272.07;5.57;16.55;8.28;27.87;8.61;13.68;8.28;8.45;2.7;;;8.28;19.43;16.72;8.28;19.43;16.89;5.41;2.87;2.7;;14.81;24.89;14.99;11.69;16.68;10.17;5.08;1.69;;21.59;13.29;21.41;18.38;11.86;6.69;6.78;;;;11.43;28.57;22.86;14.29;14.29;5.71;2.86;;;8.57;20;31.43;11.43;20;5.71;2.86;;;;;;;;;;;;;;;;;;;;;;;;;11.43;28.57;22.86;14.29;14.29;5.71;2.86;;;8.57;20;31.43;11.43;20;5.71;2.86;;;;
2023;25;Paraíba;2508406;Lastro;Total - Estadual e Municipal;Urbana;200.63;215.06;249.92;243.14;266.68;272.07;5.57;16.55;8.28;27.87;8.61;13.68;8.28;8.45;2.7;;;8.28;19.43;16.72;8.28;19.43;16.89;5.41;2.87;2.7;;14.81;24.89;14.99;11.69;16.68;10.17;5.08;1.69;;21.59;13.29;21.41;18.38;11.86;6.69;6.78;;;;11.43;28.57;22.86;14.29;14.29;5.71;2.86;;;8.57;20;31.43;11.43;20;5.71;2.86;;;;;;;;;;;;;;;;;;;;;;;;;11.43;28.57;22.86;14.29;14.29;5.71;2.86;;;8.57;20;31.43;11.43;20;5.71;2.86;;;;
2023;25;Paraíba;2508406;Lastro;Total - Federal  Estadual e Municipal;Total;200.63;215.06;249.92;243.14;266.68;272.07;5.57;16.55;8.28;27.87;8.61;13.68;8.28;8.45;2.7;;;8.28;19.43;16.72;8.28;19.43;16.89;5.41;2.87;2.7;;14.81;24.89;14.99;11.69;16.68;10.17;5.08;1.69;;21.59;13.29;21.41;18.38;11.86;6.69;6.78;;;;11.43;28.57;22.86;14.29;14.29;5.71;2.86;;;8.57;20;31.43;11.43;20;5.71;2.86;;;;;;;;;;;;;;;;;;;;;;;;;11.43;28.57;22.86;14.29;14.29;5.71;2.86;;;8.57;20;31.43;11.43;20;5.71;2.86;;;;
2023;25;Paraíba;2508406;Lastro;Total - Federal  Estadual e Municipal;Urbana;200.63;215.06;249.92;243.14;266.68;272.07;5.57;16.55;8.28;27.87;8.61;13.68;8.28;8.45;2.7;;;8.28;19.43;16.72;8.28;19.43;16.89;5.41;2.87;2.7;;14.81;24.89;14.99;11.69;16.68;10.17;5.08;1.69;;21.59;13.29;21.41;18.38;11.86;6.69;6.78;;;;11.43;28.57;22.86;14.29;14.29;5.71;2.86;;;8.57;20;31.43;11.43;20;5.71;2.86;;;;;;;;;;;;;;;;;;;;;;;;;11.43;28.57;22.86;14.29;14.29;5.71;2.86;;;8.57;20;31.43;11.43;20;5.71;2.86;;;;
2023;25;Paraíba;2508505;Livramento;Total - Federal  Estadual  Municipal e Privada;Total;205.44;218.67;254.51;248.9;278.89;274.34;3.64;12.99;14.67;16.5;18.65;14.15;9;6.87;1.68;1.83;3.79;1.68;18.59;12.99;16.5;14.15;21.32;9.28;;1.68;;14.91;11.57;16.61;22.57;16.01;11.32;5.32;1.68;;13.85;17.26;15.02;26.66;12.01;10.02;3.44;1.75;;;10.89;9.87;25;27.12;13.74;7.75;5.63;;;9.5;16.52;22.88;27.49;15.87;7.75;;;;;;;;;;;;;;;;;;;;;;;;;;10.89;9.87;25;27.12;13.74;7.75;5.63;;;9.5;16.52;22.88;27.49;15.87;7.75;;;;;
2023;25;Paraíba;2508505;Livramento;Total - Federal  Estadual  Municipal e Privada;Urbana;205.44;218.67;254.51;248.9;278.89;274.34;3.64;12.99;14.67;16.5;18.65;14.15;9;6.87;1.68;1.83;3.79;1.68;18.59;12.99;16.5;14.15;21.32;9.28;;1.68;;14.91;11.57;16.61;22.57;16.01;11.32;5.32;1.68;;13.85;17.26;15.02;26.66;12.01;10.02;3.44;1.75;;;10.89;9.87;25;27.12;13.74;7.75;5.63;;;9.5;16.52;22.88;27.49;15.87;7.75;;;;;;;;;;;;;;;;;;;;;;;;;;10.89;9.87;25;27.12;13.74;7.75;5.63;;;9.5;16.52;22.88;27.49;15.87;7.75;;;;;
2023;25;Paraíba;2508505;Livramento;Estadual;Total;;;;;278.89;274.34;;;;;;;;;;;;;;;;;;;;;;;;;;;;;;;;;;;;;;;;;10.89;9.87;25;27.12;13.74;7.75;5.63;;;9.5;16.52;22.88;27.49;15.87;7.75;;;;;;;;;;;;;;;;;;;;;;;;;;10.89;9.87;25;27.12;13.74;7.75;5.63;;;9.5;16.52;22.88;27.49;15.87;7.75;;;;;
2023;25;Paraíba;2508505;Livramento;Estadual;Urbana;;;;;278.89;274.34;;;;;;;;;;;;;;;;;;;;;;;;;;;;;;;;;;;;;;;;;10.89;9.87;25;27.12;13.74;7.75;5.63;0;0;9.5;16.52;22.88;27.49;15.87;7.75;0;0;0;0;0;;;;;;;;;;;;;;;;;;;;;10.89;9.87;25;27.12;13.74;7.75;5.63;0;0;9.5;16.52;22.88;27.49;15.87;7.75;0;0;0;0;0
2023;25;Paraíba;2508505;Livramento;Municipal;Total;205.44;218.67;254.51;248.9;;;3.64;12.99;14.67;16.5;18.65;14.15;9;6.87;1.68;1.83;3.79;1.68;18.59;12.99;16.5;14.15;21.32;9.28;;1.68;;14.91;11.57;16.61;22.57;16.01;11.32;5.32;1.68;;13.85;17.26;15.02;26.66;12.01;10.02;3.44;1.75;;;;;;;;;;;;;;;;;;;;;;;;;;;;;;;;;;;;;;;;;;;;;;;;;;;;;;;;;;;;;;
2023;25;Paraíba;2508505;Livramento;Municipal;Urbana;205.44;218.67;254.51;248.9;;;3.64;12.99;14.67;16.5;18.65;14.15;9;6.87;1.68;1.83;3.79;1.68;18.59;12.99;16.5;14.15;21.32;9.28;0;1.68;0;14.91;11.57;16.61;22.57;16.01;11.32;5.32;1.68;0;13.85;17.26;15.02;26.66;12.01;10.02;3.44;1.75;0;0;;;;;;;;;;;;;;;;;;;;;;;;;;;;;;;;;;;;;;;;;;;;;;;;;;;;;;;;;;;;
2023;25;Paraíba;2508505;Livramento;Total - Estadual e Municipal;Total;205.44;218.67;254.51;248.9;278.89;274.34;3.64;12.99;14.67;16.5;18.65;14.15;9;6.87;1.68;1.83;3.79;1.68;18.59;12.99;16.5;14.15;21.32;9.28;;1.68;;14.91;11.57;16.61;22.57;16.01;11.32;5.32;1.68;;13.85;17.26;15.02;26.66;12.01;10.02;3.44;1.75;;;10.89;9.87;25;27.12;13.74;7.75;5.63;;;9.5;16.52;22.88;27.49;15.87;7.75;;;;;;;;;;;;;;;;;;;;;;;;;;10.89;9.87;25;27.12;13.74;7.75;5.63;;;9.5;16.52;22.88;27.49;15.87;7.75;;;;;
2023;25;Paraíba;2508505;Livramento;Total - Estadual e Municipal;Urbana;205.44;218.67;254.51;248.9;278.89;274.34;3.64;12.99;14.67;16.5;18.65;14.15;9;6.87;1.68;1.83;3.79;1.68;18.59;12.99;16.5;14.15;21.32;9.28;;1.68;;14.91;11.57;16.61;22.57;16.01;11.32;5.32;1.68;;13.85;17.26;15.02;26.66;12.01;10.02;3.44;1.75;;;10.89;9.87;25;27.12;13.74;7.75;5.63;;;9.5;16.52;22.88;27.49;15.87;7.75;;;;;;;;;;;;;;;;;;;;;;;;;;10.89;9.87;25;27.12;13.74;7.75;5.63;;;9.5;16.52;22.88;27.49;15.87;7.75;;;;;
2023;25;Paraíba;2508505;Livramento;Total - Federal  Estadual e Municipal;Total;205.44;218.67;254.51;248.9;278.89;274.34;3.64;12.99;14.67;16.5;18.65;14.15;9;6.87;1.68;1.83;3.79;1.68;18.59;12.99;16.5;14.15;21.32;9.28;;1.68;;14.91;11.57;16.61;22.57;16.01;11.32;5.32;1.68;;13.85;17.26;15.02;26.66;12.01;10.02;3.44;1.75;;;10.89;9.87;25;27.12;13.74;7.75;5.63;;;9.5;16.52;22.88;27.49;15.87;7.75;;;;;;;;;;;;;;;;;;;;;;;;;;10.89;9.87;25;27.12;13.74;7.75;5.63;;;9.5;16.52;22.88;27.49;15.87;7.75;;;;;
2023;25;Paraíba;2508505;Livramento;Total - Federal  Estadual e Municipal;Urbana;205.44;218.67;254.51;248.9;278.89;274.34;3.64;12.99;14.67;16.5;18.65;14.15;9;6.87;1.68;1.83;3.79;1.68;18.59;12.99;16.5;14.15;21.32;9.28;;1.68;;14.91;11.57;16.61;22.57;16.01;11.32;5.32;1.68;;13.85;17.26;15.02;26.66;12.01;10.02;3.44;1.75;;;10.89;9.87;25;27.12;13.74;7.75;5.63;;;9.5;16.52;22.88;27.49;15.87;7.75;;;;;;;;;;;;;;;;;;;;;;;;;;10.89;9.87;25;27.12;13.74;7.75;5.63;;;9.5;16.52;22.88;27.49;15.87;7.75;;;;;
2023;25;Paraíba;2508554;Logradouro;Total - Federal  Estadual  Municipal e Privada;Total;200.36;219.4;240.64;240.61;277.05;263.78;5.21;15.26;8.44;16.87;27.92;6.7;13.15;4.84;1.61;;1.74;10.17;5.21;23.45;14.89;16.38;13.52;6.45;8.19;;;13.97;20.1;26.66;17.57;16.81;4.89;;;;26.34;8.49;14.32;29.01;15.12;5.23;1.49;;;;11.11;7.41;25.93;25.93;25.93;3.7;;;;7.41;29.63;29.63;25.93;3.7;;;3.7;;;;;;;;;;;;;;;;;;;;;;;;11.11;7.41;25.93;25.93;25.93;3.7;;;;7.41;29.63;29.63;25.93;3.7;;;3.7;;;
2023;25;Paraíba;2508554;Logradouro;Total - Federal  Estadual  Municipal e Privada;Urbana;230.14;245.63;243.14;244.17;277.05;263.78;;;4.76;14.29;42.86;4.76;19.05;9.52;4.76;;;4.76;;14.29;14.29;23.81;9.52;19.05;14.29;;;11.65;21.3;25.61;18.13;19.13;4.17;;;;21.3;10.65;12.09;36.4;13.09;4.61;1.87;;;;11.11;7.41;25.93;25.93;25.93;3.7;;;;7.41;29.63;29.63;25.93;3.7;;;3.7;;;;;;;;;;;;;;;;;;;;;;;;11.11;7.41;25.93;25.93;25.93;3.7;;;;7.41;29.63;29.63;25.93;3.7;;;3.7;;;
2023;25;Paraíba;2508554;Logradouro;Total - Federal  Estadual  Municipal e Privada;Rural;185.1;205.97;230.81;226.61;;;7.88;23.08;10.32;18.2;20.26;7.69;10.13;2.44;;;2.63;12.95;7.88;28.14;15.2;12.57;15.57;;5.07;;;23.08;15.38;30.77;15.38;7.69;7.69;;;;46.15;;23.08;;23.08;7.69;;;;;;;;;;;;;;;;;;;;;;;;;;;;;;;;;;;;;;;;;;;;;;;;;;;;;;;;;;;;;;;;
2023;25;Paraíba;2508554;Logradouro;Estadual;Total;;;;;277.05;263.78;;;;;;;;;;;;;;;;;;;;;;;;;;;;;;;;;;;;;;;;;11.11;7.41;25.93;25.93;25.93;3.7;;;;7.41;29.63;29.63;25.93;3.7;;;3.7;;;;;;;;;;;;;;;;;;;;;;;;11.11;7.41;25.93;25.93;25.93;3.7;;;;7.41;29.63;29.63;25.93;3.7;;;3.7;;;
2023;25;Paraíba;2508554;Logradouro;Estadual;Urbana;;;;;277.05;263.78;;;;;;;;;;;;;;;;;;;;;;;;;;;;;;;;;;;;;;;;;11.11;7.41;25.93;25.93;25.93;3.7;0;0;0;7.41;29.63;29.63;25.93;3.7;0;0;3.7;0;0;0;;;;;;;;;;;;;;;;;;;;;11.11;7.41;25.93;25.93;25.93;3.7;0;0;0;7.41;29.63;29.63;25.93;3.7;0;0;3.7;0;0;0
2023;25;Paraíba;2508554;Logradouro;Municipal;Total;200.36;219.4;243.17;247.26;;;5.21;15.26;8.44;16.87;27.92;6.7;13.15;4.84;1.61;;1.74;10.17;5.21;23.45;14.89;16.38;13.52;6.45;8.19;;;16.75;12.54;29.19;16.65;20.67;4.21;;;;21.15;4.11;14.69;34.97;20.86;2.15;2.06;;;;;;;;;;;;;;;;;;;;;;;;;;;;;;;;;;;;;;;;;;;;;;;;;;;;;;;;;;;;;;;
2023;25;Paraíba;2508554;Logradouro;Municipal;Urbana;230.14;245.63;247.98;255.29;;;0;0;4.76;14.29;42.86;4.76;19.05;9.52;4.76;0;0;4.76;0;14.29;14.29;23.81;9.52;19.05;14.29;0;0;14.29;11.43;28.57;17.14;25.71;2.86;0;0;0;11.43;5.71;11.43;48.57;20;0;2.86;0;0;0;;;;;;;;;;;;;;;;;;;;;;;;;;;;;;;;;;;;;;;;;;;;;;;;;;;;;;;;;;;;
2023;25;Paraíba;2508554;Logradouro;Municipal;Rural;185.1;205.97;230.81;226.61;;;7.88;23.08;10.32;18.2;20.26;7.69;10.13;2.44;0;0;2.63;12.95;7.88;28.14;15.2;12.57;15.57;0;5.07;0;0;23.08;15.38;30.77;15.38;7.69;7.69;0;0;0;46.15;0;23.08;0;23.08;7.69;0;0;0;0;;;;;;;;;;;;;;;;;;;;;;;;;;;;;;;;;;;;;;;;;;;;;;;;;;;;;;;;;;;;
2023;25;Paraíba;2508554;Logradouro;Total - Estadual e Municipal;Total;200.36;219.4;240.64;240.61;277.05;263.78;5.21;15.26;8.44;16.87;27.92;6.7;13.15;4.84;1.61;;1.74;10.17;5.21;23.45;14.89;16.38;13.52;6.45;8.19;;;13.97;20.1;26.66;17.57;16.81;4.89;;;;26.34;8.49;14.32;29.01;15.12;5.23;1.49;;;;11.11;7.41;25.93;25.93;25.93;3.7;;;;7.41;29.63;29.63;25.93;3.7;;;3.7;;;;;;;;;;;;;;;;;;;;;;;;11.11;7.41;25.93;25.93;25.93;3.7;;;;7.41;29.63;29.63;25.93;3.7;;;3.7;;;
2023;25;Paraíba;2508554;Logradouro;Total - Estadual e Municipal;Urbana;230.14;245.63;243.14;244.17;277.05;263.78;;;4.76;14.29;42.86;4.76;19.05;9.52;4.76;;;4.76;;14.29;14.29;23.81;9.52;19.05;14.29;;;11.65;21.3;25.61;18.13;19.13;4.17;;;;21.3;10.65;12.09;36.4;13.09;4.61;1.87;;;;11.11;7.41;25.93;25.93;25.93;3.7;;;;7.41;29.63;29.63;25.93;3.7;;;3.7;;;;;;;;;;;;;;;;;;;;;;;;11.11;7.41;25.93;25.93;25.93;3.7;;;;7.41;29.63;29.63;25.93;3.7;;;3.7;;;
2023;25;Paraíba;2508554;Logradouro;Total - Estadual e Municipal;Rural;185.1;205.97;230.81;226.61;;;7.88;23.08;10.32;18.2;20.26;7.69;10.13;2.44;;;2.63;12.95;7.88;28.14;15.2;12.57;15.57;;5.07;;;23.08;15.38;30.77;15.38;7.69;7.69;;;;46.15;;23.08;;23.08;7.69;;;;;;;;;;;;;;;;;;;;;;;;;;;;;;;;;;;;;;;;;;;;;;;;;;;;;;;;;;;;;;;;
2023;25;Paraíba;2508554;Logradouro;Total - Federal  Estadual e Municipal;Total;200.36;219.4;240.64;240.61;277.05;263.78;5.21;15.26;8.44;16.87;27.92;6.7;13.15;4.84;1.61;;1.74;10.17;5.21;23.45;14.89;16.38;13.52;6.45;8.19;;;13.97;20.1;26.66;17.57;16.81;4.89;;;;26.34;8.49;14.32;29.01;15.12;5.23;1.49;;;;11.11;7.41;25.93;25.93;25.93;3.7;;;;7.41;29.63;29.63;25.93;3.7;;;3.7;;;;;;;;;;;;;;;;;;;;;;;;11.11;7.41;25.93;25.93;25.93;3.7;;;;7.41;29.63;29.63;25.93;3.7;;;3.7;;;
2023;25;Paraíba;2508554;Logradouro;Total - Federal  Estadual e Municipal;Urbana;230.14;245.63;243.14;244.17;277.05;263.78;;;4.76;14.29;42.86;4.76;19.05;9.52;4.76;;;4.76;;14.29;14.29;23.81;9.52;19.05;14.29;;;11.65;21.3;25.61;18.13;19.13;4.17;;;;21.3;10.65;12.09;36.4;13.09;4.61;1.87;;;;11.11;7.41;25.93;25.93;25.93;3.7;;;;7.41;29.63;29.63;25.93;3.7;;;3.7;;;;;;;;;;;;;;;;;;;;;;;;11.11;7.41;25.93;25.93;25.93;3.7;;;;7.41;29.63;29.63;25.93;3.7;;;3.7;;;
2023;25;Paraíba;2508554;Logradouro;Total - Federal  Estadual e Municipal;Rural;185.1;205.97;230.81;226.61;;;7.88;23.08;10.32;18.2;20.26;7.69;10.13;2.44;;;2.63;12.95;7.88;28.14;15.2;12.57;15.57;;5.07;;;23.08;15.38;30.77;15.38;7.69;7.69;;;;46.15;;23.08;;23.08;7.69;;;;;;;;;;;;;;;;;;;;;;;;;;;;;;;;;;;;;;;;;;;;;;;;;;;;;;;;;;;;;;;;
2023;25;Paraíba;2508604;Lucena;Total - Federal  Estadual  Municipal e Privada;Total;178.23;189.89;228.95;226.71;232.04;236.75;10.19;22.75;19.19;17.2;13.39;10;5.33;1.44;;0.48;3.92;15.33;23.64;19.8;15.6;11.48;7.26;2.37;0.59;;;31.93;16.26;16.32;18.37;9.42;7.7;;;;29.9;21.63;21.19;13.43;8.07;3.64;1.44;;0.71;;47.82;18.68;19.81;8.21;5.48;;;;;42.84;29.15;9.34;5.48;13.2;;;;;;;21.73;20.15;23.88;11.43;17.81;2.48;1.3;1.21;;32.62;18.99;24.05;19.31;5.03;;;;;;;29.98;19.69;22.59;10.41;13.91;1.7;0.89;0.83;;35.85;22.2;19.4;14.94;7.61;;;;;;
2023;25;Paraíba;2508604;Lucena;Total - Federal  Estadual  Municipal e Privada;Urbana;180.48;191.44;229.65;227.09;232.04;236.75;9.36;20.32;20.06;17.27;15.12;10.76;5.49;1.09;;0.54;3.35;16.24;20.79;20.21;16.53;12.96;7.12;2.14;0.66;;;33.26;14.58;15.45;18.69;9.63;8.38;;;;28.44;22.58;20.46;14.41;8.01;3.54;1.72;;0.84;;47.82;18.68;19.81;8.21;5.48;;;;;42.84;29.15;9.34;5.48;13.2;;;;;;;21.73;20.15;23.88;11.43;17.81;2.48;1.3;1.21;;32.62;18.99;24.05;19.31;5.03;;;;;;;29.98;19.69;22.59;10.41;13.91;1.7;0.89;0.83;;35.85;22.2;19.4;14.94;7.61;;;;;;
2023;25;Paraíba;2508604;Lucena;Total - Federal  Estadual  Municipal e Privada;Rural;160.78;177.85;225.29;224.7;;;16.67;41.67;12.5;16.67;;4.17;4.17;4.17;;;8.33;8.33;45.83;16.67;8.33;;8.33;4.17;;;;25;25;20.83;16.67;8.33;4.17;;;;37.5;16.67;25;8.33;8.33;4.17;;;;;;;;;;;;;;;;;;;;;;;;;;;;;;;;;;;;;;;;;;;;;;;;;;;;;;;;;;;;;;;;
2023;25;Paraíba;2508604;Lucena;Estadual;Total;;;;;232.04;236.75;;;;;;;;;;;;;;;;;;;;;;;;;;;;;;;;;;;;;;;;;47.82;18.68;19.81;8.21;5.48;;;;;42.84;29.15;9.34;5.48;13.2;;;;;;;21.73;20.15;23.88;11.43;17.81;2.48;1.3;1.21;;32.62;18.99;24.05;19.31;5.03;;;;;;;29.98;19.69;22.59;10.41;13.91;1.7;0.89;0.83;;35.85;22.2;19.4;14.94;7.61;;;;;;
2023;25;Paraíba;2508604;Lucena;Estadual;Urbana;;;;;232.04;236.75;;;;;;;;;;;;;;;;;;;;;;;;;;;;;;;;;;;;;;;;;47.82;18.68;19.81;8.21;5.48;0;0;0;0;42.84;29.15;9.34;5.48;13.2;0;0;0;0;0;0;21.73;20.15;23.88;11.43;17.81;2.48;1.3;1.21;0;32.62;18.99;24.05;19.31;5.03;0;0;0;0;0;0;29.98;19.69;22.59;10.41;13.91;1.7;0.89;0.83;0;35.85;22.2;19.4;14.94;7.61;0;0;0;0;0;0
2023;25;Paraíba;2508604;Lucena;Municipal;Total;178.23;189.89;228.95;226.71;;;10.19;22.75;19.19;17.2;13.39;10;5.33;1.44;;0.48;3.92;15.33;23.64;19.8;15.6;11.48;7.26;2.37;0.59;;;31.93;16.26;16.32;18.37;9.42;7.7;;;;29.9;21.63;21.19;13.43;8.07;3.64;1.44;;0.71;;;;;;;;;;;;;;;;;;;;;;;;;;;;;;;;;;;;;;;;;;;;;;;;;;;;;;;;;;;;;
2023;25;Paraíba;2508604;Lucena;Municipal;Urbana;180.48;191.44;229.65;227.09;;;9.36;20.32;20.06;17.27;15.12;10.76;5.49;1.09;0;0.54;3.35;16.24;20.79;20.21;16.53;12.96;7.12;2.14;0.66;0;0;33.26;14.58;15.45;18.69;9.63;8.38;0;0;0;28.44;22.58;20.46;14.41;8.01;3.54;1.72;0;0.84;0;;;;;;;;;;;;;;;;;;;;;;;;;;;;;;;;;;;;;;;;;;;;;;;;;;;;;;;;;;;;
2023;25;Paraíba;2508604;Lucena;Municipal;Rural;160.78;177.85;225.29;224.7;;;16.67;41.67;12.5;16.67;0;4.17;4.17;4.17;0;0;8.33;8.33;45.83;16.67;8.33;0;8.33;4.17;0;0;0;25;25;20.83;16.67;8.33;4.17;0;0;0;37.5;16.67;25;8.33;8.33;4.17;0;0;0;0;;;;;;;;;;;;;;;;;;;;;;;;;;;;;;;;;;;;;;;;;;;;;;;;;;;;;;;;;;;;
2023;25;Paraíba;2508604;Lucena;Total - Estadual e Municipal;Total;178.23;189.89;228.95;226.71;232.04;236.75;10.19;22.75;19.19;17.2;13.39;10;5.33;1.44;;0.48;3.92;15.33;23.64;19.8;15.6;11.48;7.26;2.37;0.59;;;31.93;16.26;16.32;18.37;9.42;7.7;;;;29.9;21.63;21.19;13.43;8.07;3.64;1.44;;0.71;;47.82;18.68;19.81;8.21;5.48;;;;;42.84;29.15;9.34;5.48;13.2;;;;;;;21.73;20.15;23.88;11.43;17.81;2.48;1.3;1.21;;32.62;18.99;24.05;19.31;5.03;;;;;;;29.98;19.69;22.59;10.41;13.91;1.7;0.89;0.83;;35.85;22.2;19.4;14.94;7.61;;;;;;
2023;25;Paraíba;2508604;Lucena;Total - Estadual e Municipal;Urbana;180.48;191.44;229.65;227.09;232.04;236.75;9.36;20.32;20.06;17.27;15.12;10.76;5.49;1.09;;0.54;3.35;16.24;20.79;20.21;16.53;12.96;7.12;2.14;0.66;;;33.26;14.58;15.45;18.69;9.63;8.38;;;;28.44;22.58;20.46;14.41;8.01;3.54;1.72;;0.84;;47.82;18.68;19.81;8.21;5.48;;;;;42.84;29.15;9.34;5.48;13.2;;;;;;;21.73;20.15;23.88;11.43;17.81;2.48;1.3;1.21;;32.62;18.99;24.05;19.31;5.03;;;;;;;29.98;19.69;22.59;10.41;13.91;1.7;0.89;0.83;;35.85;22.2;19.4;14.94;7.61;;;;;;
2023;25;Paraíba;2508604;Lucena;Total - Estadual e Municipal;Rural;160.78;177.85;225.29;224.7;;;16.67;41.67;12.5;16.67;;4.17;4.17;4.17;;;8.33;8.33;45.83;16.67;8.33;;8.33;4.17;;;;25;25;20.83;16.67;8.33;4.17;;;;37.5;16.67;25;8.33;8.33;4.17;;;;;;;;;;;;;;;;;;;;;;;;;;;;;;;;;;;;;;;;;;;;;;;;;;;;;;;;;;;;;;;;
2023;25;Paraíba;2508604;Lucena;Total - Federal  Estadual e Municipal;Total;178.23;189.89;228.95;226.71;232.04;236.75;10.19;22.75;19.19;17.2;13.39;10;5.33;1.44;;0.48;3.92;15.33;23.64;19.8;15.6;11.48;7.26;2.37;0.59;;;31.93;16.26;16.32;18.37;9.42;7.7;;;;29.9;21.63;21.19;13.43;8.07;3.64;1.44;;0.71;;47.82;18.68;19.81;8.21;5.48;;;;;42.84;29.15;9.34;5.48;13.2;;;;;;;21.73;20.15;23.88;11.43;17.81;2.48;1.3;1.21;;32.62;18.99;24.05;19.31;5.03;;;;;;;29.98;19.69;22.59;10.41;13.91;1.7;0.89;0.83;;35.85;22.2;19.4;14.94;7.61;;;;;;
2023;25;Paraíba;2508604;Lucena;Total - Federal  Estadual e Municipal;Urbana;180.48;191.44;229.65;227.09;232.04;236.75;9.36;20.32;20.06;17.27;15.12;10.76;5.49;1.09;;0.54;3.35;16.24;20.79;20.21;16.53;12.96;7.12;2.14;0.66;;;33.26;14.58;15.45;18.69;9.63;8.38;;;;28.44;22.58;20.46;14.41;8.01;3.54;1.72;;0.84;;47.82;18.68;19.81;8.21;5.48;;;;;42.84;29.15;9.34;5.48;13.2;;;;;;;21.73;20.15;23.88;11.43;17.81;2.48;1.3;1.21;;32.62;18.99;24.05;19.31;5.03;;;;;;;29.98;19.69;22.59;10.41;13.91;1.7;0.89;0.83;;35.85;22.2;19.4;14.94;7.61;;;;;;
2023;25;Paraíba;2508604;Lucena;Total - Federal  Estadual e Municipal;Rural;160.78;177.85;225.29;224.7;;;16.67;41.67;12.5;16.67;;4.17;4.17;4.17;;;8.33;8.33;45.83;16.67;8.33;;8.33;4.17;;;;25;25;20.83;16.67;8.33;4.17;;;;37.5;16.67;25;8.33;8.33;4.17;;;;;;;;;;;;;;;;;;;;;;;;;;;;;;;;;;;;;;;;;;;;;;;;;;;;;;;;;;;;;;;;
2023;25;Paraíba;2508703;Mãe d'Água;Total - Federal  Estadual  Municipal e Privada;Total;188.16;218.18;249.91;259.33;267.66;284.13;13.04;13.04;17.39;21.74;4.35;13.04;8.7;8.7;;;;13.04;13.04;17.39;17.39;8.7;4.35;13.04;13.04;;;22.55;11.87;22.55;12.75;10.24;10.24;6.54;3.27;;6.97;17.21;16.99;19.5;19.28;14.92;1.63;3.49;;;17.39;21.74;17.39;13.04;21.74;4.35;4.35;;;8.7;17.39;13.04;21.74;26.09;4.35;8.7;;;;;;;;;;;;;;;;;;;;;;;;;17.39;21.74;17.39;13.04;21.74;4.35;4.35;;;8.7;17.39;13.04;21.74;26.09;4.35;8.7;;;;
2023;25;Paraíba;2508703;Mãe d'Água;Total - Federal  Estadual  Municipal e Privada;Urbana;188.16;218.18;249.91;259.33;267.66;284.13;13.04;13.04;17.39;21.74;4.35;13.04;8.7;8.7;;;;13.04;13.04;17.39;17.39;8.7;4.35;13.04;13.04;;;22.55;11.87;22.55;12.75;10.24;10.24;6.54;3.27;;6.97;17.21;16.99;19.5;19.28;14.92;1.63;3.49;;;17.39;21.74;17.39;13.04;21.74;4.35;4.35;;;8.7;17.39;13.04;21.74;26.09;4.35;8.7;;;;;;;;;;;;;;;;;;;;;;;;;17.39;21.74;17.39;13.04;21.74;4.35;4.35;;;8.7;17.39;13.04;21.74;26.09;4.35;8.7;;;;
2023;25;Paraíba;2508703;Mãe d'Água;Estadual;Total;;;;;267.66;284.13;;;;;;;;;;;;;;;;;;;;;;;;;;;;;;;;;;;;;;;;;17.39;21.74;17.39;13.04;21.74;4.35;4.35;;;8.7;17.39;13.04;21.74;26.09;4.35;8.7;;;;;;;;;;;;;;;;;;;;;;;;;17.39;21.74;17.39;13.04;21.74;4.35;4.35;;;8.7;17.39;13.04;21.74;26.09;4.35;8.7;;;;
2023;25;Paraíba;2508703;Mãe d'Água;Estadual;Urbana;;;;;267.66;284.13;;;;;;;;;;;;;;;;;;;;;;;;;;;;;;;;;;;;;;;;;17.39;21.74;17.39;13.04;21.74;4.35;4.35;0;0;8.7;17.39;13.04;21.74;26.09;4.35;8.7;0;0;0;0;;;;;;;;;;;;;;;;;;;;;17.39;21.74;17.39;13.04;21.74;4.35;4.35;0;0;8.7;17.39;13.04;21.74;26.09;4.35;8.7;0;0;0;0
2023;25;Paraíba;2508703;Mãe d'Água;Municipal;Total;188.16;218.18;249.91;259.33;;;13.04;13.04;17.39;21.74;4.35;13.04;8.7;8.7;;;;13.04;13.04;17.39;17.39;8.7;4.35;13.04;13.04;;;22.55;11.87;22.55;12.75;10.24;10.24;6.54;3.27;;6.97;17.21;16.99;19.5;19.28;14.92;1.63;3.49;;;;;;;;;;;;;;;;;;;;;;;;;;;;;;;;;;;;;;;;;;;;;;;;;;;;;;;;;;;;;;
2023;25;Paraíba;2508703;Mãe d'Água;Municipal;Urbana;188.16;218.18;249.91;259.33;;;13.04;13.04;17.39;21.74;4.35;13.04;8.7;8.7;0;0;0;13.04;13.04;17.39;17.39;8.7;4.35;13.04;13.04;0;0;22.55;11.87;22.55;12.75;10.24;10.24;6.54;3.27;0;6.97;17.21;16.99;19.5;19.28;14.92;1.63;3.49;0;0;;;;;;;;;;;;;;;;;;;;;;;;;;;;;;;;;;;;;;;;;;;;;;;;;;;;;;;;;;;;
2023;25;Paraíba;2508703;Mãe d'Água;Total - Estadual e Municipal;Total;188.16;218.18;249.91;259.33;267.66;284.13;13.04;13.04;17.39;21.74;4.35;13.04;8.7;8.7;;;;13.04;13.04;17.39;17.39;8.7;4.35;13.04;13.04;;;22.55;11.87;22.55;12.75;10.24;10.24;6.54;3.27;;6.97;17.21;16.99;19.5;19.28;14.92;1.63;3.49;;;17.39;21.74;17.39;13.04;21.74;4.35;4.35;;;8.7;17.39;13.04;21.74;26.09;4.35;8.7;;;;;;;;;;;;;;;;;;;;;;;;;17.39;21.74;17.39;13.04;21.74;4.35;4.35;;;8.7;17.39;13.04;21.74;26.09;4.35;8.7;;;;
2023;25;Paraíba;2508703;Mãe d'Água;Total - Estadual e Municipal;Urbana;188.16;218.18;249.91;259.33;267.66;284.13;13.04;13.04;17.39;21.74;4.35;13.04;8.7;8.7;;;;13.04;13.04;17.39;17.39;8.7;4.35;13.04;13.04;;;22.55;11.87;22.55;12.75;10.24;10.24;6.54;3.27;;6.97;17.21;16.99;19.5;19.28;14.92;1.63;3.49;;;17.39;21.74;17.39;13.04;21.74;4.35;4.35;;;8.7;17.39;13.04;21.74;26.09;4.35;8.7;;;;;;;;;;;;;;;;;;;;;;;;;17.39;21.74;17.39;13.04;21.74;4.35;4.35;;;8.7;17.39;13.04;21.74;26.09;4.35;8.7;;;;
2023;25;Paraíba;2508703;Mãe d'Água;Total - Federal  Estadual e Municipal;Total;188.16;218.18;249.91;259.33;267.66;284.13;13.04;13.04;17.39;21.74;4.35;13.04;8.7;8.7;;;;13.04;13.04;17.39;17.39;8.7;4.35;13.04;13.04;;;22.55;11.87;22.55;12.75;10.24;10.24;6.54;3.27;;6.97;17.21;16.99;19.5;19.28;14.92;1.63;3.49;;;17.39;21.74;17.39;13.04;21.74;4.35;4.35;;;8.7;17.39;13.04;21.74;26.09;4.35;8.7;;;;;;;;;;;;;;;;;;;;;;;;;17.39;21.74;17.39;13.04;21.74;4.35;4.35;;;8.7;17.39;13.04;21.74;26.09;4.35;8.7;;;;
2023;25;Paraíba;2508703;Mãe d'Água;Total - Federal  Estadual e Municipal;Urbana;188.16;218.18;249.91;259.33;267.66;284.13;13.04;13.04;17.39;21.74;4.35;13.04;8.7;8.7;;;;13.04;13.04;17.39;17.39;8.7;4.35;13.04;13.04;;;22.55;11.87;22.55;12.75;10.24;10.24;6.54;3.27;;6.97;17.21;16.99;19.5;19.28;14.92;1.63;3.49;;;17.39;21.74;17.39;13.04;21.74;4.35;4.35;;;8.7;17.39;13.04;21.74;26.09;4.35;8.7;;;;;;;;;;;;;;;;;;;;;;;;;17.39;21.74;17.39;13.04;21.74;4.35;4.35;;;8.7;17.39;13.04;21.74;26.09;4.35;8.7;;;;
2023;25;Paraíba;2508802;Malta;Total - Federal  Estadual  Municipal e Privada;Total;204.31;215.16;234.81;242.05;258.97;266.78;9.55;12.42;11.06;10.91;19.24;10.61;16.82;6.21;3.18;;1.52;4.7;15.76;17.27;21.97;9.39;21.82;6.06;;1.52;;33.42;15.61;10.61;15.7;8.95;7.28;4.21;4.21;;20.35;19.56;21.75;11.75;13.68;5.88;7.02;;;;28.7;18.37;15.87;13.7;11.52;7.5;2.17;2.17;;14.35;37.72;11.2;8.7;20.87;;2.5;;4.67;;;;;;;;;;;;;;;;;;;;;;;28.7;18.37;15.87;13.7;11.52;7.5;2.17;2.17;;14.35;37.72;11.2;8.7;20.87;;2.5;;4.67;;
2023;25;Paraíba;2508802;Malta;Total - Federal  Estadual  Municipal e Privada;Urbana;204.31;215.16;234.81;242.05;258.97;266.78;9.55;12.42;11.06;10.91;19.24;10.61;16.82;6.21;3.18;;1.52;4.7;15.76;17.27;21.97;9.39;21.82;6.06;;1.52;;33.42;15.61;10.61;15.7;8.95;7.28;4.21;4.21;;20.35;19.56;21.75;11.75;13.68;5.88;7.02;;;;28.7;18.37;15.87;13.7;11.52;7.5;2.17;2.17;;14.35;37.72;11.2;8.7;20.87;;2.5;;4.67;;;;;;;;;;;;;;;;;;;;;;;28.7;18.37;15.87;13.7;11.52;7.5;2.17;2.17;;14.35;37.72;11.2;8.7;20.87;;2.5;;4.67;;
2023;25;Paraíba;2508802;Malta;Estadual;Total;;;;;258.97;266.78;;;;;;;;;;;;;;;;;;;;;;;;;;;;;;;;;;;;;;;;;28.7;18.37;15.87;13.7;11.52;7.5;2.17;2.17;;14.35;37.72;11.2;8.7;20.87;;2.5;;4.67;;;;;;;;;;;;;;;;;;;;;;;28.7;18.37;15.87;13.7;11.52;7.5;2.17;2.17;;14.35;37.72;11.2;8.7;20.87;;2.5;;4.67;;
2023;25;Paraíba;2508802;Malta;Estadual;Urbana;;;;;258.97;266.78;;;;;;;;;;;;;;;;;;;;;;;;;;;;;;;;;;;;;;;;;28.7;18.37;15.87;13.7;11.52;7.5;2.17;2.17;0;14.35;37.72;11.2;8.7;20.87;0;2.5;0;4.67;0;0;;;;;;;;;;;;;;;;;;;;;28.7;18.37;15.87;13.7;11.52;7.5;2.17;2.17;0;14.35;37.72;11.2;8.7;20.87;0;2.5;0;4.67;0;0
2023;25;Paraíba;2508802;Malta;Municipal;Total;204.31;215.16;234.81;242.05;;;9.55;12.42;11.06;10.91;19.24;10.61;16.82;6.21;3.18;;1.52;4.7;15.76;17.27;21.97;9.39;21.82;6.06;;1.52;;33.42;15.61;10.61;15.7;8.95;7.28;4.21;4.21;;20.35;19.56;21.75;11.75;13.68;5.88;7.02;;;;;;;;;;;;;;;;;;;;;;;;;;;;;;;;;;;;;;;;;;;;;;;;;;;;;;;;;;;;;;;
2023;25;Paraíba;2508802;Malta;Municipal;Urbana;204.31;215.16;234.81;242.05;;;9.55;12.42;11.06;10.91;19.24;10.61;16.82;6.21;3.18;0;1.52;4.7;15.76;17.27;21.97;9.39;21.82;6.06;0;1.52;0;33.42;15.61;10.61;15.7;8.95;7.28;4.21;4.21;0;20.35;19.56;21.75;11.75;13.68;5.88;7.02;0;0;0;;;;;;;;;;;;;;;;;;;;;;;;;;;;;;;;;;;;;;;;;;;;;;;;;;;;;;;;;;;;
2023;25;Paraíba;2508802;Malta;Total - Estadual e Municipal;Total;204.31;215.16;234.81;242.05;258.97;266.78;9.55;12.42;11.06;10.91;19.24;10.61;16.82;6.21;3.18;;1.52;4.7;15.76;17.27;21.97;9.39;21.82;6.06;;1.52;;33.42;15.61;10.61;15.7;8.95;7.28;4.21;4.21;;20.35;19.56;21.75;11.75;13.68;5.88;7.02;;;;28.7;18.37;15.87;13.7;11.52;7.5;2.17;2.17;;14.35;37.72;11.2;8.7;20.87;;2.5;;4.67;;;;;;;;;;;;;;;;;;;;;;;28.7;18.37;15.87;13.7;11.52;7.5;2.17;2.17;;14.35;37.72;11.2;8.7;20.87;;2.5;;4.67;;
2023;25;Paraíba;2508802;Malta;Total - Estadual e Municipal;Urbana;204.31;215.16;234.81;242.05;258.97;266.78;9.55;12.42;11.06;10.91;19.24;10.61;16.82;6.21;3.18;;1.52;4.7;15.76;17.27;21.97;9.39;21.82;6.06;;1.52;;33.42;15.61;10.61;15.7;8.95;7.28;4.21;4.21;;20.35;19.56;21.75;11.75;13.68;5.88;7.02;;;;28.7;18.37;15.87;13.7;11.52;7.5;2.17;2.17;;14.35;37.72;11.2;8.7;20.87;;2.5;;4.67;;;;;;;;;;;;;;;;;;;;;;;28.7;18.37;15.87;13.7;11.52;7.5;2.17;2.17;;14.35;37.72;11.2;8.7;20.87;;2.5;;4.67;;
2023;25;Paraíba;2508802;Malta;Total - Federal  Estadual e Municipal;Total;204.31;215.16;234.81;242.05;258.97;266.78;9.55;12.42;11.06;10.91;19.24;10.61;16.82;6.21;3.18;;1.52;4.7;15.76;17.27;21.97;9.39;21.82;6.06;;1.52;;33.42;15.61;10.61;15.7;8.95;7.28;4.21;4.21;;20.35;19.56;21.75;11.75;13.68;5.88;7.02;;;;28.7;18.37;15.87;13.7;11.52;7.5;2.17;2.17;;14.35;37.72;11.2;8.7;20.87;;2.5;;4.67;;;;;;;;;;;;;;;;;;;;;;;28.7;18.37;15.87;13.7;11.52;7.5;2.17;2.17;;14.35;37.72;11.2;8.7;20.87;;2.5;;4.67;;
2023;25;Paraíba;2508802;Malta;Total - Federal  Estadual e Municipal;Urbana;204.31;215.16;234.81;242.05;258.97;266.78;9.55;12.42;11.06;10.91;19.24;10.61;16.82;6.21;3.18;;1.52;4.7;15.76;17.27;21.97;9.39;21.82;6.06;;1.52;;33.42;15.61;10.61;15.7;8.95;7.28;4.21;4.21;;20.35;19.56;21.75;11.75;13.68;5.88;7.02;;;;28.7;18.37;15.87;13.7;11.52;7.5;2.17;2.17;;14.35;37.72;11.2;8.7;20.87;;2.5;;4.67;;;;;;;;;;;;;;;;;;;;;;;28.7;18.37;15.87;13.7;11.52;7.5;2.17;2.17;;14.35;37.72;11.2;8.7;20.87;;2.5;;4.67;;
2023;25;Paraíba;2508901;Mamanguape;Total - Federal  Estadual  Municipal e Privada;Total;211.63;226.12;241.87;236.88;255.11;250.47;4.3;7.12;14.07;15.29;21.11;14.51;11.21;8.01;2.95;1.43;1.36;6.2;9.45;13.37;22.43;16.31;12.05;10.54;4.8;2.55;0.93;21.52;17.18;18.35;17.91;11.25;9.69;2.47;1.23;0.41;21.74;18.62;22.99;17.83;8.29;7.35;2.14;0.63;0.4;;29.46;18.98;16.75;16.35;10.71;5.49;0.68;1.59;;29.96;21.66;23.2;15.71;5.55;3.24;;0.68;;;;;;;;;;;;;;;;;;;;;;;;29.46;18.98;16.75;16.35;10.71;5.49;0.68;1.59;;29.96;21.66;23.2;15.71;5.55;3.24;;0.68;;;
2023;25;Paraíba;2508901;Mamanguape;Total - Federal  Estadual  Municipal e Privada;Urbana;214.43;226.9;245.39;240.73;255.11;250.47;3.48;6.91;14.33;13.22;21.36;15.06;11.78;9.98;2.42;1.46;1.02;4.94;7.37;14.13;25.45;16.56;13.15;11.04;3.85;2.1;0.38;18.57;15.84;18.87;20.17;12.48;10.08;2.76;0.98;0.24;18.31;18.17;23.76;20.29;8.37;7.46;2.36;0.77;0.49;;29.46;18.98;16.75;16.35;10.71;5.49;0.68;1.59;;29.96;21.66;23.2;15.71;5.55;3.24;;0.68;;;;;;;;;;;;;;;;;;;;;;;;29.46;18.98;16.75;16.35;10.71;5.49;0.68;1.59;;29.96;21.66;23.2;15.71;5.55;3.24;;0.68;;;
2023;25;Paraíba;2508901;Mamanguape;Total - Federal  Estadual  Municipal e Privada;Rural;206;224.55;226.28;219.8;;;5.97;7.55;13.53;19.44;20.61;13.4;10.06;4.04;4.02;1.38;2.04;8.74;13.63;11.84;16.34;15.82;9.84;9.54;6.71;3.44;2.05;34.6;23.12;16.04;7.88;5.81;7.96;1.15;2.29;1.15;36.95;20.63;19.59;6.91;7.92;6.85;1.15;;;;;;;;;;;;;;;;;;;;;;;;;;;;;;;;;;;;;;;;;;;;;;;;;;;;;;;;;;;;;;;
2023;25;Paraíba;2508901;Mamanguape;Estadual;Total;162.24;173.13;230.14;224.04;255.11;250.47;16.67;16.67;25;25;16.67;;;;;;8.33;25;25;;41.67;;;;;;;27.14;20.34;22.78;14.1;6.75;7.88;0.56;0.45;;31.53;17.99;25.97;13.57;4.92;3.99;2.04;;;;29.46;18.98;16.75;16.35;10.71;5.49;0.68;1.59;;29.96;21.66;23.2;15.71;5.55;3.24;;0.68;;;;;;;;;;;;;;;;;;;;;;;;29.46;18.98;16.75;16.35;10.71;5.49;0.68;1.59;;29.96;21.66;23.2;15.71;5.55;3.24;;0.68;;;
2023;25;Paraíba;2508901;Mamanguape;Estadual;Urbana;;;233.34;228.42;255.11;250.47;;;;;;;;;;;;;;;;;;;;;;24.9;17.17;24.63;16.24;8.26;8.01;0.79;0;0;27.23;17.18;28.45;16.67;4.47;3.75;2.25;0;0;0;29.46;18.98;16.75;16.35;10.71;5.49;0.68;1.59;0;29.96;21.66;23.2;15.71;5.55;3.24;0;0.68;0;0;0;;;;;;;;;;;;;;;;;;;;;29.46;18.98;16.75;16.35;10.71;5.49;0.68;1.59;0;29.96;21.66;23.2;15.71;5.55;3.24;0;0.68;0;0;0
2023;25;Paraíba;2508901;Mamanguape;Estadual;Rural;162.24;173.13;222.51;213.62;;;16.67;16.67;25;25;16.67;0;0;0;0;0;8.33;25;25;0;41.67;0;0;0;0;0;0;32.46;27.87;18.39;9.01;3.16;7.57;0;1.53;0;41.75;19.93;20.06;6.18;5.99;4.55;1.53;0;0;0;;;;;;;;;;;;;;;;;;;;;;;;;;;;;;;;;;;;;;;;;;;;;;;;;;;;;;;;;;;;
2023;25;Paraíba;2508901;Mamanguape;Municipal;Total;213.21;227.81;252.08;248.04;;;3.91;6.81;13.72;14.98;21.25;14.97;11.57;8.26;3.05;1.48;1.14;5.6;8.95;13.8;21.82;16.83;12.44;10.88;4.95;2.63;0.96;16.64;14.44;14.49;21.22;15.17;11.26;4.13;1.9;0.76;13.23;19.17;20.41;21.54;11.22;10.27;2.23;1.18;0.75;;;;;;;;;;;;;;;;;;;;;;;;;;;;;;;;;;;;;;;;;;;;;;;;;;;;;;;;;;;;;
2023;25;Paraíba;2508901;Mamanguape;Municipal;Urbana;214.43;226.9;253.48;248.99;;;3.48;6.91;14.33;13.22;21.36;15.06;11.78;9.98;2.42;1.46;1.02;4.94;7.37;14.13;25.45;16.56;13.15;11.04;3.85;2.1;0.38;14.33;14.95;15.01;22.8;15.32;11.47;4.09;1.65;0.4;12.33;18.83;20.62;22.72;10.99;9.95;2.44;1.29;0.82;0;;;;;;;;;;;;;;;;;;;;;;;;;;;;;;;;;;;;;;;;;;;;;;;;;;;;;;;;;;;;
2023;25;Paraíba;2508901;Mamanguape;Municipal;Rural;210.5;229.84;237.43;238.09;;;4.87;6.61;12.35;18.86;21.01;14.78;11.1;4.46;4.43;1.53;1.4;7.07;12.46;13.06;13.73;17.45;10.85;10.53;7.4;3.8;2.26;40.91;9.09;9.09;4.55;13.64;9.09;4.55;4.55;4.55;22.73;22.73;18.18;9.09;13.64;13.64;0;0;0;0;;;;;;;;;;;;;;;;;;;;;;;;;;;;;;;;;;;;;;;;;;;;;;;;;;;;;;;;;;;;
2023;25;Paraíba;2508901;Mamanguape;Total - Estadual e Municipal;Total;211.63;226.12;241.87;236.88;255.11;250.47;4.3;7.12;14.07;15.29;21.11;14.51;11.21;8.01;2.95;1.43;1.36;6.2;9.45;13.37;22.43;16.31;12.05;10.54;4.8;2.55;0.93;21.52;17.18;18.35;17.91;11.25;9.69;2.47;1.23;0.41;21.74;18.62;22.99;17.83;8.29;7.35;2.14;0.63;0.4;;29.46;18.98;16.75;16.35;10.71;5.49;0.68;1.59;;29.96;21.66;23.2;15.71;5.55;3.24;;0.68;;;;;;;;;;;;;;;;;;;;;;;;29.46;18.98;16.75;16.35;10.71;5.49;0.68;1.59;;29.96;21.66;23.2;15.71;5.55;3.24;;0.68;;;
2023;25;Paraíba;2508901;Mamanguape;Total - Estadual e Municipal;Urbana;214.43;226.9;245.39;240.73;255.11;250.47;3.48;6.91;14.33;13.22;21.36;15.06;11.78;9.98;2.42;1.46;1.02;4.94;7.37;14.13;25.45;16.56;13.15;11.04;3.85;2.1;0.38;18.57;15.84;18.87;20.17;12.48;10.08;2.76;0.98;0.24;18.31;18.17;23.76;20.29;8.37;7.46;2.36;0.77;0.49;;29.46;18.98;16.75;16.35;10.71;5.49;0.68;1.59;;29.96;21.66;23.2;15.71;5.55;3.24;;0.68;;;;;;;;;;;;;;;;;;;;;;;;29.46;18.98;16.75;16.35;10.71;5.49;0.68;1.59;;29.96;21.66;23.2;15.71;5.55;3.24;;0.68;;;
2023;25;Paraíba;2508901;Mamanguape;Total - Estadual e Municipal;Rural;206;224.55;226.28;219.8;;;5.97;7.55;13.53;19.44;20.61;13.4;10.06;4.04;4.02;1.38;2.04;8.74;13.63;11.84;16.34;15.82;9.84;9.54;6.71;3.44;2.05;34.6;23.12;16.04;7.88;5.81;7.96;1.15;2.29;1.15;36.95;20.63;19.59;6.91;7.92;6.85;1.15;;;;;;;;;;;;;;;;;;;;;;;;;;;;;;;;;;;;;;;;;;;;;;;;;;;;;;;;;;;;;;;
2023;25;Paraíba;2508901;Mamanguape;Total - Federal  Estadual e Municipal;Total;211.63;226.12;241.87;236.88;255.11;250.47;4.3;7.12;14.07;15.29;21.11;14.51;11.21;8.01;2.95;1.43;1.36;6.2;9.45;13.37;22.43;16.31;12.05;10.54;4.8;2.55;0.93;21.52;17.18;18.35;17.91;11.25;9.69;2.47;1.23;0.41;21.74;18.62;22.99;17.83;8.29;7.35;2.14;0.63;0.4;;29.46;18.98;16.75;16.35;10.71;5.49;0.68;1.59;;29.96;21.66;23.2;15.71;5.55;3.24;;0.68;;;;;;;;;;;;;;;;;;;;;;;;29.46;18.98;16.75;16.35;10.71;5.49;0.68;1.59;;29.96;21.66;23.2;15.71;5.55;3.24;;0.68;;;
2023;25;Paraíba;2508901;Mamanguape;Total - Federal  Estadual e Municipal;Urbana;214.43;226.9;245.39;240.73;255.11;250.47;3.48;6.91;14.33;13.22;21.36;15.06;11.78;9.98;2.42;1.46;1.02;4.94;7.37;14.13;25.45;16.56;13.15;11.04;3.85;2.1;0.38;18.57;15.84;18.87;20.17;12.48;10.08;2.76;0.98;0.24;18.31;18.17;23.76;20.29;8.37;7.46;2.36;0.77;0.49;;29.46;18.98;16.75;16.35;10.71;5.49;0.68;1.59;;29.96;21.66;23.2;15.71;5.55;3.24;;0.68;;;;;;;;;;;;;;;;;;;;;;;;29.46;18.98;16.75;16.35;10.71;5.49;0.68;1.59;;29.96;21.66;23.2;15.71;5.55;3.24;;0.68;;;
2023;25;Paraíba;2508901;Mamanguape;Total - Federal  Estadual e Municipal;Rural;206;224.55;226.28;219.8;;;5.97;7.55;13.53;19.44;20.61;13.4;10.06;4.04;4.02;1.38;2.04;8.74;13.63;11.84;16.34;15.82;9.84;9.54;6.71;3.44;2.05;34.6;23.12;16.04;7.88;5.81;7.96;1.15;2.29;1.15;36.95;20.63;19.59;6.91;7.92;6.85;1.15;;;;;;;;;;;;;;;;;;;;;;;;;;;;;;;;;;;;;;;;;;;;;;;;;;;;;;;;;;;;;;;
2023;25;Paraíba;2509008;Manaíra;Total - Federal  Estadual  Municipal e Privada;Total;197;213.35;246.71;255.29;263.29;273.29;9.55;13.64;17.45;12.71;17.79;11.94;7.17;5.44;3.45;0.86;4.77;10.07;14.85;11.21;12.93;16.31;15.81;10.62;2.57;0.86;;19.34;17.89;15.39;18.15;12.56;8.67;6.03;1.96;;14.71;14.76;15.93;13.36;23.31;13.33;2.63;1.96;;;21.63;18.36;19.75;13.81;17.24;5.73;3.48;;;13.71;13.81;25.21;23.07;11.62;8.03;3.43;1.12;;;;;;;;;;;;;;;;;;;;;;;;21.63;18.36;19.75;13.81;17.24;5.73;3.48;;;13.71;13.81;25.21;23.07;11.62;8.03;3.43;1.12;;;
2023;25;Paraíba;2509008;Manaíra;Total - Federal  Estadual  Municipal e Privada;Urbana;197;213.35;245.49;254.29;263.29;273.29;9.55;13.64;17.45;12.71;17.79;11.94;7.17;5.44;3.45;0.86;4.77;10.07;14.85;11.21;12.93;16.31;15.81;10.62;2.57;0.86;;19.84;17.55;16.2;17.83;12.39;8.82;5.92;1.45;;14.05;15.51;17.5;12.56;23.5;13.24;2.19;1.45;;;21.63;18.36;19.75;13.81;17.24;5.73;3.48;;;13.71;13.81;25.21;23.07;11.62;8.03;3.43;1.12;;;;;;;;;;;;;;;;;;;;;;;;21.63;18.36;19.75;13.81;17.24;5.73;3.48;;;13.71;13.81;25.21;23.07;11.62;8.03;3.43;1.12;;;
2023;25;Paraíba;2509008;Manaíra;Total - Federal  Estadual  Municipal e Privada;Rural;;;259.12;265.45;;;;;;;;;;;;;;;;;;;;;;;;14.29;21.43;7.14;21.43;14.29;7.14;7.14;7.14;;21.43;7.14;;21.43;21.43;14.29;7.14;7.14;;;;;;;;;;;;;;;;;;;;;;;;;;;;;;;;;;;;;;;;;;;;;;;;;;;;;;;;;;;;;;
2023;25;Paraíba;2509008;Manaíra;Estadual;Total;184.4;195.89;;;263.29;273.29;9.93;22.9;19.02;11.45;13.8;11.62;3.7;5.72;1.85;;7.91;13.64;17.17;11.62;15.49;17.17;11.45;5.56;;;;;;;;;;;;;;;;;;;;;;;21.63;18.36;19.75;13.81;17.24;5.73;3.48;;;13.71;13.81;25.21;23.07;11.62;8.03;3.43;1.12;;;;;;;;;;;;;;;;;;;;;;;;21.63;18.36;19.75;13.81;17.24;5.73;3.48;;;13.71;13.81;25.21;23.07;11.62;8.03;3.43;1.12;;;
2023;25;Paraíba;2509008;Manaíra;Estadual;Urbana;184.4;195.89;;;263.29;273.29;9.93;22.9;19.02;11.45;13.8;11.62;3.7;5.72;1.85;0;7.91;13.64;17.17;11.62;15.49;17.17;11.45;5.56;0;0;0;;;;;;;;;;;;;;;;;;;;21.63;18.36;19.75;13.81;17.24;5.73;3.48;0;0;13.71;13.81;25.21;23.07;11.62;8.03;3.43;1.12;0;0;0;;;;;;;;;;;;;;;;;;;;;21.63;18.36;19.75;13.81;17.24;5.73;3.48;0;0;13.71;13.81;25.21;23.07;11.62;8.03;3.43;1.12;0;0;0
2023;25;Paraíba;2509008;Manaíra;Municipal;Total;208.53;229.32;245.54;256.05;;;9.2;5.17;16.01;13.87;21.43;12.23;10.34;5.17;4.92;1.64;1.89;6.81;12.73;10.84;10.59;15.51;19.79;15.26;4.92;1.64;;19.91;19.12;15.68;15.59;13.43;8.5;5.68;2.1;;14.96;13.49;17.02;11.99;23.39;14.24;2.81;2.1;;;;;;;;;;;;;;;;;;;;;;;;;;;;;;;;;;;;;;;;;;;;;;;;;;;;;;;;;;;;;;
2023;25;Paraíba;2509008;Manaíra;Municipal;Urbana;208.53;229.32;244.1;255.06;;;9.2;5.17;16.01;13.87;21.43;12.23;10.34;5.17;4.92;1.64;1.89;6.81;12.73;10.84;10.59;15.51;19.79;15.26;4.92;1.64;0;20.51;18.88;16.58;14.97;13.33;8.65;5.53;1.56;0;14.28;14.16;18.83;10.99;23.6;14.24;2.35;1.56;0;0;;;;;;;;;;;;;;;;;;;;;;;;;;;;;;;;;;;;;;;;;;;;;;;;;;;;;;;;;;;;
2023;25;Paraíba;2509008;Manaíra;Municipal;Rural;;;259.12;265.45;;;;;;;;;;;;;;;;;;;;;;;;14.29;21.43;7.14;21.43;14.29;7.14;7.14;7.14;0;21.43;7.14;0;21.43;21.43;14.29;7.14;7.14;0;0;;;;;;;;;;;;;;;;;;;;;;;;;;;;;;;;;;;;;;;;;;;;;;;;;;;;;;;;;;;;
2023;25;Paraíba;2509008;Manaíra;Total - Estadual e Municipal;Total;197;213.35;246.71;255.29;263.29;273.29;9.55;13.64;17.45;12.71;17.79;11.94;7.17;5.44;3.45;0.86;4.77;10.07;14.85;11.21;12.93;16.31;15.81;10.62;2.57;0.86;;19.34;17.89;15.39;18.15;12.56;8.67;6.03;1.96;;14.71;14.76;15.93;13.36;23.31;13.33;2.63;1.96;;;21.63;18.36;19.75;13.81;17.24;5.73;3.48;;;13.71;13.81;25.21;23.07;11.62;8.03;3.43;1.12;;;;;;;;;;;;;;;;;;;;;;;;21.63;18.36;19.75;13.81;17.24;5.73;3.48;;;13.71;13.81;25.21;23.07;11.62;8.03;3.43;1.12;;;
2023;25;Paraíba;2509008;Manaíra;Total - Estadual e Municipal;Urbana;197;213.35;245.49;254.29;263.29;273.29;9.55;13.64;17.45;12.71;17.79;11.94;7.17;5.44;3.45;0.86;4.77;10.07;14.85;11.21;12.93;16.31;15.81;10.62;2.57;0.86;;19.84;17.55;16.2;17.83;12.39;8.82;5.92;1.45;;14.05;15.51;17.5;12.56;23.5;13.24;2.19;1.45;;;21.63;18.36;19.75;13.81;17.24;5.73;3.48;;;13.71;13.81;25.21;23.07;11.62;8.03;3.43;1.12;;;;;;;;;;;;;;;;;;;;;;;;21.63;18.36;19.75;13.81;17.24;5.73;3.48;;;13.71;13.81;25.21;23.07;11.62;8.03;3.43;1.12;;;
2023;25;Paraíba;2509008;Manaíra;Total - Estadual e Municipal;Rural;;;259.12;265.45;;;;;;;;;;;;;;;;;;;;;;;;14.29;21.43;7.14;21.43;14.29;7.14;7.14;7.14;;21.43;7.14;;21.43;21.43;14.29;7.14;7.14;;;;;;;;;;;;;;;;;;;;;;;;;;;;;;;;;;;;;;;;;;;;;;;;;;;;;;;;;;;;;;
2023;25;Paraíba;2509008;Manaíra;Total - Federal  Estadual e Municipal;Total;197;213.35;246.71;255.29;263.29;273.29;9.55;13.64;17.45;12.71;17.79;11.94;7.17;5.44;3.45;0.86;4.77;10.07;14.85;11.21;12.93;16.31;15.81;10.62;2.57;0.86;;19.34;17.89;15.39;18.15;12.56;8.67;6.03;1.96;;14.71;14.76;15.93;13.36;23.31;13.33;2.63;1.96;;;21.63;18.36;19.75;13.81;17.24;5.73;3.48;;;13.71;13.81;25.21;23.07;11.62;8.03;3.43;1.12;;;;;;;;;;;;;;;;;;;;;;;;21.63;18.36;19.75;13.81;17.24;5.73;3.48;;;13.71;13.81;25.21;23.07;11.62;8.03;3.43;1.12;;;
2023;25;Paraíba;2509008;Manaíra;Total - Federal  Estadual e Municipal;Urbana;197;213.35;245.49;254.29;263.29;273.29;9.55;13.64;17.45;12.71;17.79;11.94;7.17;5.44;3.45;0.86;4.77;10.07;14.85;11.21;12.93;16.31;15.81;10.62;2.57;0.86;;19.84;17.55;16.2;17.83;12.39;8.82;5.92;1.45;;14.05;15.51;17.5;12.56;23.5;13.24;2.19;1.45;;;21.63;18.36;19.75;13.81;17.24;5.73;3.48;;;13.71;13.81;25.21;23.07;11.62;8.03;3.43;1.12;;;;;;;;;;;;;;;;;;;;;;;;21.63;18.36;19.75;13.81;17.24;5.73;3.48;;;13.71;13.81;25.21;23.07;11.62;8.03;3.43;1.12;;;
2023;25;Paraíba;2509008;Manaíra;Total - Federal  Estadual e Municipal;Rural;;;259.12;265.45;;;;;;;;;;;;;;;;;;;;;;;;14.29;21.43;7.14;21.43;14.29;7.14;7.14;7.14;;21.43;7.14;;21.43;21.43;14.29;7.14;7.14;;;;;;;;;;;;;;;;;;;;;;;;;;;;;;;;;;;;;;;;;;;;;;;;;;;;;;;;;;;;;;
2023;25;Paraíba;2509057;Marcação;Total - Federal  Estadual  Municipal e Privada;Total;170.17;182.92;229.72;226.52;226.6;232.25;14.74;23.96;21.69;14.61;15.06;6.14;2.38;1.41;;;6.06;14.81;22.09;27.8;14.09;11.36;1.64;1.41;0.74;;;25.39;23.14;28.22;7;4.72;11.52;;;;27.04;16.76;29.24;15.07;9.23;2.65;;;;;50.53;19.14;17.67;7.6;4;;1.07;;;47.42;22.5;15.99;6.71;6.32;1.07;;;;;;;;;;;;;;;;;;;;;;;;;;50.53;19.14;17.67;7.6;4;;1.07;;;47.42;22.5;15.99;6.71;6.32;1.07;;;;;
2023;25;Paraíba;2509057;Marcação;Total - Federal  Estadual  Municipal e Privada;Urbana;176.4;184.1;;;;;13.2;18.4;20.35;19.48;16.67;9.52;;2.38;;;2.81;5.63;33.55;31.39;17.1;4.76;2.38;;2.38;;;;;;;;;;;;;;;;;;;;;;;;;;;;;;;;;;;;;;;;;;;;;;;;;;;;;;;;;;;;;;;;;;;;;;;;;;;;;;;;;
2023;25;Paraíba;2509057;Marcação;Total - Federal  Estadual  Municipal e Privada;Rural;167.35;182.38;229.72;226.52;226.6;232.25;15.44;26.47;22.3;12.41;14.34;4.61;3.46;0.97;;;7.53;18.95;16.91;26.18;12.74;14.34;1.31;2.05;;;;25.39;23.14;28.22;7;4.72;11.52;;;;27.04;16.76;29.24;15.07;9.23;2.65;;;;;50.53;19.14;17.67;7.6;4;;1.07;;;47.42;22.5;15.99;6.71;6.32;1.07;;;;;;;;;;;;;;;;;;;;;;;;;;50.53;19.14;17.67;7.6;4;;1.07;;;47.42;22.5;15.99;6.71;6.32;1.07;;;;;
2023;25;Paraíba;2509057;Marcação;Estadual;Total;163.14;178.17;229.72;226.52;226.6;232.25;17.95;28.27;23.43;9.43;12.91;5.36;1.52;1.13;;;8.75;20.78;19.66;24.19;11.06;12.91;1.52;1.13;;;;25.39;23.14;28.22;7;4.72;11.52;;;;27.04;16.76;29.24;15.07;9.23;2.65;;;;;50.53;19.14;17.67;7.6;4;;1.07;;;47.42;22.5;15.99;6.71;6.32;1.07;;;;;;;;;;;;;;;;;;;;;;;;;;50.53;19.14;17.67;7.6;4;;1.07;;;47.42;22.5;15.99;6.71;6.32;1.07;;;;;
2023;25;Paraíba;2509057;Marcação;Estadual;Rural;163.14;178.17;229.72;226.52;226.6;232.25;17.95;28.27;23.43;9.43;12.91;5.36;1.52;1.13;0;0;8.75;20.78;19.66;24.19;11.06;12.91;1.52;1.13;0;0;0;25.39;23.14;28.22;7;4.72;11.52;0;0;0;27.04;16.76;29.24;15.07;9.23;2.65;0;0;0;0;50.53;19.14;17.67;7.6;4;0;1.07;0;0;47.42;22.5;15.99;6.71;6.32;1.07;0;0;0;0;0;;;;;;;;;;;;;;;;;;;;;50.53;19.14;17.67;7.6;4;0;1.07;0;0;47.42;22.5;15.99;6.71;6.32;1.07;0;0;0;0;0
2023;25;Paraíba;2509057;Marcação;Municipal;Total;180.39;189.82;;;;;10.08;17.69;19.17;22.15;18.18;7.27;3.64;1.82;;;2.15;6.12;25.62;33.06;18.51;9.09;1.82;1.82;1.82;;;;;;;;;;;;;;;;;;;;;;;;;;;;;;;;;;;;;;;;;;;;;;;;;;;;;;;;;;;;;;;;;;;;;;;;;;;;;;;;;
2023;25;Paraíba;2509057;Marcação;Municipal;Urbana;176.4;184.1;;;;;13.2;18.4;20.35;19.48;16.67;9.52;0;2.38;0;0;2.81;5.63;33.55;31.39;17.1;4.76;2.38;0;2.38;0;0;;;;;;;;;;;;;;;;;;;;;;;;;;;;;;;;;;;;;;;;;;;;;;;;;;;;;;;;;;;;;;;;;;;;;;;;;;;;;;;
2023;25;Paraíba;2509057;Marcação;Municipal;Rural;193.28;208.29;;;;;0;15.38;15.38;30.77;23.08;0;15.38;0;0;0;0;7.69;0;38.46;23.08;23.08;0;7.69;0;0;0;;;;;;;;;;;;;;;;;;;;;;;;;;;;;;;;;;;;;;;;;;;;;;;;;;;;;;;;;;;;;;;;;;;;;;;;;;;;;;;
2023;25;Paraíba;2509057;Marcação;Total - Estadual e Municipal;Total;170.17;182.92;229.72;226.52;226.6;232.25;14.74;23.96;21.69;14.61;15.06;6.14;2.38;1.41;;;6.06;14.81;22.09;27.8;14.09;11.36;1.64;1.41;0.74;;;25.39;23.14;28.22;7;4.72;11.52;;;;27.04;16.76;29.24;15.07;9.23;2.65;;;;;50.53;19.14;17.67;7.6;4;;1.07;;;47.42;22.5;15.99;6.71;6.32;1.07;;;;;;;;;;;;;;;;;;;;;;;;;;50.53;19.14;17.67;7.6;4;;1.07;;;47.42;22.5;15.99;6.71;6.32;1.07;;;;;
2023;25;Paraíba;2509057;Marcação;Total - Estadual e Municipal;Urbana;176.4;184.1;;;;;13.2;18.4;20.35;19.48;16.67;9.52;;2.38;;;2.81;5.63;33.55;31.39;17.1;4.76;2.38;;2.38;;;;;;;;;;;;;;;;;;;;;;;;;;;;;;;;;;;;;;;;;;;;;;;;;;;;;;;;;;;;;;;;;;;;;;;;;;;;;;;;;
2023;25;Paraíba;2509057;Marcação;Total - Estadual e Municipal;Rural;167.35;182.38;229.72;226.52;226.6;232.25;15.44;26.47;22.3;12.41;14.34;4.61;3.46;0.97;;;7.53;18.95;16.91;26.18;12.74;14.34;1.31;2.05;;;;25.39;23.14;28.22;7;4.72;11.52;;;;27.04;16.76;29.24;15.07;9.23;2.65;;;;;50.53;19.14;17.67;7.6;4;;1.07;;;47.42;22.5;15.99;6.71;6.32;1.07;;;;;;;;;;;;;;;;;;;;;;;;;;50.53;19.14;17.67;7.6;4;;1.07;;;47.42;22.5;15.99;6.71;6.32;1.07;;;;;
2023;25;Paraíba;2509057;Marcação;Total - Federal  Estadual e Municipal;Total;170.17;182.92;229.72;226.52;226.6;232.25;14.74;23.96;21.69;14.61;15.06;6.14;2.38;1.41;;;6.06;14.81;22.09;27.8;14.09;11.36;1.64;1.41;0.74;;;25.39;23.14;28.22;7;4.72;11.52;;;;27.04;16.76;29.24;15.07;9.23;2.65;;;;;50.53;19.14;17.67;7.6;4;;1.07;;;47.42;22.5;15.99;6.71;6.32;1.07;;;;;;;;;;;;;;;;;;;;;;;;;;50.53;19.14;17.67;7.6;4;;1.07;;;47.42;22.5;15.99;6.71;6.32;1.07;;;;;
2023;25;Paraíba;2509057;Marcação;Total - Federal  Estadual e Municipal;Urbana;176.4;184.1;;;;;13.2;18.4;20.35;19.48;16.67;9.52;;2.38;;;2.81;5.63;33.55;31.39;17.1;4.76;2.38;;2.38;;;;;;;;;;;;;;;;;;;;;;;;;;;;;;;;;;;;;;;;;;;;;;;;;;;;;;;;;;;;;;;;;;;;;;;;;;;;;;;;;
2023;25;Paraíba;2509057;Marcação;Total - Federal  Estadual e Municipal;Rural;167.35;182.38;229.72;226.52;226.6;232.25;15.44;26.47;22.3;12.41;14.34;4.61;3.46;0.97;;;7.53;18.95;16.91;26.18;12.74;14.34;1.31;2.05;;;;25.39;23.14;28.22;7;4.72;11.52;;;;27.04;16.76;29.24;15.07;9.23;2.65;;;;;50.53;19.14;17.67;7.6;4;;1.07;;;47.42;22.5;15.99;6.71;6.32;1.07;;;;;;;;;;;;;;;;;;;;;;;;;;50.53;19.14;17.67;7.6;4;;1.07;;;47.42;22.5;15.99;6.71;6.32;1.07;;;;;
2023;25;Paraíba;2509107;Mari;Total - Federal  Estadual  Municipal e Privada;Total;185.63;197.96;231.3;228.5;260.19;257.24;12.18;18.74;19.14;13.96;13.71;8.96;5.43;3.64;2.17;2.07;3.71;15.95;16.62;18.02;17.1;13.13;6.95;3.86;4.15;0.5;;26.08;21.78;19.36;15.39;9.88;6.16;0.44;0.9;;23.69;23.37;27.07;14.43;7.89;1.33;1.78;0.44;;;22.46;21.78;17.51;19.29;13.36;4.55;1.06;;;24.44;22.32;20.08;19.98;9.96;2.16;1.06;;;;;2.71;7.86;18.16;33.06;20.33;12.74;5.15;;;18.7;23.04;15.18;27.91;12.74;;;2.44;;;;17.07;17.98;17.68;23.05;15.26;6.78;2.17;;;22.88;22.52;18.74;22.14;10.72;1.57;0.77;0.67;;;
2023;25;Paraíba;2509107;Mari;Total - Federal  Estadual  Municipal e Privada;Urbana;186.21;198.76;232.62;228.69;260.19;257.24;12.22;18.27;18.14;14.75;13.9;9.83;4.81;3.99;1.81;2.28;4.07;16.93;14.23;18.06;17.05;13.26;7.06;4.23;4.55;0.55;;23.56;24.1;19.32;14.39;10.49;7.05;0.55;0.55;;24.06;22;30.04;13.25;7.43;1.06;1.61;0.55;;;22.46;21.78;17.51;19.29;13.36;4.55;1.06;;;24.44;22.32;20.08;19.98;9.96;2.16;1.06;;;;;2.71;7.86;18.16;33.06;20.33;12.74;5.15;;;18.7;23.04;15.18;27.91;12.74;;;2.44;;;;17.07;17.98;17.68;23.05;15.26;6.78;2.17;;;22.88;22.52;18.74;22.14;10.72;1.57;0.77;0.67;;;
2023;25;Paraíba;2509107;Mari;Total - Federal  Estadual  Municipal e Privada;Rural;179.64;189.68;225.79;227.68;;;11.76;23.53;29.41;5.88;11.76;;11.76;;5.88;;;5.88;41.18;17.65;17.65;11.76;5.88;;;;;36.61;12.1;19.55;19.55;7.34;2.48;;2.38;;22.13;29.06;14.69;19.34;9.82;2.48;2.48;;;;;;;;;;;;;;;;;;;;;;;;;;;;;;;;;;;;;;;;;;;;;;;;;;;;;;;;;;;;;;;
2023;25;Paraíba;2509107;Mari;Estadual;Total;;;236.6;229.52;260.19;257.24;;;;;;;;;;;;;;;;;;;;;;19.49;21.45;22.13;16.88;13.17;5.15;0.87;0.87;;26.34;16.29;32.33;14.21;7.42;0.87;2.54;;;;22.46;21.78;17.51;19.29;13.36;4.55;1.06;;;24.44;22.32;20.08;19.98;9.96;2.16;1.06;;;;;2.71;7.86;18.16;33.06;20.33;12.74;5.15;;;18.7;23.04;15.18;27.91;12.74;;;2.44;;;;17.07;17.98;17.68;23.05;15.26;6.78;2.17;;;22.88;22.52;18.74;22.14;10.72;1.57;0.77;0.67;;;
2023;25;Paraíba;2509107;Mari;Estadual;Urbana;;;236.6;229.52;260.19;257.24;;;;;;;;;;;;;;;;;;;;;;19.49;21.45;22.13;16.88;13.17;5.15;0.87;0.87;0;26.34;16.29;32.33;14.21;7.42;0.87;2.54;0;0;0;22.46;21.78;17.51;19.29;13.36;4.55;1.06;0;0;24.44;22.32;20.08;19.98;9.96;2.16;1.06;0;0;0;0;2.71;7.86;18.16;33.06;20.33;12.74;5.15;0;0;18.7;23.04;15.18;27.91;12.74;0;0;2.44;0;0;0;17.07;17.98;17.68;23.05;15.26;6.78;2.17;0;0;22.88;22.52;18.74;22.14;10.72;1.57;0.77;0.67;0;0;0
2023;25;Paraíba;2509107;Mari;Municipal;Total;185.63;197.96;225.77;227.43;;;12.18;18.74;19.14;13.96;13.71;8.96;5.43;3.64;2.17;2.07;3.71;15.95;16.62;18.02;17.1;13.13;6.95;3.86;4.15;0.5;;32.95;22.13;16.48;13.84;6.44;7.22;;0.94;;20.93;30.74;21.59;14.66;8.38;1.82;0.98;0.9;;;;;;;;;;;;;;;;;;;;;;;;;;;;;;;;;;;;;;;;;;;;;;;;;;;;;;;;;;;;;;
2023;25;Paraíba;2509107;Mari;Municipal;Urbana;186.21;198.76;225.76;227.27;;;12.22;18.27;18.14;14.75;13.9;9.83;4.81;3.99;1.81;2.28;4.07;16.93;14.23;18.06;17.05;13.26;7.06;4.23;4.55;0.55;0;30.56;28.67;14.48;10.12;5.85;10.32;0;0;0;20.14;31.85;26.09;11.61;7.44;1.39;0;1.49;0;0;;;;;;;;;;;;;;;;;;;;;;;;;;;;;;;;;;;;;;;;;;;;;;;;;;;;;;;;;;;;
2023;25;Paraíba;2509107;Mari;Municipal;Rural;179.64;189.68;225.79;227.68;;;11.76;23.53;29.41;5.88;11.76;0;11.76;0;5.88;0;0;5.88;41.18;17.65;17.65;11.76;5.88;0;0;0;0;36.61;12.1;19.55;19.55;7.34;2.48;0;2.38;0;22.13;29.06;14.69;19.34;9.82;2.48;2.48;0;0;0;;;;;;;;;;;;;;;;;;;;;;;;;;;;;;;;;;;;;;;;;;;;;;;;;;;;;;;;;;;;
2023;25;Paraíba;2509107;Mari;Total - Estadual e Municipal;Total;185.63;197.96;231.3;228.5;260.19;257.24;12.18;18.74;19.14;13.96;13.71;8.96;5.43;3.64;2.17;2.07;3.71;15.95;16.62;18.02;17.1;13.13;6.95;3.86;4.15;0.5;;26.08;21.78;19.36;15.39;9.88;6.16;0.44;0.9;;23.69;23.37;27.07;14.43;7.89;1.33;1.78;0.44;;;22.46;21.78;17.51;19.29;13.36;4.55;1.06;;;24.44;22.32;20.08;19.98;9.96;2.16;1.06;;;;;2.71;7.86;18.16;33.06;20.33;12.74;5.15;;;18.7;23.04;15.18;27.91;12.74;;;2.44;;;;17.07;17.98;17.68;23.05;15.26;6.78;2.17;;;22.88;22.52;18.74;22.14;10.72;1.57;0.77;0.67;;;
2023;25;Paraíba;2509107;Mari;Total - Estadual e Municipal;Urbana;186.21;198.76;232.62;228.69;260.19;257.24;12.22;18.27;18.14;14.75;13.9;9.83;4.81;3.99;1.81;2.28;4.07;16.93;14.23;18.06;17.05;13.26;7.06;4.23;4.55;0.55;;23.56;24.1;19.32;14.39;10.49;7.05;0.55;0.55;;24.06;22;30.04;13.25;7.43;1.06;1.61;0.55;;;22.46;21.78;17.51;19.29;13.36;4.55;1.06;;;24.44;22.32;20.08;19.98;9.96;2.16;1.06;;;;;2.71;7.86;18.16;33.06;20.33;12.74;5.15;;;18.7;23.04;15.18;27.91;12.74;;;2.44;;;;17.07;17.98;17.68;23.05;15.26;6.78;2.17;;;22.88;22.52;18.74;22.14;10.72;1.57;0.77;0.67;;;
2023;25;Paraíba;2509107;Mari;Total - Estadual e Municipal;Rural;179.64;189.68;225.79;227.68;;;11.76;23.53;29.41;5.88;11.76;;11.76;;5.88;;;5.88;41.18;17.65;17.65;11.76;5.88;;;;;36.61;12.1;19.55;19.55;7.34;2.48;;2.38;;22.13;29.06;14.69;19.34;9.82;2.48;2.48;;;;;;;;;;;;;;;;;;;;;;;;;;;;;;;;;;;;;;;;;;;;;;;;;;;;;;;;;;;;;;;
2023;25;Paraíba;2509107;Mari;Total - Federal  Estadual e Municipal;Total;185.63;197.96;231.3;228.5;260.19;257.24;12.18;18.74;19.14;13.96;13.71;8.96;5.43;3.64;2.17;2.07;3.71;15.95;16.62;18.02;17.1;13.13;6.95;3.86;4.15;0.5;;26.08;21.78;19.36;15.39;9.88;6.16;0.44;0.9;;23.69;23.37;27.07;14.43;7.89;1.33;1.78;0.44;;;22.46;21.78;17.51;19.29;13.36;4.55;1.06;;;24.44;22.32;20.08;19.98;9.96;2.16;1.06;;;;;2.71;7.86;18.16;33.06;20.33;12.74;5.15;;;18.7;23.04;15.18;27.91;12.74;;;2.44;;;;17.07;17.98;17.68;23.05;15.26;6.78;2.17;;;22.88;22.52;18.74;22.14;10.72;1.57;0.77;0.67;;;
2023;25;Paraíba;2509107;Mari;Total - Federal  Estadual e Municipal;Urbana;186.21;198.76;232.62;228.69;260.19;257.24;12.22;18.27;18.14;14.75;13.9;9.83;4.81;3.99;1.81;2.28;4.07;16.93;14.23;18.06;17.05;13.26;7.06;4.23;4.55;0.55;;23.56;24.1;19.32;14.39;10.49;7.05;0.55;0.55;;24.06;22;30.04;13.25;7.43;1.06;1.61;0.55;;;22.46;21.78;17.51;19.29;13.36;4.55;1.06;;;24.44;22.32;20.08;19.98;9.96;2.16;1.06;;;;;2.71;7.86;18.16;33.06;20.33;12.74;5.15;;;18.7;23.04;15.18;27.91;12.74;;;2.44;;;;17.07;17.98;17.68;23.05;15.26;6.78;2.17;;;22.88;22.52;18.74;22.14;10.72;1.57;0.77;0.67;;;
2023;25;Paraíba;2509107;Mari;Total - Federal  Estadual e Municipal;Rural;179.64;189.68;225.79;227.68;;;11.76;23.53;29.41;5.88;11.76;;11.76;;5.88;;;5.88;41.18;17.65;17.65;11.76;5.88;;;;;36.61;12.1;19.55;19.55;7.34;2.48;;2.38;;22.13;29.06;14.69;19.34;9.82;2.48;2.48;;;;;;;;;;;;;;;;;;;;;;;;;;;;;;;;;;;;;;;;;;;;;;;;;;;;;;;;;;;;;;;
2023;25;Paraíba;2509156;Marizópolis;Total - Federal  Estadual  Municipal e Privada;Total;196.87;212.95;253.52;246.62;275.33;257.33;4.07;16.22;16.91;21.43;12.69;11.72;9.52;5.38;1.05;1.02;4.34;1.02;16.06;22.41;18.04;15.82;13.79;4.22;;3.25;1.05;15.36;16.49;16.44;15.29;15.2;14.12;7.1;;;15.14;15.53;21.1;22.4;12.88;8.25;4.71;;;;13.42;15.5;19.94;22.21;15.41;11.25;2.27;;;24.39;11.15;37.81;17.67;4.44;2.27;;2.27;;;;;;;;;;;;;;;;;;;;;;;;13.42;15.5;19.94;22.21;15.41;11.25;2.27;;;24.39;11.15;37.81;17.67;4.44;2.27;;2.27;;;
2023;25;Paraíba;2509156;Marizópolis;Total - Federal  Estadual  Municipal e Privada;Urbana;196.87;212.95;253.52;246.62;275.33;257.33;4.07;16.22;16.91;21.43;12.69;11.72;9.52;5.38;1.05;1.02;4.34;1.02;16.06;22.41;18.04;15.82;13.79;4.22;;3.25;1.05;15.36;16.49;16.44;15.29;15.2;14.12;7.1;;;15.14;15.53;21.1;22.4;12.88;8.25;4.71;;;;13.42;15.5;19.94;22.21;15.41;11.25;2.27;;;24.39;11.15;37.81;17.67;4.44;2.27;;2.27;;;;;;;;;;;;;;;;;;;;;;;;13.42;15.5;19.94;22.21;15.41;11.25;2.27;;;24.39;11.15;37.81;17.67;4.44;2.27;;2.27;;;
2023;25;Paraíba;2509156;Marizópolis;Estadual;Total;;;;;275.33;257.33;;;;;;;;;;;;;;;;;;;;;;;;;;;;;;;;;;;;;;;;;13.42;15.5;19.94;22.21;15.41;11.25;2.27;;;24.39;11.15;37.81;17.67;4.44;2.27;;2.27;;;;;;;;;;;;;;;;;;;;;;;;13.42;15.5;19.94;22.21;15.41;11.25;2.27;;;24.39;11.15;37.81;17.67;4.44;2.27;;2.27;;;
2023;25;Paraíba;2509156;Marizópolis;Estadual;Urbana;;;;;275.33;257.33;;;;;;;;;;;;;;;;;;;;;;;;;;;;;;;;;;;;;;;;;13.42;15.5;19.94;22.21;15.41;11.25;2.27;0;0;24.39;11.15;37.81;17.67;4.44;2.27;0;2.27;0;0;0;;;;;;;;;;;;;;;;;;;;;13.42;15.5;19.94;22.21;15.41;11.25;2.27;0;0;24.39;11.15;37.81;17.67;4.44;2.27;0;2.27;0;0;0
2023;25;Paraíba;2509156;Marizópolis;Municipal;Total;196.87;212.95;253.52;246.62;;;4.07;16.22;16.91;21.43;12.69;11.72;9.52;5.38;1.05;1.02;4.34;1.02;16.06;22.41;18.04;15.82;13.79;4.22;;3.25;1.05;15.36;16.49;16.44;15.29;15.2;14.12;7.1;;;15.14;15.53;21.1;22.4;12.88;8.25;4.71;;;;;;;;;;;;;;;;;;;;;;;;;;;;;;;;;;;;;;;;;;;;;;;;;;;;;;;;;;;;;;;
2023;25;Paraíba;2509156;Marizópolis;Municipal;Urbana;196.87;212.95;253.52;246.62;;;4.07;16.22;16.91;21.43;12.69;11.72;9.52;5.38;1.05;1.02;4.34;1.02;16.06;22.41;18.04;15.82;13.79;4.22;0;3.25;1.05;15.36;16.49;16.44;15.29;15.2;14.12;7.1;0;0;15.14;15.53;21.1;22.4;12.88;8.25;4.71;0;0;0;;;;;;;;;;;;;;;;;;;;;;;;;;;;;;;;;;;;;;;;;;;;;;;;;;;;;;;;;;;;
2023;25;Paraíba;2509156;Marizópolis;Total - Estadual e Municipal;Total;196.87;212.95;253.52;246.62;275.33;257.33;4.07;16.22;16.91;21.43;12.69;11.72;9.52;5.38;1.05;1.02;4.34;1.02;16.06;22.41;18.04;15.82;13.79;4.22;;3.25;1.05;15.36;16.49;16.44;15.29;15.2;14.12;7.1;;;15.14;15.53;21.1;22.4;12.88;8.25;4.71;;;;13.42;15.5;19.94;22.21;15.41;11.25;2.27;;;24.39;11.15;37.81;17.67;4.44;2.27;;2.27;;;;;;;;;;;;;;;;;;;;;;;;13.42;15.5;19.94;22.21;15.41;11.25;2.27;;;24.39;11.15;37.81;17.67;4.44;2.27;;2.27;;;
2023;25;Paraíba;2509156;Marizópolis;Total - Estadual e Municipal;Urbana;196.87;212.95;253.52;246.62;275.33;257.33;4.07;16.22;16.91;21.43;12.69;11.72;9.52;5.38;1.05;1.02;4.34;1.02;16.06;22.41;18.04;15.82;13.79;4.22;;3.25;1.05;15.36;16.49;16.44;15.29;15.2;14.12;7.1;;;15.14;15.53;21.1;22.4;12.88;8.25;4.71;;;;13.42;15.5;19.94;22.21;15.41;11.25;2.27;;;24.39;11.15;37.81;17.67;4.44;2.27;;2.27;;;;;;;;;;;;;;;;;;;;;;;;13.42;15.5;19.94;22.21;15.41;11.25;2.27;;;24.39;11.15;37.81;17.67;4.44;2.27;;2.27;;;
2023;25;Paraíba;2509156;Marizópolis;Total - Federal  Estadual e Municipal;Total;196.87;212.95;253.52;246.62;275.33;257.33;4.07;16.22;16.91;21.43;12.69;11.72;9.52;5.38;1.05;1.02;4.34;1.02;16.06;22.41;18.04;15.82;13.79;4.22;;3.25;1.05;15.36;16.49;16.44;15.29;15.2;14.12;7.1;;;15.14;15.53;21.1;22.4;12.88;8.25;4.71;;;;13.42;15.5;19.94;22.21;15.41;11.25;2.27;;;24.39;11.15;37.81;17.67;4.44;2.27;;2.27;;;;;;;;;;;;;;;;;;;;;;;;13.42;15.5;19.94;22.21;15.41;11.25;2.27;;;24.39;11.15;37.81;17.67;4.44;2.27;;2.27;;;
2023;25;Paraíba;2509156;Marizópolis;Total - Federal  Estadual e Municipal;Urbana;196.87;212.95;253.52;246.62;275.33;257.33;4.07;16.22;16.91;21.43;12.69;11.72;9.52;5.38;1.05;1.02;4.34;1.02;16.06;22.41;18.04;15.82;13.79;4.22;;3.25;1.05;15.36;16.49;16.44;15.29;15.2;14.12;7.1;;;15.14;15.53;21.1;22.4;12.88;8.25;4.71;;;;13.42;15.5;19.94;22.21;15.41;11.25;2.27;;;24.39;11.15;37.81;17.67;4.44;2.27;;2.27;;;;;;;;;;;;;;;;;;;;;;;;13.42;15.5;19.94;22.21;15.41;11.25;2.27;;;24.39;11.15;37.81;17.67;4.44;2.27;;2.27;;;
2023;25;Paraíba;2509206;Massaranduba;Total - Federal  Estadual  Municipal e Privada;Total;186.04;199.3;217.31;218.85;246.61;243.3;10.51;14.78;15.79;19.09;22.5;8.58;6.69;2.06;;;2.39;11.14;16.66;23.43;17.35;14.04;11.49;2.13;1.39;;;40.46;19.1;12.88;15.89;7.81;3.84;;;;34.55;25.95;18.2;9.17;9.04;3.08;;;;;34.83;22.92;14.63;10.3;10.25;5.07;2;;;36.47;21.12;21.06;14.06;4.17;2.06;;1.06;;;;;;;;;;;;;;;;;;;;;;;;34.83;22.92;14.63;10.3;10.25;5.07;2;;;36.47;21.12;21.06;14.06;4.17;2.06;;1.06;;;
2023;25;Paraíba;2509206;Massaranduba;Total - Federal  Estadual  Municipal e Privada;Urbana;182.14;198.89;220.49;220.68;251.01;245.27;8.08;17.92;21.06;20.34;16.81;7.29;6.06;2.43;;;2.43;13.02;13.34;23.03;20.81;14.16;9.64;2.31;1.27;;;39.67;17.73;11.64;17.54;8.61;4.81;;;;34.19;24.16;19.26;9.35;9.18;3.86;;;;;31.82;20.24;16.6;11.69;11.63;5.75;2.27;;;33.69;23.96;20.05;14.03;4.73;2.34;;1.2;;;;;;;;;;;;;;;;;;;;;;;;31.82;20.24;16.6;11.69;11.63;5.75;2.27;;;33.69;23.96;20.05;14.03;4.73;2.34;;1.2;;;
2023;25;Paraíba;2509206;Massaranduba;Total - Federal  Estadual  Municipal e Privada;Rural;191.44;199.88;204.66;211.56;;;13.86;10.43;8.49;17.36;30.38;10.36;7.57;1.56;;;2.33;8.56;21.25;23.97;12.56;13.86;14.04;1.88;1.56;;;43.62;24.57;17.81;9.33;4.67;;;;;36;33.05;14;8.48;8.48;;;;;;;;;;;;;;;;;;;;;;;;;;;;;;;;;;;;;;;;;;;;;;;;;;;;;;;;;;;;;;;;;
2023;25;Paraíba;2509206;Massaranduba;Estadual;Total;;;;;246.61;243.3;;;;;;;;;;;;;;;;;;;;;;;;;;;;;;;;;;;;;;;;;34.83;22.92;14.63;10.3;10.25;5.07;2;;;36.47;21.12;21.06;14.06;4.17;2.06;;1.06;;;;;;;;;;;;;;;;;;;;;;;;34.83;22.92;14.63;10.3;10.25;5.07;2;;;36.47;21.12;21.06;14.06;4.17;2.06;;1.06;;;
2023;25;Paraíba;2509206;Massaranduba;Estadual;Urbana;;;;;251.01;245.27;;;;;;;;;;;;;;;;;;;;;;;;;;;;;;;;;;;;;;;;;31.82;20.24;16.6;11.69;11.63;5.75;2.27;0;0;33.69;23.96;20.05;14.03;4.73;2.34;0;1.2;0;0;0;;;;;;;;;;;;;;;;;;;;;31.82;20.24;16.6;11.69;11.63;5.75;2.27;0;0;33.69;23.96;20.05;14.03;4.73;2.34;0;1.2;0;0;0
2023;25;Paraíba;2509206;Massaranduba;Municipal;Total;186.04;199.3;215.84;217.91;;;10.51;14.78;15.79;19.09;22.5;8.58;6.69;2.06;;;2.39;11.14;16.66;23.43;17.35;14.04;11.49;2.13;1.39;;;42.59;19.01;11.11;15.47;7.59;4.24;;;;36.06;25.53;16.98;9.09;8.94;3.4;;;;;;;;;;;;;;;;;;;;;;;;;;;;;;;;;;;;;;;;;;;;;;;;;;;;;;;;;;;;;;;;
2023;25;Paraíba;2509206;Massaranduba;Municipal;Urbana;182.14;198.89;220.49;220.68;;;8.08;17.92;21.06;20.34;16.81;7.29;6.06;2.43;0;0;2.43;13.02;13.34;23.03;20.81;14.16;9.64;2.31;1.27;0;0;39.67;17.73;11.64;17.54;8.61;4.81;0;0;0;34.19;24.16;19.26;9.35;9.18;3.86;0;0;0;0;;;;;;;;;;;;;;;;;;;;;;;;;;;;;;;;;;;;;;;;;;;;;;;;;;;;;;;;;;;;
2023;25;Paraíba;2509206;Massaranduba;Municipal;Rural;191.44;199.88;181.19;197.25;;;13.86;10.43;8.49;17.36;30.38;10.36;7.57;1.56;0;0;2.33;8.56;21.25;23.97;12.56;13.86;14.04;1.88;1.56;0;0;64.29;28.57;7.14;0;0;0;0;0;0;50;35.71;0;7.14;7.14;0;0;0;0;0;;;;;;;;;;;;;;;;;;;;;;;;;;;;;;;;;;;;;;;;;;;;;;;;;;;;;;;;;;;;
2023;25;Paraíba;2509206;Massaranduba;Total - Estadual e Municipal;Total;186.04;199.3;217.31;218.85;246.61;243.3;10.51;14.78;15.79;19.09;22.5;8.58;6.69;2.06;;;2.39;11.14;16.66;23.43;17.35;14.04;11.49;2.13;1.39;;;40.46;19.1;12.88;15.89;7.81;3.84;;;;34.55;25.95;18.2;9.17;9.04;3.08;;;;;34.83;22.92;14.63;10.3;10.25;5.07;2;;;36.47;21.12;21.06;14.06;4.17;2.06;;1.06;;;;;;;;;;;;;;;;;;;;;;;;34.83;22.92;14.63;10.3;10.25;5.07;2;;;36.47;21.12;21.06;14.06;4.17;2.06;;1.06;;;
2023;25;Paraíba;2509206;Massaranduba;Total - Estadual e Municipal;Urbana;182.14;198.89;220.49;220.68;251.01;245.27;8.08;17.92;21.06;20.34;16.81;7.29;6.06;2.43;;;2.43;13.02;13.34;23.03;20.81;14.16;9.64;2.31;1.27;;;39.67;17.73;11.64;17.54;8.61;4.81;;;;34.19;24.16;19.26;9.35;9.18;3.86;;;;;31.82;20.24;16.6;11.69;11.63;5.75;2.27;;;33.69;23.96;20.05;14.03;4.73;2.34;;1.2;;;;;;;;;;;;;;;;;;;;;;;;31.82;20.24;16.6;11.69;11.63;5.75;2.27;;;33.69;23.96;20.05;14.03;4.73;2.34;;1.2;;;
2023;25;Paraíba;2509206;Massaranduba;Total - Estadual e Municipal;Rural;191.44;199.88;204.66;211.56;;;13.86;10.43;8.49;17.36;30.38;10.36;7.57;1.56;;;2.33;8.56;21.25;23.97;12.56;13.86;14.04;1.88;1.56;;;43.62;24.57;17.81;9.33;4.67;;;;;36;33.05;14;8.48;8.48;;;;;;;;;;;;;;;;;;;;;;;;;;;;;;;;;;;;;;;;;;;;;;;;;;;;;;;;;;;;;;;;;
2023;25;Paraíba;2509206;Massaranduba;Total - Federal  Estadual e Municipal;Total;186.04;199.3;217.31;218.85;246.61;243.3;10.51;14.78;15.79;19.09;22.5;8.58;6.69;2.06;;;2.39;11.14;16.66;23.43;17.35;14.04;11.49;2.13;1.39;;;40.46;19.1;12.88;15.89;7.81;3.84;;;;34.55;25.95;18.2;9.17;9.04;3.08;;;;;34.83;22.92;14.63;10.3;10.25;5.07;2;;;36.47;21.12;21.06;14.06;4.17;2.06;;1.06;;;;;;;;;;;;;;;;;;;;;;;;34.83;22.92;14.63;10.3;10.25;5.07;2;;;36.47;21.12;21.06;14.06;4.17;2.06;;1.06;;;
2023;25;Paraíba;2509206;Massaranduba;Total - Federal  Estadual e Municipal;Urbana;182.14;198.89;220.49;220.68;251.01;245.27;8.08;17.92;21.06;20.34;16.81;7.29;6.06;2.43;;;2.43;13.02;13.34;23.03;20.81;14.16;9.64;2.31;1.27;;;39.67;17.73;11.64;17.54;8.61;4.81;;;;34.19;24.16;19.26;9.35;9.18;3.86;;;;;31.82;20.24;16.6;11.69;11.63;5.75;2.27;;;33.69;23.96;20.05;14.03;4.73;2.34;;1.2;;;;;;;;;;;;;;;;;;;;;;;;31.82;20.24;16.6;11.69;11.63;5.75;2.27;;;33.69;23.96;20.05;14.03;4.73;2.34;;1.2;;;
2023;25;Paraíba;2509206;Massaranduba;Total - Federal  Estadual e Municipal;Rural;191.44;199.88;204.66;211.56;;;13.86;10.43;8.49;17.36;30.38;10.36;7.57;1.56;;;2.33;8.56;21.25;23.97;12.56;13.86;14.04;1.88;1.56;;;43.62;24.57;17.81;9.33;4.67;;;;;36;33.05;14;8.48;8.48;;;;;;;;;;;;;;;;;;;;;;;;;;;;;;;;;;;;;;;;;;;;;;;;;;;;;;;;;;;;;;;;;
2023;25;Paraíba;2509305;Mataraca;Total - Federal  Estadual  Municipal e Privada;Total;193.43;204.06;255.12;245.77;260.74;265.96;6.94;20.27;11.74;16.01;17.7;10.24;9.18;5.87;0.68;1.38;2.08;14.13;13.14;19.24;17.7;17.25;7.02;7.22;2.22;;;12.82;15.56;20.48;18.37;14.67;8.36;8.33;1.41;;14.59;17.52;24.85;19.47;13.89;6.23;2.76;0.69;;;18.64;21.26;22.72;19.18;10.93;5.14;2.12;;;14.05;20.46;24.53;21.39;11.89;6.68;1.01;;;;;;;;;;;;;;;;;;;;;;;;;18.64;21.26;22.72;19.18;10.93;5.14;2.12;;;14.05;20.46;24.53;21.39;11.89;6.68;1.01;;;;
2023;25;Paraíba;2509305;Mataraca;Total - Federal  Estadual  Municipal e Privada;Urbana;198.63;208.04;255.12;245.77;260.74;265.96;5.34;18.65;9.92;15.05;19.46;13.01;10.15;6.55;0.86;1;1.74;11.76;9.75;22.78;17.65;18.59;7.4;7.51;2.82;;;12.82;15.56;20.48;18.37;14.67;8.36;8.33;1.41;;14.59;17.52;24.85;19.47;13.89;6.23;2.76;0.69;;;18.64;21.26;22.72;19.18;10.93;5.14;2.12;;;14.05;20.46;24.53;21.39;11.89;6.68;1.01;;;;;;;;;;;;;;;;;;;;;;;;;18.64;21.26;22.72;19.18;10.93;5.14;2.12;;;14.05;20.46;24.53;21.39;11.89;6.68;1.01;;;;
2023;25;Paraíba;2509305;Mataraca;Total - Federal  Estadual  Municipal e Privada;Rural;174.18;189.36;;;;;12.85;26.24;18.44;19.54;11.19;;5.59;3.35;;2.8;3.35;22.89;25.69;6.15;17.89;12.29;5.59;6.15;;;;;;;;;;;;;;;;;;;;;;;;;;;;;;;;;;;;;;;;;;;;;;;;;;;;;;;;;;;;;;;;;;;;;;;;;;;;;;;;;;
2023;25;Paraíba;2509305;Mataraca;Estadual;Total;;;;;260.74;265.96;;;;;;;;;;;;;;;;;;;;;;;;;;;;;;;;;;;;;;;;;18.64;21.26;22.72;19.18;10.93;5.14;2.12;;;14.05;20.46;24.53;21.39;11.89;6.68;1.01;;;;;;;;;;;;;;;;;;;;;;;;;18.64;21.26;22.72;19.18;10.93;5.14;2.12;;;14.05;20.46;24.53;21.39;11.89;6.68;1.01;;;;
2023;25;Paraíba;2509305;Mataraca;Estadual;Urbana;;;;;260.74;265.96;;;;;;;;;;;;;;;;;;;;;;;;;;;;;;;;;;;;;;;;;18.64;21.26;22.72;19.18;10.93;5.14;2.12;0;0;14.05;20.46;24.53;21.39;11.89;6.68;1.01;0;0;0;0;;;;;;;;;;;;;;;;;;;;;18.64;21.26;22.72;19.18;10.93;5.14;2.12;0;0;14.05;20.46;24.53;21.39;11.89;6.68;1.01;0;0;0;0
2023;25;Paraíba;2509305;Mataraca;Municipal;Total;193.43;204.06;255.12;245.77;;;6.94;20.27;11.74;16.01;17.7;10.24;9.18;5.87;0.68;1.38;2.08;14.13;13.14;19.24;17.7;17.25;7.02;7.22;2.22;;;12.82;15.56;20.48;18.37;14.67;8.36;8.33;1.41;;14.59;17.52;24.85;19.47;13.89;6.23;2.76;0.69;;;;;;;;;;;;;;;;;;;;;;;;;;;;;;;;;;;;;;;;;;;;;;;;;;;;;;;;;;;;;;
2023;25;Paraíba;2509305;Mataraca;Municipal;Urbana;198.63;208.04;255.12;245.77;;;5.34;18.65;9.92;15.05;19.46;13.01;10.15;6.55;0.86;1;1.74;11.76;9.75;22.78;17.65;18.59;7.4;7.51;2.82;0;0;12.82;15.56;20.48;18.37;14.67;8.36;8.33;1.41;0;14.59;17.52;24.85;19.47;13.89;6.23;2.76;0.69;0;0;;;;;;;;;;;;;;;;;;;;;;;;;;;;;;;;;;;;;;;;;;;;;;;;;;;;;;;;;;;;
2023;25;Paraíba;2509305;Mataraca;Municipal;Rural;174.18;189.36;;;;;12.85;26.24;18.44;19.54;11.19;0;5.59;3.35;0;2.8;3.35;22.89;25.69;6.15;17.89;12.29;5.59;6.15;0;0;0;;;;;;;;;;;;;;;;;;;;;;;;;;;;;;;;;;;;;;;;;;;;;;;;;;;;;;;;;;;;;;;;;;;;;;;;;;;;;;;
2023;25;Paraíba;2509305;Mataraca;Total - Estadual e Municipal;Total;193.43;204.06;255.12;245.77;260.74;265.96;6.94;20.27;11.74;16.01;17.7;10.24;9.18;5.87;0.68;1.38;2.08;14.13;13.14;19.24;17.7;17.25;7.02;7.22;2.22;;;12.82;15.56;20.48;18.37;14.67;8.36;8.33;1.41;;14.59;17.52;24.85;19.47;13.89;6.23;2.76;0.69;;;18.64;21.26;22.72;19.18;10.93;5.14;2.12;;;14.05;20.46;24.53;21.39;11.89;6.68;1.01;;;;;;;;;;;;;;;;;;;;;;;;;18.64;21.26;22.72;19.18;10.93;5.14;2.12;;;14.05;20.46;24.53;21.39;11.89;6.68;1.01;;;;
2023;25;Paraíba;2509305;Mataraca;Total - Estadual e Municipal;Urbana;198.63;208.04;255.12;245.77;260.74;265.96;5.34;18.65;9.92;15.05;19.46;13.01;10.15;6.55;0.86;1;1.74;11.76;9.75;22.78;17.65;18.59;7.4;7.51;2.82;;;12.82;15.56;20.48;18.37;14.67;8.36;8.33;1.41;;14.59;17.52;24.85;19.47;13.89;6.23;2.76;0.69;;;18.64;21.26;22.72;19.18;10.93;5.14;2.12;;;14.05;20.46;24.53;21.39;11.89;6.68;1.01;;;;;;;;;;;;;;;;;;;;;;;;;18.64;21.26;22.72;19.18;10.93;5.14;2.12;;;14.05;20.46;24.53;21.39;11.89;6.68;1.01;;;;
2023;25;Paraíba;2509305;Mataraca;Total - Estadual e Municipal;Rural;174.18;189.36;;;;;12.85;26.24;18.44;19.54;11.19;;5.59;3.35;;2.8;3.35;22.89;25.69;6.15;17.89;12.29;5.59;6.15;;;;;;;;;;;;;;;;;;;;;;;;;;;;;;;;;;;;;;;;;;;;;;;;;;;;;;;;;;;;;;;;;;;;;;;;;;;;;;;;;;
2023;25;Paraíba;2509305;Mataraca;Total - Federal  Estadual e Municipal;Total;193.43;204.06;255.12;245.77;260.74;265.96;6.94;20.27;11.74;16.01;17.7;10.24;9.18;5.87;0.68;1.38;2.08;14.13;13.14;19.24;17.7;17.25;7.02;7.22;2.22;;;12.82;15.56;20.48;18.37;14.67;8.36;8.33;1.41;;14.59;17.52;24.85;19.47;13.89;6.23;2.76;0.69;;;18.64;21.26;22.72;19.18;10.93;5.14;2.12;;;14.05;20.46;24.53;21.39;11.89;6.68;1.01;;;;;;;;;;;;;;;;;;;;;;;;;18.64;21.26;22.72;19.18;10.93;5.14;2.12;;;14.05;20.46;24.53;21.39;11.89;6.68;1.01;;;;
2023;25;Paraíba;2509305;Mataraca;Total - Federal  Estadual e Municipal;Urbana;198.63;208.04;255.12;245.77;260.74;265.96;5.34;18.65;9.92;15.05;19.46;13.01;10.15;6.55;0.86;1;1.74;11.76;9.75;22.78;17.65;18.59;7.4;7.51;2.82;;;12.82;15.56;20.48;18.37;14.67;8.36;8.33;1.41;;14.59;17.52;24.85;19.47;13.89;6.23;2.76;0.69;;;18.64;21.26;22.72;19.18;10.93;5.14;2.12;;;14.05;20.46;24.53;21.39;11.89;6.68;1.01;;;;;;;;;;;;;;;;;;;;;;;;;18.64;21.26;22.72;19.18;10.93;5.14;2.12;;;14.05;20.46;24.53;21.39;11.89;6.68;1.01;;;;
2023;25;Paraíba;2509305;Mataraca;Total - Federal  Estadual e Municipal;Rural;174.18;189.36;;;;;12.85;26.24;18.44;19.54;11.19;;5.59;3.35;;2.8;3.35;22.89;25.69;6.15;17.89;12.29;5.59;6.15;;;;;;;;;;;;;;;;;;;;;;;;;;;;;;;;;;;;;;;;;;;;;;;;;;;;;;;;;;;;;;;;;;;;;;;;;;;;;;;;;;
2023;25;Paraíba;2509339;Matinhas;Total - Federal  Estadual  Municipal e Privada;Total;191.1;205.51;237.71;233.11;249.12;244.38;3.85;30.77;11.54;23.08;3.85;7.69;11.54;3.85;;3.85;;15.38;7.69;30.77;19.23;11.54;7.69;;;3.85;3.85;19.42;17.13;27.49;12.07;17.13;5.05;1.71;;;20.6;16.47;29.33;16.93;10.04;4.99;1.64;;;;29.35;20.31;27.54;11.22;7.97;3.62;;;;27.54;30.46;28.6;7.6;3.99;1.81;;;;;;;;;;;;;;;;;;;;;;;;;;29.35;20.31;27.54;11.22;7.97;3.62;;;;27.54;30.46;28.6;7.6;3.99;1.81;;;;;
2023;25;Paraíba;2509339;Matinhas;Total - Federal  Estadual  Municipal e Privada;Urbana;191.1;205.51;237.71;233.11;249.12;244.38;3.85;30.77;11.54;23.08;3.85;7.69;11.54;3.85;;3.85;;15.38;7.69;30.77;19.23;11.54;7.69;;;3.85;3.85;19.42;17.13;27.49;12.07;17.13;5.05;1.71;;;20.6;16.47;29.33;16.93;10.04;4.99;1.64;;;;29.35;20.31;27.54;11.22;7.97;3.62;;;;27.54;30.46;28.6;7.6;3.99;1.81;;;;;;;;;;;;;;;;;;;;;;;;;;29.35;20.31;27.54;11.22;7.97;3.62;;;;27.54;30.46;28.6;7.6;3.99;1.81;;;;;
2023;25;Paraíba;2509339;Matinhas;Estadual;Total;;;233.71;221.12;249.12;244.38;;;;;;;;;;;;;;;;;;;;;;28.15;15.56;22.2;9.61;15.56;5.95;2.97;;;24.48;25.86;31.12;6.64;8.92;2.97;;;;;29.35;20.31;27.54;11.22;7.97;3.62;;;;27.54;30.46;28.6;7.6;3.99;1.81;;;;;;;;;;;;;;;;;;;;;;;;;;29.35;20.31;27.54;11.22;7.97;3.62;;;;27.54;30.46;28.6;7.6;3.99;1.81;;;;;
2023;25;Paraíba;2509339;Matinhas;Estadual;Urbana;;;233.71;221.12;249.12;244.38;;;;;;;;;;;;;;;;;;;;;;28.15;15.56;22.2;9.61;15.56;5.95;2.97;0;0;24.48;25.86;31.12;6.64;8.92;2.97;0;0;0;0;29.35;20.31;27.54;11.22;7.97;3.62;0;0;0;27.54;30.46;28.6;7.6;3.99;1.81;0;0;0;0;0;;;;;;;;;;;;;;;;;;;;;29.35;20.31;27.54;11.22;7.97;3.62;0;0;0;27.54;30.46;28.6;7.6;3.99;1.81;0;0;0;0;0
2023;25;Paraíba;2509339;Matinhas;Municipal;Total;191.1;205.51;243.09;249.23;;;3.85;30.77;11.54;23.08;3.85;7.69;11.54;3.85;;3.85;;15.38;7.69;30.77;19.23;11.54;7.69;;;3.85;3.85;7.69;19.23;34.62;15.38;19.23;3.85;;;;15.38;3.85;26.92;30.77;11.54;7.69;3.85;;;;;;;;;;;;;;;;;;;;;;;;;;;;;;;;;;;;;;;;;;;;;;;;;;;;;;;;;;;;;;;
2023;25;Paraíba;2509339;Matinhas;Municipal;Urbana;191.1;205.51;243.09;249.23;;;3.85;30.77;11.54;23.08;3.85;7.69;11.54;3.85;0;3.85;0;15.38;7.69;30.77;19.23;11.54;7.69;0;0;3.85;3.85;7.69;19.23;34.62;15.38;19.23;3.85;0;0;0;15.38;3.85;26.92;30.77;11.54;7.69;3.85;0;0;0;;;;;;;;;;;;;;;;;;;;;;;;;;;;;;;;;;;;;;;;;;;;;;;;;;;;;;;;;;;;
2023;25;Paraíba;2509339;Matinhas;Total - Estadual e Municipal;Total;191.1;205.51;237.71;233.11;249.12;244.38;3.85;30.77;11.54;23.08;3.85;7.69;11.54;3.85;;3.85;;15.38;7.69;30.77;19.23;11.54;7.69;;;3.85;3.85;19.42;17.13;27.49;12.07;17.13;5.05;1.71;;;20.6;16.47;29.33;16.93;10.04;4.99;1.64;;;;29.35;20.31;27.54;11.22;7.97;3.62;;;;27.54;30.46;28.6;7.6;3.99;1.81;;;;;;;;;;;;;;;;;;;;;;;;;;29.35;20.31;27.54;11.22;7.97;3.62;;;;27.54;30.46;28.6;7.6;3.99;1.81;;;;;
2023;25;Paraíba;2509339;Matinhas;Total - Estadual e Municipal;Urbana;191.1;205.51;237.71;233.11;249.12;244.38;3.85;30.77;11.54;23.08;3.85;7.69;11.54;3.85;;3.85;;15.38;7.69;30.77;19.23;11.54;7.69;;;3.85;3.85;19.42;17.13;27.49;12.07;17.13;5.05;1.71;;;20.6;16.47;29.33;16.93;10.04;4.99;1.64;;;;29.35;20.31;27.54;11.22;7.97;3.62;;;;27.54;30.46;28.6;7.6;3.99;1.81;;;;;;;;;;;;;;;;;;;;;;;;;;29.35;20.31;27.54;11.22;7.97;3.62;;;;27.54;30.46;28.6;7.6;3.99;1.81;;;;;
2023;25;Paraíba;2509339;Matinhas;Total - Federal  Estadual e Municipal;Total;191.1;205.51;237.71;233.11;249.12;244.38;3.85;30.77;11.54;23.08;3.85;7.69;11.54;3.85;;3.85;;15.38;7.69;30.77;19.23;11.54;7.69;;;3.85;3.85;19.42;17.13;27.49;12.07;17.13;5.05;1.71;;;20.6;16.47;29.33;16.93;10.04;4.99;1.64;;;;29.35;20.31;27.54;11.22;7.97;3.62;;;;27.54;30.46;28.6;7.6;3.99;1.81;;;;;;;;;;;;;;;;;;;;;;;;;;29.35;20.31;27.54;11.22;7.97;3.62;;;;27.54;30.46;28.6;7.6;3.99;1.81;;;;;
2023;25;Paraíba;2509339;Matinhas;Total - Federal  Estadual e Municipal;Urbana;191.1;205.51;237.71;233.11;249.12;244.38;3.85;30.77;11.54;23.08;3.85;7.69;11.54;3.85;;3.85;;15.38;7.69;30.77;19.23;11.54;7.69;;;3.85;3.85;19.42;17.13;27.49;12.07;17.13;5.05;1.71;;;20.6;16.47;29.33;16.93;10.04;4.99;1.64;;;;29.35;20.31;27.54;11.22;7.97;3.62;;;;27.54;30.46;28.6;7.6;3.99;1.81;;;;;;;;;;;;;;;;;;;;;;;;;;29.35;20.31;27.54;11.22;7.97;3.62;;;;27.54;30.46;28.6;7.6;3.99;1.81;;;;;
2023;25;Paraíba;2509370;Mato Grosso;Total - Federal  Estadual  Municipal e Privada;Total;199.26;218.6;239.76;242.09;282.49;278.23;3.57;17.86;14.29;14.29;21.43;10.71;7.14;7.14;3.57;;3.57;;17.86;10.71;25;10.71;17.86;10.71;3.57;;;25.05;15.05;25.03;4.98;17.42;7.47;2.49;2.51;;20.05;15.03;22.52;19.96;17.47;4.98;;;;;13.04;8.7;;52.17;17.39;4.35;4.35;;;4.35;26.09;17.39;17.39;26.09;4.35;4.35;;;;;;;;;;;;;;;;;;;;;;;;;13.04;8.7;;52.17;17.39;4.35;4.35;;;4.35;26.09;17.39;17.39;26.09;4.35;4.35;;;;
2023;25;Paraíba;2509370;Mato Grosso;Total - Federal  Estadual  Municipal e Privada;Urbana;199.26;218.6;239.76;242.09;282.49;278.23;3.57;17.86;14.29;14.29;21.43;10.71;7.14;7.14;3.57;;3.57;;17.86;10.71;25;10.71;17.86;10.71;3.57;;;25.05;15.05;25.03;4.98;17.42;7.47;2.49;2.51;;20.05;15.03;22.52;19.96;17.47;4.98;;;;;13.04;8.7;;52.17;17.39;4.35;4.35;;;4.35;26.09;17.39;17.39;26.09;4.35;4.35;;;;;;;;;;;;;;;;;;;;;;;;;13.04;8.7;;52.17;17.39;4.35;4.35;;;4.35;26.09;17.39;17.39;26.09;4.35;4.35;;;;
2023;25;Paraíba;2509370;Mato Grosso;Estadual;Total;;;;;282.49;278.23;;;;;;;;;;;;;;;;;;;;;;;;;;;;;;;;;;;;;;;;;13.04;8.7;;52.17;17.39;4.35;4.35;;;4.35;26.09;17.39;17.39;26.09;4.35;4.35;;;;;;;;;;;;;;;;;;;;;;;;;13.04;8.7;;52.17;17.39;4.35;4.35;;;4.35;26.09;17.39;17.39;26.09;4.35;4.35;;;;
2023;25;Paraíba;2509370;Mato Grosso;Estadual;Urbana;;;;;282.49;278.23;;;;;;;;;;;;;;;;;;;;;;;;;;;;;;;;;;;;;;;;;13.04;8.7;0;52.17;17.39;4.35;4.35;0;0;4.35;26.09;17.39;17.39;26.09;4.35;4.35;0;0;0;0;;;;;;;;;;;;;;;;;;;;;13.04;8.7;0;52.17;17.39;4.35;4.35;0;0;4.35;26.09;17.39;17.39;26.09;4.35;4.35;0;0;0;0
2023;25;Paraíba;2509370;Mato Grosso;Municipal;Total;199.26;218.6;239.76;242.09;;;3.57;17.86;14.29;14.29;21.43;10.71;7.14;7.14;3.57;;3.57;;17.86;10.71;25;10.71;17.86;10.71;3.57;;;25.05;15.05;25.03;4.98;17.42;7.47;2.49;2.51;;20.05;15.03;22.52;19.96;17.47;4.98;;;;;;;;;;;;;;;;;;;;;;;;;;;;;;;;;;;;;;;;;;;;;;;;;;;;;;;;;;;;;;;;
2023;25;Paraíba;2509370;Mato Grosso;Municipal;Urbana;199.26;218.6;239.76;242.09;;;3.57;17.86;14.29;14.29;21.43;10.71;7.14;7.14;3.57;0;3.57;0;17.86;10.71;25;10.71;17.86;10.71;3.57;0;0;25.05;15.05;25.03;4.98;17.42;7.47;2.49;2.51;0;20.05;15.03;22.52;19.96;17.47;4.98;0;0;0;0;;;;;;;;;;;;;;;;;;;;;;;;;;;;;;;;;;;;;;;;;;;;;;;;;;;;;;;;;;;;
2023;25;Paraíba;2509370;Mato Grosso;Total - Estadual e Municipal;Total;199.26;218.6;239.76;242.09;282.49;278.23;3.57;17.86;14.29;14.29;21.43;10.71;7.14;7.14;3.57;;3.57;;17.86;10.71;25;10.71;17.86;10.71;3.57;;;25.05;15.05;25.03;4.98;17.42;7.47;2.49;2.51;;20.05;15.03;22.52;19.96;17.47;4.98;;;;;13.04;8.7;;52.17;17.39;4.35;4.35;;;4.35;26.09;17.39;17.39;26.09;4.35;4.35;;;;;;;;;;;;;;;;;;;;;;;;;13.04;8.7;;52.17;17.39;4.35;4.35;;;4.35;26.09;17.39;17.39;26.09;4.35;4.35;;;;
2023;25;Paraíba;2509370;Mato Grosso;Total - Estadual e Municipal;Urbana;199.26;218.6;239.76;242.09;282.49;278.23;3.57;17.86;14.29;14.29;21.43;10.71;7.14;7.14;3.57;;3.57;;17.86;10.71;25;10.71;17.86;10.71;3.57;;;25.05;15.05;25.03;4.98;17.42;7.47;2.49;2.51;;20.05;15.03;22.52;19.96;17.47;4.98;;;;;13.04;8.7;;52.17;17.39;4.35;4.35;;;4.35;26.09;17.39;17.39;26.09;4.35;4.35;;;;;;;;;;;;;;;;;;;;;;;;;13.04;8.7;;52.17;17.39;4.35;4.35;;;4.35;26.09;17.39;17.39;26.09;4.35;4.35;;;;
2023;25;Paraíba;2509370;Mato Grosso;Total - Federal  Estadual e Municipal;Total;199.26;218.6;239.76;242.09;282.49;278.23;3.57;17.86;14.29;14.29;21.43;10.71;7.14;7.14;3.57;;3.57;;17.86;10.71;25;10.71;17.86;10.71;3.57;;;25.05;15.05;25.03;4.98;17.42;7.47;2.49;2.51;;20.05;15.03;22.52;19.96;17.47;4.98;;;;;13.04;8.7;;52.17;17.39;4.35;4.35;;;4.35;26.09;17.39;17.39;26.09;4.35;4.35;;;;;;;;;;;;;;;;;;;;;;;;;13.04;8.7;;52.17;17.39;4.35;4.35;;;4.35;26.09;17.39;17.39;26.09;4.35;4.35;;;;
2023;25;Paraíba;2509370;Mato Grosso;Total - Federal  Estadual e Municipal;Urbana;199.26;218.6;239.76;242.09;282.49;278.23;3.57;17.86;14.29;14.29;21.43;10.71;7.14;7.14;3.57;;3.57;;17.86;10.71;25;10.71;17.86;10.71;3.57;;;25.05;15.05;25.03;4.98;17.42;7.47;2.49;2.51;;20.05;15.03;22.52;19.96;17.47;4.98;;;;;13.04;8.7;;52.17;17.39;4.35;4.35;;;4.35;26.09;17.39;17.39;26.09;4.35;4.35;;;;;;;;;;;;;;;;;;;;;;;;;13.04;8.7;;52.17;17.39;4.35;4.35;;;4.35;26.09;17.39;17.39;26.09;4.35;4.35;;;;
2023;25;Paraíba;2509396;Maturéia;Total - Federal  Estadual  Municipal e Privada;Total;200.41;206.85;253.8;253.46;267.51;271.48;8.04;11.17;14.51;9.5;25.89;19.73;3.24;3.13;3.24;1.57;4.8;9.6;11.27;19.31;19.31;19.52;4.91;6.58;3.13;;1.57;17.09;6.9;19.92;21.8;16.41;12.3;3.81;1.78;;11.74;15.34;21.67;21.28;13.59;12.59;1.98;0.93;0.89;;13.53;23.29;20.78;16.34;15.59;7.99;2.47;;;12.71;24.32;20.69;17.43;15.9;2.85;2.47;2.41;;1.21;;;;;;;;;;;;;;;;;;;;;;13.53;23.29;20.78;16.34;15.59;7.99;2.47;;;12.71;24.32;20.69;17.43;15.9;2.85;2.47;2.41;;1.21;
2023;25;Paraíba;2509396;Maturéia;Total - Federal  Estadual  Municipal e Privada;Urbana;200.41;206.85;253.8;253.46;267.51;271.48;8.04;11.17;14.51;9.5;25.89;19.73;3.24;3.13;3.24;1.57;4.8;9.6;11.27;19.31;19.31;19.52;4.91;6.58;3.13;;1.57;17.09;6.9;19.92;21.8;16.41;12.3;3.81;1.78;;11.74;15.34;21.67;21.28;13.59;12.59;1.98;0.93;0.89;;13.53;23.29;20.78;16.34;15.59;7.99;2.47;;;12.71;24.32;20.69;17.43;15.9;2.85;2.47;2.41;;1.21;;;;;;;;;;;;;;;;;;;;;;13.53;23.29;20.78;16.34;15.59;7.99;2.47;;;12.71;24.32;20.69;17.43;15.9;2.85;2.47;2.41;;1.21;
2023;25;Paraíba;2509396;Maturéia;Estadual;Total;;;;;267.51;271.48;;;;;;;;;;;;;;;;;;;;;;;;;;;;;;;;;;;;;;;;;13.53;23.29;20.78;16.34;15.59;7.99;2.47;;;12.71;24.32;20.69;17.43;15.9;2.85;2.47;2.41;;1.21;;;;;;;;;;;;;;;;;;;;;;13.53;23.29;20.78;16.34;15.59;7.99;2.47;;;12.71;24.32;20.69;17.43;15.9;2.85;2.47;2.41;;1.21;
2023;25;Paraíba;2509396;Maturéia;Estadual;Urbana;;;;;267.51;271.48;;;;;;;;;;;;;;;;;;;;;;;;;;;;;;;;;;;;;;;;;13.53;23.29;20.78;16.34;15.59;7.99;2.47;0;0;12.71;24.32;20.69;17.43;15.9;2.85;2.47;2.41;0;1.21;0;;;;;;;;;;;;;;;;;;;;;13.53;23.29;20.78;16.34;15.59;7.99;2.47;0;0;12.71;24.32;20.69;17.43;15.9;2.85;2.47;2.41;0;1.21;0
2023;25;Paraíba;2509396;Maturéia;Municipal;Total;200.41;206.85;253.8;253.46;;;8.04;11.17;14.51;9.5;25.89;19.73;3.24;3.13;3.24;1.57;4.8;9.6;11.27;19.31;19.31;19.52;4.91;6.58;3.13;;1.57;17.09;6.9;19.92;21.8;16.41;12.3;3.81;1.78;;11.74;15.34;21.67;21.28;13.59;12.59;1.98;0.93;0.89;;;;;;;;;;;;;;;;;;;;;;;;;;;;;;;;;;;;;;;;;;;;;;;;;;;;;;;;;;;;;
2023;25;Paraíba;2509396;Maturéia;Municipal;Urbana;200.41;206.85;253.8;253.46;;;8.04;11.17;14.51;9.5;25.89;19.73;3.24;3.13;3.24;1.57;4.8;9.6;11.27;19.31;19.31;19.52;4.91;6.58;3.13;0;1.57;17.09;6.9;19.92;21.8;16.41;12.3;3.81;1.78;0;11.74;15.34;21.67;21.28;13.59;12.59;1.98;0.93;0.89;0;;;;;;;;;;;;;;;;;;;;;;;;;;;;;;;;;;;;;;;;;;;;;;;;;;;;;;;;;;;;
2023;25;Paraíba;2509396;Maturéia;Total - Estadual e Municipal;Total;200.41;206.85;253.8;253.46;267.51;271.48;8.04;11.17;14.51;9.5;25.89;19.73;3.24;3.13;3.24;1.57;4.8;9.6;11.27;19.31;19.31;19.52;4.91;6.58;3.13;;1.57;17.09;6.9;19.92;21.8;16.41;12.3;3.81;1.78;;11.74;15.34;21.67;21.28;13.59;12.59;1.98;0.93;0.89;;13.53;23.29;20.78;16.34;15.59;7.99;2.47;;;12.71;24.32;20.69;17.43;15.9;2.85;2.47;2.41;;1.21;;;;;;;;;;;;;;;;;;;;;;13.53;23.29;20.78;16.34;15.59;7.99;2.47;;;12.71;24.32;20.69;17.43;15.9;2.85;2.47;2.41;;1.21;
2023;25;Paraíba;2509396;Maturéia;Total - Estadual e Municipal;Urbana;200.41;206.85;253.8;253.46;267.51;271.48;8.04;11.17;14.51;9.5;25.89;19.73;3.24;3.13;3.24;1.57;4.8;9.6;11.27;19.31;19.31;19.52;4.91;6.58;3.13;;1.57;17.09;6.9;19.92;21.8;16.41;12.3;3.81;1.78;;11.74;15.34;21.67;21.28;13.59;12.59;1.98;0.93;0.89;;13.53;23.29;20.78;16.34;15.59;7.99;2.47;;;12.71;24.32;20.69;17.43;15.9;2.85;2.47;2.41;;1.21;;;;;;;;;;;;;;;;;;;;;;13.53;23.29;20.78;16.34;15.59;7.99;2.47;;;12.71;24.32;20.69;17.43;15.9;2.85;2.47;2.41;;1.21;
2023;25;Paraíba;2509396;Maturéia;Total - Federal  Estadual e Municipal;Total;200.41;206.85;253.8;253.46;267.51;271.48;8.04;11.17;14.51;9.5;25.89;19.73;3.24;3.13;3.24;1.57;4.8;9.6;11.27;19.31;19.31;19.52;4.91;6.58;3.13;;1.57;17.09;6.9;19.92;21.8;16.41;12.3;3.81;1.78;;11.74;15.34;21.67;21.28;13.59;12.59;1.98;0.93;0.89;;13.53;23.29;20.78;16.34;15.59;7.99;2.47;;;12.71;24.32;20.69;17.43;15.9;2.85;2.47;2.41;;1.21;;;;;;;;;;;;;;;;;;;;;;13.53;23.29;20.78;16.34;15.59;7.99;2.47;;;12.71;24.32;20.69;17.43;15.9;2.85;2.47;2.41;;1.21;
2023;25;Paraíba;2509396;Maturéia;Total - Federal  Estadual e Municipal;Urbana;200.41;206.85;253.8;253.46;267.51;271.48;8.04;11.17;14.51;9.5;25.89;19.73;3.24;3.13;3.24;1.57;4.8;9.6;11.27;19.31;19.31;19.52;4.91;6.58;3.13;;1.57;17.09;6.9;19.92;21.8;16.41;12.3;3.81;1.78;;11.74;15.34;21.67;21.28;13.59;12.59;1.98;0.93;0.89;;13.53;23.29;20.78;16.34;15.59;7.99;2.47;;;12.71;24.32;20.69;17.43;15.9;2.85;2.47;2.41;;1.21;;;;;;;;;;;;;;;;;;;;;;13.53;23.29;20.78;16.34;15.59;7.99;2.47;;;12.71;24.32;20.69;17.43;15.9;2.85;2.47;2.41;;1.21;
2023;25;Paraíba;2509404;Mogeiro;Total - Federal  Estadual  Municipal e Privada;Total;179.81;191.86;209.86;212.46;246.93;252.78;6.74;24.37;22.77;15.13;14.95;10.03;4.03;1.96;;;7.11;15.35;18.94;19.53;15.98;9.16;5.97;3.87;4.08;;;50.4;16.98;13.39;8.71;5.46;3.71;1.34;;;45.6;20.21;12.56;11.26;6.84;3.1;0.42;;;;33.33;20.83;12.5;8.33;25;;;;;29.17;25;20.83;12.5;8.33;4.17;;;;;;25.07;25.74;19.27;16.31;7.95;;3.77;1.89;;24.26;21.56;18.19;19.27;12.53;4.18;;;;;;27.48;24.31;17.3;13.98;12.93;;2.67;1.34;;25.69;22.57;18.96;17.3;11.31;4.17;;;;;
2023;25;Paraíba;2509404;Mogeiro;Total - Federal  Estadual  Municipal e Privada;Urbana;180.85;191.9;207.87;211.49;246.93;252.78;4.85;25.16;21.77;17.07;15.53;10.43;3.94;1.25;;;4.03;16.05;18.1;21.48;18.17;11.91;5.16;3.73;1.39;;;52.51;17;12.67;8.22;5.28;3.42;0.91;;;46.89;19.39;12.3;10.93;6.74;3.3;0.45;;;;33.33;20.83;12.5;8.33;25;;;;;29.17;25;20.83;12.5;8.33;4.17;;;;;;25.07;25.74;19.27;16.31;7.95;;3.77;1.89;;24.26;21.56;18.19;19.27;12.53;4.18;;;;;;27.48;24.31;17.3;13.98;12.93;;2.67;1.34;;25.69;22.57;18.96;17.3;11.31;4.17;;;;;
2023;25;Paraíba;2509404;Mogeiro;Total - Federal  Estadual  Municipal e Privada;Rural;176.36;191.7;241.77;228.05;;;13.04;21.74;26.09;8.7;13.04;8.7;4.35;4.35;;;17.39;13.04;21.74;13.04;8.7;;8.7;4.35;13.04;;;16.67;16.67;25;16.67;8.33;8.33;8.33;;;25;33.33;16.67;16.67;8.33;;;;;;;;;;;;;;;;;;;;;;;;;;;;;;;;;;;;;;;;;;;;;;;;;;;;;;;;;;;;;;;;;
2023;25;Paraíba;2509404;Mogeiro;Estadual;Total;;;;;246.93;252.78;;;;;;;;;;;;;;;;;;;;;;;;;;;;;;;;;;;;;;;;;33.33;20.83;12.5;8.33;25;;;;;29.17;25;20.83;12.5;8.33;4.17;;;;;;25.07;25.74;19.27;16.31;7.95;;3.77;1.89;;24.26;21.56;18.19;19.27;12.53;4.18;;;;;;27.48;24.31;17.3;13.98;12.93;;2.67;1.34;;25.69;22.57;18.96;17.3;11.31;4.17;;;;;
2023;25;Paraíba;2509404;Mogeiro;Estadual;Urbana;;;;;246.93;252.78;;;;;;;;;;;;;;;;;;;;;;;;;;;;;;;;;;;;;;;;;33.33;20.83;12.5;8.33;25;0;0;0;0;29.17;25;20.83;12.5;8.33;4.17;0;0;0;0;0;25.07;25.74;19.27;16.31;7.95;0;3.77;1.89;0;24.26;21.56;18.19;19.27;12.53;4.18;0;0;0;0;0;27.48;24.31;17.3;13.98;12.93;0;2.67;1.34;0;25.69;22.57;18.96;17.3;11.31;4.17;0;0;0;0;0
2023;25;Paraíba;2509404;Mogeiro;Municipal;Total;179.81;191.86;209.86;212.46;;;6.74;24.37;22.77;15.13;14.95;10.03;4.03;1.96;;;7.11;15.35;18.94;19.53;15.98;9.16;5.97;3.87;4.08;;;50.4;16.98;13.39;8.71;5.46;3.71;1.34;;;45.6;20.21;12.56;11.26;6.84;3.1;0.42;;;;;;;;;;;;;;;;;;;;;;;;;;;;;;;;;;;;;;;;;;;;;;;;;;;;;;;;;;;;;;;
2023;25;Paraíba;2509404;Mogeiro;Municipal;Urbana;180.85;191.9;207.87;211.49;;;4.85;25.16;21.77;17.07;15.53;10.43;3.94;1.25;0;0;4.03;16.05;18.1;21.48;18.17;11.91;5.16;3.73;1.39;0;0;52.51;17;12.67;8.22;5.28;3.42;0.91;0;0;46.89;19.39;12.3;10.93;6.74;3.3;0.45;0;0;0;;;;;;;;;;;;;;;;;;;;;;;;;;;;;;;;;;;;;;;;;;;;;;;;;;;;;;;;;;;;
2023;25;Paraíba;2509404;Mogeiro;Municipal;Rural;176.36;191.7;241.77;228.05;;;13.04;21.74;26.09;8.7;13.04;8.7;4.35;4.35;0;0;17.39;13.04;21.74;13.04;8.7;0;8.7;4.35;13.04;0;0;16.67;16.67;25;16.67;8.33;8.33;8.33;0;0;25;33.33;16.67;16.67;8.33;0;0;0;0;0;;;;;;;;;;;;;;;;;;;;;;;;;;;;;;;;;;;;;;;;;;;;;;;;;;;;;;;;;;;;
2023;25;Paraíba;2509404;Mogeiro;Total - Estadual e Municipal;Total;179.81;191.86;209.86;212.46;246.93;252.78;6.74;24.37;22.77;15.13;14.95;10.03;4.03;1.96;;;7.11;15.35;18.94;19.53;15.98;9.16;5.97;3.87;4.08;;;50.4;16.98;13.39;8.71;5.46;3.71;1.34;;;45.6;20.21;12.56;11.26;6.84;3.1;0.42;;;;33.33;20.83;12.5;8.33;25;;;;;29.17;25;20.83;12.5;8.33;4.17;;;;;;25.07;25.74;19.27;16.31;7.95;;3.77;1.89;;24.26;21.56;18.19;19.27;12.53;4.18;;;;;;27.48;24.31;17.3;13.98;12.93;;2.67;1.34;;25.69;22.57;18.96;17.3;11.31;4.17;;;;;
2023;25;Paraíba;2509404;Mogeiro;Total - Estadual e Municipal;Urbana;180.85;191.9;207.87;211.49;246.93;252.78;4.85;25.16;21.77;17.07;15.53;10.43;3.94;1.25;;;4.03;16.05;18.1;21.48;18.17;11.91;5.16;3.73;1.39;;;52.51;17;12.67;8.22;5.28;3.42;0.91;;;46.89;19.39;12.3;10.93;6.74;3.3;0.45;;;;33.33;20.83;12.5;8.33;25;;;;;29.17;25;20.83;12.5;8.33;4.17;;;;;;25.07;25.74;19.27;16.31;7.95;;3.77;1.89;;24.26;21.56;18.19;19.27;12.53;4.18;;;;;;27.48;24.31;17.3;13.98;12.93;;2.67;1.34;;25.69;22.57;18.96;17.3;11.31;4.17;;;;;
2023;25;Paraíba;2509404;Mogeiro;Total - Estadual e Municipal;Rural;176.36;191.7;241.77;228.05;;;13.04;21.74;26.09;8.7;13.04;8.7;4.35;4.35;;;17.39;13.04;21.74;13.04;8.7;;8.7;4.35;13.04;;;16.67;16.67;25;16.67;8.33;8.33;8.33;;;25;33.33;16.67;16.67;8.33;;;;;;;;;;;;;;;;;;;;;;;;;;;;;;;;;;;;;;;;;;;;;;;;;;;;;;;;;;;;;;;;;
2023;25;Paraíba;2509404;Mogeiro;Total - Federal  Estadual e Municipal;Total;179.81;191.86;209.86;212.46;246.93;252.78;6.74;24.37;22.77;15.13;14.95;10.03;4.03;1.96;;;7.11;15.35;18.94;19.53;15.98;9.16;5.97;3.87;4.08;;;50.4;16.98;13.39;8.71;5.46;3.71;1.34;;;45.6;20.21;12.56;11.26;6.84;3.1;0.42;;;;33.33;20.83;12.5;8.33;25;;;;;29.17;25;20.83;12.5;8.33;4.17;;;;;;25.07;25.74;19.27;16.31;7.95;;3.77;1.89;;24.26;21.56;18.19;19.27;12.53;4.18;;;;;;27.48;24.31;17.3;13.98;12.93;;2.67;1.34;;25.69;22.57;18.96;17.3;11.31;4.17;;;;;
2023;25;Paraíba;2509404;Mogeiro;Total - Federal  Estadual e Municipal;Urbana;180.85;191.9;207.87;211.49;246.93;252.78;4.85;25.16;21.77;17.07;15.53;10.43;3.94;1.25;;;4.03;16.05;18.1;21.48;18.17;11.91;5.16;3.73;1.39;;;52.51;17;12.67;8.22;5.28;3.42;0.91;;;46.89;19.39;12.3;10.93;6.74;3.3;0.45;;;;33.33;20.83;12.5;8.33;25;;;;;29.17;25;20.83;12.5;8.33;4.17;;;;;;25.07;25.74;19.27;16.31;7.95;;3.77;1.89;;24.26;21.56;18.19;19.27;12.53;4.18;;;;;;27.48;24.31;17.3;13.98;12.93;;2.67;1.34;;25.69;22.57;18.96;17.3;11.31;4.17;;;;;
2023;25;Paraíba;2509404;Mogeiro;Total - Federal  Estadual e Municipal;Rural;176.36;191.7;241.77;228.05;;;13.04;21.74;26.09;8.7;13.04;8.7;4.35;4.35;;;17.39;13.04;21.74;13.04;8.7;;8.7;4.35;13.04;;;16.67;16.67;25;16.67;8.33;8.33;8.33;;;25;33.33;16.67;16.67;8.33;;;;;;;;;;;;;;;;;;;;;;;;;;;;;;;;;;;;;;;;;;;;;;;;;;;;;;;;;;;;;;;;;
2023;25;Paraíba;2509503;Montadas;Total - Federal  Estadual  Municipal e Privada;Total;204.17;224.84;245.41;248.21;295.34;279.94;4.67;12.74;11.65;20.22;15.6;16.88;9.68;4.86;3.7;;4.62;4.67;15.3;9.47;17.68;14.5;9.54;14.39;9.83;;;17.72;15.56;22.84;13.59;17.65;8.59;3.02;1.03;;11.42;14.4;21.26;27.49;15.73;9.7;;;;;5.13;5.13;23.08;12.82;25.64;20.51;7.69;;;2.56;25.64;17.95;28.21;7.69;10.26;7.69;;;;;;;;;;;;;;;;;;;;;;;;;5.13;5.13;23.08;12.82;25.64;20.51;7.69;;;2.56;25.64;17.95;28.21;7.69;10.26;7.69;;;;
2023;25;Paraíba;2509503;Montadas;Total - Federal  Estadual  Municipal e Privada;Urbana;204.17;224.84;245.41;248.21;295.34;279.94;4.67;12.74;11.65;20.22;15.6;16.88;9.68;4.86;3.7;;4.62;4.67;15.3;9.47;17.68;14.5;9.54;14.39;9.83;;;17.72;15.56;22.84;13.59;17.65;8.59;3.02;1.03;;11.42;14.4;21.26;27.49;15.73;9.7;;;;;5.13;5.13;23.08;12.82;25.64;20.51;7.69;;;2.56;25.64;17.95;28.21;7.69;10.26;7.69;;;;;;;;;;;;;;;;;;;;;;;;;5.13;5.13;23.08;12.82;25.64;20.51;7.69;;;2.56;25.64;17.95;28.21;7.69;10.26;7.69;;;;
2023;25;Paraíba;2509503;Montadas;Estadual;Total;;;;;295.34;279.94;;;;;;;;;;;;;;;;;;;;;;;;;;;;;;;;;;;;;;;;;5.13;5.13;23.08;12.82;25.64;20.51;7.69;;;2.56;25.64;17.95;28.21;7.69;10.26;7.69;;;;;;;;;;;;;;;;;;;;;;;;;5.13;5.13;23.08;12.82;25.64;20.51;7.69;;;2.56;25.64;17.95;28.21;7.69;10.26;7.69;;;;
2023;25;Paraíba;2509503;Montadas;Estadual;Urbana;;;;;295.34;279.94;;;;;;;;;;;;;;;;;;;;;;;;;;;;;;;;;;;;;;;;;5.13;5.13;23.08;12.82;25.64;20.51;7.69;0;0;2.56;25.64;17.95;28.21;7.69;10.26;7.69;0;0;0;0;;;;;;;;;;;;;;;;;;;;;5.13;5.13;23.08;12.82;25.64;20.51;7.69;0;0;2.56;25.64;17.95;28.21;7.69;10.26;7.69;0;0;0;0
2023;25;Paraíba;2509503;Montadas;Municipal;Total;204.17;224.84;245.41;248.21;;;4.67;12.74;11.65;20.22;15.6;16.88;9.68;4.86;3.7;;4.62;4.67;15.3;9.47;17.68;14.5;9.54;14.39;9.83;;;17.72;15.56;22.84;13.59;17.65;8.59;3.02;1.03;;11.42;14.4;21.26;27.49;15.73;9.7;;;;;;;;;;;;;;;;;;;;;;;;;;;;;;;;;;;;;;;;;;;;;;;;;;;;;;;;;;;;;;;;
2023;25;Paraíba;2509503;Montadas;Municipal;Urbana;204.17;224.84;245.41;248.21;;;4.67;12.74;11.65;20.22;15.6;16.88;9.68;4.86;3.7;0;4.62;4.67;15.3;9.47;17.68;14.5;9.54;14.39;9.83;0;0;17.72;15.56;22.84;13.59;17.65;8.59;3.02;1.03;0;11.42;14.4;21.26;27.49;15.73;9.7;0;0;0;0;;;;;;;;;;;;;;;;;;;;;;;;;;;;;;;;;;;;;;;;;;;;;;;;;;;;;;;;;;;;
2023;25;Paraíba;2509503;Montadas;Total - Estadual e Municipal;Total;204.17;224.84;245.41;248.21;295.34;279.94;4.67;12.74;11.65;20.22;15.6;16.88;9.68;4.86;3.7;;4.62;4.67;15.3;9.47;17.68;14.5;9.54;14.39;9.83;;;17.72;15.56;22.84;13.59;17.65;8.59;3.02;1.03;;11.42;14.4;21.26;27.49;15.73;9.7;;;;;5.13;5.13;23.08;12.82;25.64;20.51;7.69;;;2.56;25.64;17.95;28.21;7.69;10.26;7.69;;;;;;;;;;;;;;;;;;;;;;;;;5.13;5.13;23.08;12.82;25.64;20.51;7.69;;;2.56;25.64;17.95;28.21;7.69;10.26;7.69;;;;
2023;25;Paraíba;2509503;Montadas;Total - Estadual e Municipal;Urbana;204.17;224.84;245.41;248.21;295.34;279.94;4.67;12.74;11.65;20.22;15.6;16.88;9.68;4.86;3.7;;4.62;4.67;15.3;9.47;17.68;14.5;9.54;14.39;9.83;;;17.72;15.56;22.84;13.59;17.65;8.59;3.02;1.03;;11.42;14.4;21.26;27.49;15.73;9.7;;;;;5.13;5.13;23.08;12.82;25.64;20.51;7.69;;;2.56;25.64;17.95;28.21;7.69;10.26;7.69;;;;;;;;;;;;;;;;;;;;;;;;;5.13;5.13;23.08;12.82;25.64;20.51;7.69;;;2.56;25.64;17.95;28.21;7.69;10.26;7.69;;;;
2023;25;Paraíba;2509503;Montadas;Total - Federal  Estadual e Municipal;Total;204.17;224.84;245.41;248.21;295.34;279.94;4.67;12.74;11.65;20.22;15.6;16.88;9.68;4.86;3.7;;4.62;4.67;15.3;9.47;17.68;14.5;9.54;14.39;9.83;;;17.72;15.56;22.84;13.59;17.65;8.59;3.02;1.03;;11.42;14.4;21.26;27.49;15.73;9.7;;;;;5.13;5.13;23.08;12.82;25.64;20.51;7.69;;;2.56;25.64;17.95;28.21;7.69;10.26;7.69;;;;;;;;;;;;;;;;;;;;;;;;;5.13;5.13;23.08;12.82;25.64;20.51;7.69;;;2.56;25.64;17.95;28.21;7.69;10.26;7.69;;;;
2023;25;Paraíba;2509503;Montadas;Total - Federal  Estadual e Municipal;Urbana;204.17;224.84;245.41;248.21;295.34;279.94;4.67;12.74;11.65;20.22;15.6;16.88;9.68;4.86;3.7;;4.62;4.67;15.3;9.47;17.68;14.5;9.54;14.39;9.83;;;17.72;15.56;22.84;13.59;17.65;8.59;3.02;1.03;;11.42;14.4;21.26;27.49;15.73;9.7;;;;;5.13;5.13;23.08;12.82;25.64;20.51;7.69;;;2.56;25.64;17.95;28.21;7.69;10.26;7.69;;;;;;;;;;;;;;;;;;;;;;;;;5.13;5.13;23.08;12.82;25.64;20.51;7.69;;;2.56;25.64;17.95;28.21;7.69;10.26;7.69;;;;
2023;25;Paraíba;2509602;Monte Horebe;Total - Federal  Estadual  Municipal e Privada;Total;193.07;206.63;247.51;245.78;265.87;278.64;5.62;22.56;13.09;11.39;20.78;9.62;9.32;7.62;;;11.24;11.24;13.17;13.17;9.47;11.39;15.24;15.09;;;;17.2;16.18;20.97;14.9;14.73;11.63;4.38;;;20.02;17.92;17.44;12.03;13.32;10.5;5.84;2.92;;;18.22;20.89;26.67;13.33;11.33;9.56;;;;15.33;13.33;22.89;23.78;7.56;2.89;14.22;;;;;;;;;;;;;;;;;;;;;;;;;18.22;20.89;26.67;13.33;11.33;9.56;;;;15.33;13.33;22.89;23.78;7.56;2.89;14.22;;;;
2023;25;Paraíba;2509602;Monte Horebe;Total - Federal  Estadual  Municipal e Privada;Urbana;193.07;206.63;247.51;245.78;265.87;278.64;5.62;22.56;13.09;11.39;20.78;9.62;9.32;7.62;;;11.24;11.24;13.17;13.17;9.47;11.39;15.24;15.09;;;;17.2;16.18;20.97;14.9;14.73;11.63;4.38;;;20.02;17.92;17.44;12.03;13.32;10.5;5.84;2.92;;;18.22;20.89;26.67;13.33;11.33;9.56;;;;15.33;13.33;22.89;23.78;7.56;2.89;14.22;;;;;;;;;;;;;;;;;;;;;;;;;18.22;20.89;26.67;13.33;11.33;9.56;;;;15.33;13.33;22.89;23.78;7.56;2.89;14.22;;;;
2023;25;Paraíba;2509602;Monte Horebe;Estadual;Total;;;;;265.87;278.64;;;;;;;;;;;;;;;;;;;;;;;;;;;;;;;;;;;;;;;;;18.22;20.89;26.67;13.33;11.33;9.56;;;;15.33;13.33;22.89;23.78;7.56;2.89;14.22;;;;;;;;;;;;;;;;;;;;;;;;;18.22;20.89;26.67;13.33;11.33;9.56;;;;15.33;13.33;22.89;23.78;7.56;2.89;14.22;;;;
2023;25;Paraíba;2509602;Monte Horebe;Estadual;Urbana;;;;;265.87;278.64;;;;;;;;;;;;;;;;;;;;;;;;;;;;;;;;;;;;;;;;;18.22;20.89;26.67;13.33;11.33;9.56;0;0;0;15.33;13.33;22.89;23.78;7.56;2.89;14.22;0;0;0;0;;;;;;;;;;;;;;;;;;;;;18.22;20.89;26.67;13.33;11.33;9.56;0;0;0;15.33;13.33;22.89;23.78;7.56;2.89;14.22;0;0;0;0
2023;25;Paraíba;2509602;Monte Horebe;Municipal;Total;193.07;206.63;247.51;245.78;;;5.62;22.56;13.09;11.39;20.78;9.62;9.32;7.62;;;11.24;11.24;13.17;13.17;9.47;11.39;15.24;15.09;;;;17.2;16.18;20.97;14.9;14.73;11.63;4.38;;;20.02;17.92;17.44;12.03;13.32;10.5;5.84;2.92;;;;;;;;;;;;;;;;;;;;;;;;;;;;;;;;;;;;;;;;;;;;;;;;;;;;;;;;;;;;;;
2023;25;Paraíba;2509602;Monte Horebe;Municipal;Urbana;193.07;206.63;247.51;245.78;;;5.62;22.56;13.09;11.39;20.78;9.62;9.32;7.62;0;0;11.24;11.24;13.17;13.17;9.47;11.39;15.24;15.09;0;0;0;17.2;16.18;20.97;14.9;14.73;11.63;4.38;0;0;20.02;17.92;17.44;12.03;13.32;10.5;5.84;2.92;0;0;;;;;;;;;;;;;;;;;;;;;;;;;;;;;;;;;;;;;;;;;;;;;;;;;;;;;;;;;;;;
2023;25;Paraíba;2509602;Monte Horebe;Total - Estadual e Municipal;Total;193.07;206.63;247.51;245.78;265.87;278.64;5.62;22.56;13.09;11.39;20.78;9.62;9.32;7.62;;;11.24;11.24;13.17;13.17;9.47;11.39;15.24;15.09;;;;17.2;16.18;20.97;14.9;14.73;11.63;4.38;;;20.02;17.92;17.44;12.03;13.32;10.5;5.84;2.92;;;18.22;20.89;26.67;13.33;11.33;9.56;;;;15.33;13.33;22.89;23.78;7.56;2.89;14.22;;;;;;;;;;;;;;;;;;;;;;;;;18.22;20.89;26.67;13.33;11.33;9.56;;;;15.33;13.33;22.89;23.78;7.56;2.89;14.22;;;;
2023;25;Paraíba;2509602;Monte Horebe;Total - Estadual e Municipal;Urbana;193.07;206.63;247.51;245.78;265.87;278.64;5.62;22.56;13.09;11.39;20.78;9.62;9.32;7.62;;;11.24;11.24;13.17;13.17;9.47;11.39;15.24;15.09;;;;17.2;16.18;20.97;14.9;14.73;11.63;4.38;;;20.02;17.92;17.44;12.03;13.32;10.5;5.84;2.92;;;18.22;20.89;26.67;13.33;11.33;9.56;;;;15.33;13.33;22.89;23.78;7.56;2.89;14.22;;;;;;;;;;;;;;;;;;;;;;;;;18.22;20.89;26.67;13.33;11.33;9.56;;;;15.33;13.33;22.89;23.78;7.56;2.89;14.22;;;;
2023;25;Paraíba;2509602;Monte Horebe;Total - Federal  Estadual e Municipal;Total;193.07;206.63;247.51;245.78;265.87;278.64;5.62;22.56;13.09;11.39;20.78;9.62;9.32;7.62;;;11.24;11.24;13.17;13.17;9.47;11.39;15.24;15.09;;;;17.2;16.18;20.97;14.9;14.73;11.63;4.38;;;20.02;17.92;17.44;12.03;13.32;10.5;5.84;2.92;;;18.22;20.89;26.67;13.33;11.33;9.56;;;;15.33;13.33;22.89;23.78;7.56;2.89;14.22;;;;;;;;;;;;;;;;;;;;;;;;;18.22;20.89;26.67;13.33;11.33;9.56;;;;15.33;13.33;22.89;23.78;7.56;2.89;14.22;;;;
2023;25;Paraíba;2509602;Monte Horebe;Total - Federal  Estadual e Municipal;Urbana;193.07;206.63;247.51;245.78;265.87;278.64;5.62;22.56;13.09;11.39;20.78;9.62;9.32;7.62;;;11.24;11.24;13.17;13.17;9.47;11.39;15.24;15.09;;;;17.2;16.18;20.97;14.9;14.73;11.63;4.38;;;20.02;17.92;17.44;12.03;13.32;10.5;5.84;2.92;;;18.22;20.89;26.67;13.33;11.33;9.56;;;;15.33;13.33;22.89;23.78;7.56;2.89;14.22;;;;;;;;;;;;;;;;;;;;;;;;;18.22;20.89;26.67;13.33;11.33;9.56;;;;15.33;13.33;22.89;23.78;7.56;2.89;14.22;;;;
2023;25;Paraíba;2509701;Monteiro;Total - Federal  Estadual  Municipal e Privada;Total;226.3;246.67;257.36;257.16;249.4;248.65;1.91;8.34;7.49;12.95;16.64;15.38;20.48;8.67;6.96;1.18;0.45;5.44;10.81;7.41;11.46;13.12;17.74;15.32;7.45;6.93;3.87;15.33;12.17;16.09;18.57;14.63;15.39;6.18;1.64;;13.75;14.86;17.92;14.69;17.48;11.86;5.89;3.08;0.47;;34.04;17.03;15.8;15.89;12.85;3.78;0.61;;;27.58;23.44;25.56;16.33;4.86;0.6;1.12;;0.51;;;9.7;6.97;17.61;15.33;22.71;12.64;10.45;3.98;0.61;10.53;15.96;15.72;18.45;16.28;10.22;6.03;4.39;2.42;;;21.05;11.66;16.76;15.59;18.11;8.51;5.86;2.13;0.32;18.48;19.45;20.31;17.46;10.95;5.73;3.74;2.34;1.53;;
2023;25;Paraíba;2509701;Monteiro;Total - Federal  Estadual  Municipal e Privada;Urbana;226.72;247.1;258.13;256.94;245.66;247.7;1.37;8.82;7.6;13.02;16.21;15.61;19.48;9.23;7.26;1.37;0.53;5.18;11.14;7.17;11.02;13.83;17.23;15.77;7.27;6.36;4.5;14.73;12.67;15.9;17.16;15.51;16.36;6.3;1.37;;13.97;14.72;18;14.24;18;12.33;5.18;3.01;0.53;;37.47;17.54;16.02;14.64;10.41;3.19;0.72;;;29.22;23.55;22.23;18.63;4.46;;1.32;;0.6;;;9.7;6.97;17.61;15.33;22.71;12.64;10.45;3.98;0.61;10.53;15.96;15.72;18.45;16.28;10.22;6.03;4.39;2.42;;;21.52;11.47;16.93;15.04;17.48;8.62;6.31;2.29;0.35;18.48;19.19;18.49;18.53;11.25;5.87;4.02;2.52;1.65;;
2023;25;Paraíba;2509701;Monteiro;Total - Federal  Estadual  Municipal e Privada;Rural;223.7;244;252.17;258.58;270.26;253.9;5.22;5.35;6.78;12.52;19.3;13.95;26.6;5.22;5.08;;;7.04;8.74;8.87;14.21;8.74;20.86;12.52;8.6;10.43;;19.35;8.83;17.36;27.98;8.73;8.93;5.36;3.47;;12.3;15.77;17.36;17.66;13.99;8.73;10.62;3.57;;;14.96;14.17;14.56;22.84;26.38;7.08;;;;18.5;22.84;44.09;3.54;7.08;3.94;;;;;;;;;;;;;;;;;;;;;;;;;;14.96;14.17;14.56;22.84;26.38;7.08;;;;18.5;22.84;44.09;3.54;7.08;3.94;;;;;
2023;25;Paraíba;2509701;Monteiro;Estadual;Total;;;;;249.4;248.65;;;;;;;;;;;;;;;;;;;;;;;;;;;;;;;;;;;;;;;;;34.04;17.03;15.8;15.89;12.85;3.78;0.61;;;27.58;23.44;25.56;16.33;4.86;0.6;1.12;;0.51;;;14.91;9.57;21.82;14.69;22.67;9.48;6.02;0.84;;16.59;18.84;15.94;21.05;13.87;8.53;3.5;1.68;;;;26.81;14.21;18.08;15.44;16.56;5.94;2.66;0.32;;23.43;21.7;21.92;18.12;8.27;3.6;2.02;0.64;0.32;;
2023;25;Paraíba;2509701;Monteiro;Estadual;Urbana;;;;;245.66;247.7;;;;;;;;;;;;;;;;;;;;;;;;;;;;;;;;;;;;;;;;;37.47;17.54;16.02;14.64;10.41;3.19;0.72;0;0;29.22;23.55;22.23;18.63;4.46;0;1.32;0;0.6;0;0;14.91;9.57;21.82;14.69;22.67;9.48;6.02;0.84;0;16.59;18.84;15.94;21.05;13.87;8.53;3.5;1.68;0;0;0;28.05;14.21;18.44;14.66;15.53;5.82;2.93;0.35;0;23.94;21.58;19.6;19.64;8.39;3.56;2.23;0.7;0.35;0;0
2023;25;Paraíba;2509701;Monteiro;Estadual;Rural;;;;;270.26;253.9;;;;;;;;;;;;;;;;;;;;;;;;;;;;;;;;;;;;;;;;;14.96;14.17;14.56;22.84;26.38;7.08;0;0;0;18.5;22.84;44.09;3.54;7.08;3.94;0;0;0;0;0;;;;;;;;;;;;;;;;;;;;;14.96;14.17;14.56;22.84;26.38;7.08;0;0;0;18.5;22.84;44.09;3.54;7.08;3.94;0;0;0;0;0
2023;25;Paraíba;2509701;Monteiro;Municipal;Total;226.3;246.67;257.36;257.16;;;1.91;8.34;7.49;12.95;16.64;15.38;20.48;8.67;6.96;1.18;0.45;5.44;10.81;7.41;11.46;13.12;17.74;15.32;7.45;6.93;3.87;15.33;12.17;16.09;18.57;14.63;15.39;6.18;1.64;;13.75;14.86;17.92;14.69;17.48;11.86;5.89;3.08;0.47;;;;;;;;;;;;;;;;;;;;;;;;;;;;;;;;;;;;;;;;;;;;;;;;;;;;;;;;;;;;;
2023;25;Paraíba;2509701;Monteiro;Municipal;Urbana;226.72;247.1;258.13;256.94;;;1.37;8.82;7.6;13.02;16.21;15.61;19.48;9.23;7.26;1.37;0.53;5.18;11.14;7.17;11.02;13.83;17.23;15.77;7.27;6.36;4.5;14.73;12.67;15.9;17.16;15.51;16.36;6.3;1.37;0;13.97;14.72;18;14.24;18;12.33;5.18;3.01;0.53;0;;;;;;;;;;;;;;;;;;;;;;;;;;;;;;;;;;;;;;;;;;;;;;;;;;;;;;;;;;;;
2023;25;Paraíba;2509701;Monteiro;Municipal;Rural;223.7;244;252.17;258.58;;;5.22;5.35;6.78;12.52;19.3;13.95;26.6;5.22;5.08;0;0;7.04;8.74;8.87;14.21;8.74;20.86;12.52;8.6;10.43;0;19.35;8.83;17.36;27.98;8.73;8.93;5.36;3.47;0;12.3;15.77;17.36;17.66;13.99;8.73;10.62;3.57;0;0;;;;;;;;;;;;;;;;;;;;;;;;;;;;;;;;;;;;;;;;;;;;;;;;;;;;;;;;;;;;
2023;25;Paraíba;2509701;Monteiro;Total - Estadual e Municipal;Total;226.3;246.67;257.36;257.16;249.4;248.65;1.91;8.34;7.49;12.95;16.64;15.38;20.48;8.67;6.96;1.18;0.45;5.44;10.81;7.41;11.46;13.12;17.74;15.32;7.45;6.93;3.87;15.33;12.17;16.09;18.57;14.63;15.39;6.18;1.64;;13.75;14.86;17.92;14.69;17.48;11.86;5.89;3.08;0.47;;34.04;17.03;15.8;15.89;12.85;3.78;0.61;;;27.58;23.44;25.56;16.33;4.86;0.6;1.12;;0.51;;;14.91;9.57;21.82;14.69;22.67;9.48;6.02;0.84;;16.59;18.84;15.94;21.05;13.87;8.53;3.5;1.68;;;;26.81;14.21;18.08;15.44;16.56;5.94;2.66;0.32;;23.43;21.7;21.92;18.12;8.27;3.6;2.02;0.64;0.32;;
2023;25;Paraíba;2509701;Monteiro;Total - Estadual e Municipal;Urbana;226.72;247.1;258.13;256.94;245.66;247.7;1.37;8.82;7.6;13.02;16.21;15.61;19.48;9.23;7.26;1.37;0.53;5.18;11.14;7.17;11.02;13.83;17.23;15.77;7.27;6.36;4.5;14.73;12.67;15.9;17.16;15.51;16.36;6.3;1.37;;13.97;14.72;18;14.24;18;12.33;5.18;3.01;0.53;;37.47;17.54;16.02;14.64;10.41;3.19;0.72;;;29.22;23.55;22.23;18.63;4.46;;1.32;;0.6;;;14.91;9.57;21.82;14.69;22.67;9.48;6.02;0.84;;16.59;18.84;15.94;21.05;13.87;8.53;3.5;1.68;;;;28.05;14.21;18.44;14.66;15.53;5.82;2.93;0.35;;23.94;21.58;19.6;19.64;8.39;3.56;2.23;0.7;0.35;;
2023;25;Paraíba;2509701;Monteiro;Total - Estadual e Municipal;Rural;223.7;244;252.17;258.58;270.26;253.9;5.22;5.35;6.78;12.52;19.3;13.95;26.6;5.22;5.08;;;7.04;8.74;8.87;14.21;8.74;20.86;12.52;8.6;10.43;;19.35;8.83;17.36;27.98;8.73;8.93;5.36;3.47;;12.3;15.77;17.36;17.66;13.99;8.73;10.62;3.57;;;14.96;14.17;14.56;22.84;26.38;7.08;;;;18.5;22.84;44.09;3.54;7.08;3.94;;;;;;;;;;;;;;;;;;;;;;;;;;14.96;14.17;14.56;22.84;26.38;7.08;;;;18.5;22.84;44.09;3.54;7.08;3.94;;;;;
2023;25;Paraíba;2509701;Monteiro;Total - Federal  Estadual e Municipal;Total;226.3;246.67;257.36;257.16;249.4;248.65;1.91;8.34;7.49;12.95;16.64;15.38;20.48;8.67;6.96;1.18;0.45;5.44;10.81;7.41;11.46;13.12;17.74;15.32;7.45;6.93;3.87;15.33;12.17;16.09;18.57;14.63;15.39;6.18;1.64;;13.75;14.86;17.92;14.69;17.48;11.86;5.89;3.08;0.47;;34.04;17.03;15.8;15.89;12.85;3.78;0.61;;;27.58;23.44;25.56;16.33;4.86;0.6;1.12;;0.51;;;9.7;6.97;17.61;15.33;22.71;12.64;10.45;3.98;0.61;10.53;15.96;15.72;18.45;16.28;10.22;6.03;4.39;2.42;;;21.05;11.66;16.76;15.59;18.11;8.51;5.86;2.13;0.32;18.48;19.45;20.31;17.46;10.95;5.73;3.74;2.34;1.53;;
2023;25;Paraíba;2509701;Monteiro;Total - Federal  Estadual e Municipal;Urbana;226.72;247.1;258.13;256.94;245.66;247.7;1.37;8.82;7.6;13.02;16.21;15.61;19.48;9.23;7.26;1.37;0.53;5.18;11.14;7.17;11.02;13.83;17.23;15.77;7.27;6.36;4.5;14.73;12.67;15.9;17.16;15.51;16.36;6.3;1.37;;13.97;14.72;18;14.24;18;12.33;5.18;3.01;0.53;;37.47;17.54;16.02;14.64;10.41;3.19;0.72;;;29.22;23.55;22.23;18.63;4.46;;1.32;;0.6;;;9.7;6.97;17.61;15.33;22.71;12.64;10.45;3.98;0.61;10.53;15.96;15.72;18.45;16.28;10.22;6.03;4.39;2.42;;;21.52;11.47;16.93;15.04;17.48;8.62;6.31;2.29;0.35;18.48;19.19;18.49;18.53;11.25;5.87;4.02;2.52;1.65;;
2023;25;Paraíba;2509701;Monteiro;Total - Federal  Estadual e Municipal;Rural;223.7;244;252.17;258.58;270.26;253.9;5.22;5.35;6.78;12.52;19.3;13.95;26.6;5.22;5.08;;;7.04;8.74;8.87;14.21;8.74;20.86;12.52;8.6;10.43;;19.35;8.83;17.36;27.98;8.73;8.93;5.36;3.47;;12.3;15.77;17.36;17.66;13.99;8.73;10.62;3.57;;;14.96;14.17;14.56;22.84;26.38;7.08;;;;18.5;22.84;44.09;3.54;7.08;3.94;;;;;;;;;;;;;;;;;;;;;;;;;;14.96;14.17;14.56;22.84;26.38;7.08;;;;18.5;22.84;44.09;3.54;7.08;3.94;;;;;
2023;25;Paraíba;2509800;Mulungu;Total - Federal  Estadual  Municipal e Privada;Total;176.12;182.02;237.59;231.99;244.39;250.18;7.9;19.88;25.08;22.48;10.49;8.79;4.2;1.18;;;7.1;15.33;22.46;20.99;19.93;9.99;3.22;0.98;;;;27.58;17.61;11.7;14.98;14.46;11.37;1.6;0.69;;22.99;21.93;22.57;18.98;6.94;5.07;1.51;;;;39.06;10.18;13.41;21.65;12.69;3.01;;;;31.82;25.44;13.48;12.69;10.18;6.38;;;;;;;;;;;;;;;;;;;;;;;;;;39.06;10.18;13.41;21.65;12.69;3.01;;;;31.82;25.44;13.48;12.69;10.18;6.38;;;;;
2023;25;Paraíba;2509800;Mulungu;Total - Federal  Estadual  Municipal e Privada;Urbana;172.41;178.45;238.81;234.33;232.48;240.18;10.17;22.86;25.44;17.99;9.39;8.59;4.04;1.51;;;9.14;14.26;28.92;18.81;14.7;10.13;2.78;1.26;;;;28.26;12.73;13.77;14.61;16.01;12.55;1.03;1.03;;19.28;24.62;20.32;20.13;9.28;4.12;2.24;;;;50.35;7.09;14.09;16.01;10.63;1.82;;;;37.69;28.67;14.19;10.64;7.09;1.72;;;;;;;;;;;;;;;;;;;;;;;;;;50.35;7.09;14.09;16.01;10.63;1.82;;;;37.69;28.67;14.19;10.64;7.09;1.72;;;;;
2023;25;Paraíba;2509800;Mulungu;Total - Federal  Estadual  Municipal e Privada;Rural;189.02;194.43;235.07;227.14;;;;9.52;23.81;38.1;14.29;9.52;4.76;;;;;19.05;;28.57;38.1;9.52;4.76;;;;;26.17;27.66;7.45;15.74;11.28;8.94;2.77;;;30.64;16.38;27.23;16.6;2.13;7.02;;;;;;;;;;;;;;;;;;;;;;;;;;;;;;;;;;;;;;;;;;;;;;;;;;;;;;;;;;;;;;;;
2023;25;Paraíba;2509800;Mulungu;Estadual;Total;197.04;198.62;227.05;225.84;244.39;250.18;;26.32;;31.58;10.53;21.05;5.26;5.26;;;5.26;5.26;21.05;21.05;15.79;26.32;5.26;;;;;31.93;21.11;13.02;15.55;10.04;4.97;3.38;;;23.69;28.8;21.33;16.66;1.47;6.32;1.73;;;;39.06;10.18;13.41;21.65;12.69;3.01;;;;31.82;25.44;13.48;12.69;10.18;6.38;;;;;;;;;;;;;;;;;;;;;;;;;;39.06;10.18;13.41;21.65;12.69;3.01;;;;31.82;25.44;13.48;12.69;10.18;6.38;;;;;
2023;25;Paraíba;2509800;Mulungu;Estadual;Urbana;197.04;198.62;222.91;226.99;232.48;240.18;0;26.32;0;31.58;10.53;21.05;5.26;5.26;0;0;5.26;5.26;21.05;21.05;15.79;26.32;5.26;0;0;0;0;35.84;19.43;14.77;9.71;12.86;5.06;2.33;0;0;20.25;36.94;13.27;17.51;2.33;6.98;2.74;0;0;0;50.35;7.09;14.09;16.01;10.63;1.82;0;0;0;37.69;28.67;14.19;10.64;7.09;1.72;0;0;0;0;0;;;;;;;;;;;;;;;;;;;;;50.35;7.09;14.09;16.01;10.63;1.82;0;0;0;37.69;28.67;14.19;10.64;7.09;1.72;0;0;0;0;0
2023;25;Paraíba;2509800;Mulungu;Estadual;Rural;;;234.15;223.87;;;;;;;;;;;;;;;;;;;;;;;;25.2;24;10;25.6;5.2;4.8;5.2;0;0;29.6;14.8;35.2;15.2;0;5.2;0;0;0;0;;;;;;;;;;;;;;;;;;;;;;;;;;;;;;;;;;;;;;;;;;;;;;;;;;;;;;;;;;;;
2023;25;Paraíba;2509800;Mulungu;Municipal;Total;170.1;177.24;247.03;237.48;;;10.17;18.03;32.29;19.87;10.47;5.27;3.9;;;;7.63;18.22;22.86;20.98;21.12;5.3;2.63;1.26;;;;23.68;14.47;10.53;14.47;18.42;17.11;;1.32;;22.37;15.79;23.68;21.05;11.84;3.95;1.32;;;;;;;;;;;;;;;;;;;;;;;;;;;;;;;;;;;;;;;;;;;;;;;;;;;;;;;;;;;;;;;
2023;25;Paraíba;2509800;Mulungu;Municipal;Urbana;162.46;170.3;251.47;240.18;;;14.28;21.46;35.72;12.5;8.93;3.55;3.55;0;0;0;10.71;17.89;32.09;17.91;14.26;3.59;1.78;1.78;0;0;0;22.22;7.41;12.96;18.52;18.52;18.52;0;1.85;0;18.52;14.81;25.93;22.22;14.81;1.85;1.85;0;0;0;;;;;;;;;;;;;;;;;;;;;;;;;;;;;;;;;;;;;;;;;;;;;;;;;;;;;;;;;;;;
2023;25;Paraíba;2509800;Mulungu;Municipal;Rural;189.02;194.43;236.12;230.86;;;0;9.52;23.81;38.1;14.29;9.52;4.76;0;0;0;0;19.05;0;28.57;38.1;9.52;4.76;0;0;0;0;27.27;31.82;4.55;4.55;18.18;13.64;0;0;0;31.82;18.18;18.18;18.18;4.55;9.09;0;0;0;0;;;;;;;;;;;;;;;;;;;;;;;;;;;;;;;;;;;;;;;;;;;;;;;;;;;;;;;;;;;;
2023;25;Paraíba;2509800;Mulungu;Total - Estadual e Municipal;Total;176.12;182.02;237.59;231.99;244.39;250.18;7.9;19.88;25.08;22.48;10.49;8.79;4.2;1.18;;;7.1;15.33;22.46;20.99;19.93;9.99;3.22;0.98;;;;27.58;17.61;11.7;14.98;14.46;11.37;1.6;0.69;;22.99;21.93;22.57;18.98;6.94;5.07;1.51;;;;39.06;10.18;13.41;21.65;12.69;3.01;;;;31.82;25.44;13.48;12.69;10.18;6.38;;;;;;;;;;;;;;;;;;;;;;;;;;39.06;10.18;13.41;21.65;12.69;3.01;;;;31.82;25.44;13.48;12.69;10.18;6.38;;;;;
2023;25;Paraíba;2509800;Mulungu;Total - Estadual e Municipal;Urbana;172.41;178.45;238.81;234.33;232.48;240.18;10.17;22.86;25.44;17.99;9.39;8.59;4.04;1.51;;;9.14;14.26;28.92;18.81;14.7;10.13;2.78;1.26;;;;28.26;12.73;13.77;14.61;16.01;12.55;1.03;1.03;;19.28;24.62;20.32;20.13;9.28;4.12;2.24;;;;50.35;7.09;14.09;16.01;10.63;1.82;;;;37.69;28.67;14.19;10.64;7.09;1.72;;;;;;;;;;;;;;;;;;;;;;;;;;50.35;7.09;14.09;16.01;10.63;1.82;;;;37.69;28.67;14.19;10.64;7.09;1.72;;;;;
2023;25;Paraíba;2509800;Mulungu;Total - Estadual e Municipal;Rural;189.02;194.43;235.07;227.14;;;;9.52;23.81;38.1;14.29;9.52;4.76;;;;;19.05;;28.57;38.1;9.52;4.76;;;;;26.17;27.66;7.45;15.74;11.28;8.94;2.77;;;30.64;16.38;27.23;16.6;2.13;7.02;;;;;;;;;;;;;;;;;;;;;;;;;;;;;;;;;;;;;;;;;;;;;;;;;;;;;;;;;;;;;;;;
2023;25;Paraíba;2509800;Mulungu;Total - Federal  Estadual e Municipal;Total;176.12;182.02;237.59;231.99;244.39;250.18;7.9;19.88;25.08;22.48;10.49;8.79;4.2;1.18;;;7.1;15.33;22.46;20.99;19.93;9.99;3.22;0.98;;;;27.58;17.61;11.7;14.98;14.46;11.37;1.6;0.69;;22.99;21.93;22.57;18.98;6.94;5.07;1.51;;;;39.06;10.18;13.41;21.65;12.69;3.01;;;;31.82;25.44;13.48;12.69;10.18;6.38;;;;;;;;;;;;;;;;;;;;;;;;;;39.06;10.18;13.41;21.65;12.69;3.01;;;;31.82;25.44;13.48;12.69;10.18;6.38;;;;;
2023;25;Paraíba;2509800;Mulungu;Total - Federal  Estadual e Municipal;Urbana;172.41;178.45;238.81;234.33;232.48;240.18;10.17;22.86;25.44;17.99;9.39;8.59;4.04;1.51;;;9.14;14.26;28.92;18.81;14.7;10.13;2.78;1.26;;;;28.26;12.73;13.77;14.61;16.01;12.55;1.03;1.03;;19.28;24.62;20.32;20.13;9.28;4.12;2.24;;;;50.35;7.09;14.09;16.01;10.63;1.82;;;;37.69;28.67;14.19;10.64;7.09;1.72;;;;;;;;;;;;;;;;;;;;;;;;;;50.35;7.09;14.09;16.01;10.63;1.82;;;;37.69;28.67;14.19;10.64;7.09;1.72;;;;;
2023;25;Paraíba;2509800;Mulungu;Total - Federal  Estadual e Municipal;Rural;189.02;194.43;235.07;227.14;;;;9.52;23.81;38.1;14.29;9.52;4.76;;;;;19.05;;28.57;38.1;9.52;4.76;;;;;26.17;27.66;7.45;15.74;11.28;8.94;2.77;;;30.64;16.38;27.23;16.6;2.13;7.02;;;;;;;;;;;;;;;;;;;;;;;;;;;;;;;;;;;;;;;;;;;;;;;;;;;;;;;;;;;;;;;;
2023;25;Paraíba;2509909;Natuba;Total - Federal  Estadual  Municipal e Privada;Total;172.84;182.89;222.17;225.27;212.01;233.09;8.96;26.31;22.6;19.58;10.05;8.39;1.37;1.37;;1.37;7.08;20.26;20.32;27.57;8.33;8.22;1.37;6.85;;;;40.73;14.75;13.07;13.39;11.69;5.37;1;;;31.42;19.73;18.93;16.3;9.25;3.08;1.3;;;;75;14.29;7.14;;;;;3.57;;46.43;25;17.86;3.57;3.57;3.57;;;;;;29.41;17.65;23.53;5.88;17.65;5.88;;;;35.29;17.65;20.59;14.71;8.82;;2.94;;;;;50.75;16.07;15.86;3.13;9.39;3.13;;1.67;;40.51;21.09;19.31;9.49;6.37;1.67;1.56;;;;
2023;25;Paraíba;2509909;Natuba;Total - Federal  Estadual  Municipal e Privada;Urbana;173.22;189.93;225.24;225.74;212.01;233.09;10.42;28.27;19.64;14.58;12.5;9.82;2.38;2.38;;;4.76;15.77;20.24;28.27;9.52;14.29;;7.14;;;;35.82;17.35;14.94;13.54;11.11;5.8;1.43;;;33.7;15.14;21.45;15.83;9.48;4.4;;;;;75;14.29;7.14;;;;;3.57;;46.43;25;17.86;3.57;3.57;3.57;;;;;;29.41;17.65;23.53;5.88;17.65;5.88;;;;35.29;17.65;20.59;14.71;8.82;;2.94;;;;;50.75;16.07;15.86;3.13;9.39;3.13;;1.67;;40.51;21.09;19.31;9.49;6.37;1.67;1.56;;;;
2023;25;Paraíba;2509909;Natuba;Total - Federal  Estadual  Municipal e Privada;Rural;172.32;173.35;;;;;6.99;23.66;26.61;26.34;6.72;6.45;;;;3.23;10.22;26.34;20.43;26.61;6.72;;3.23;6.45;;;;;;;;;;;;;;;;;;;;;;;;;;;;;;;;;;;;;;;;;;;;;;;;;;;;;;;;;;;;;;;;;;;;;;;;;;;;;;;;;;
2023;25;Paraíba;2509909;Natuba;Estadual;Total;;;211.9;220.67;212.01;233.09;;;;;;;;;;;;;;;;;;;;;;51.69;8.24;14.23;14.05;11.8;;;;;31.65;18.91;29.4;8.24;7.11;4.68;;;;;75;14.29;7.14;;;;;3.57;;46.43;25;17.86;3.57;3.57;3.57;;;;;;29.41;17.65;23.53;5.88;17.65;5.88;;;;35.29;17.65;20.59;14.71;8.82;;2.94;;;;;50.75;16.07;15.86;3.13;9.39;3.13;;1.67;;40.51;21.09;19.31;9.49;6.37;1.67;1.56;;;;
2023;25;Paraíba;2509909;Natuba;Estadual;Urbana;;;211.9;220.67;212.01;233.09;;;;;;;;;;;;;;;;;;;;;;51.69;8.24;14.23;14.05;11.8;0;0;0;0;31.65;18.91;29.4;8.24;7.11;4.68;0;0;0;0;75;14.29;7.14;0;0;0;0;3.57;0;46.43;25;17.86;3.57;3.57;3.57;0;0;0;0;0;29.41;17.65;23.53;5.88;17.65;5.88;0;0;0;35.29;17.65;20.59;14.71;8.82;0;2.94;0;0;0;0;50.75;16.07;15.86;3.13;9.39;3.13;0;1.67;0;40.51;21.09;19.31;9.49;6.37;1.67;1.56;0;0;0;0
2023;25;Paraíba;2509909;Natuba;Municipal;Total;172.84;182.89;225.24;226.64;;;8.96;26.31;22.6;19.58;10.05;8.39;1.37;1.37;;1.37;7.08;20.26;20.32;27.57;8.33;8.22;1.37;6.85;;;;37.45;16.7;12.72;13.2;11.66;6.97;1.3;;;31.35;19.97;15.8;18.71;9.88;2.6;1.69;;;;;;;;;;;;;;;;;;;;;;;;;;;;;;;;;;;;;;;;;;;;;;;;;;;;;;;;;;;;;;;
2023;25;Paraíba;2509909;Natuba;Municipal;Urbana;173.22;189.93;231.77;228.22;;;10.42;28.27;19.64;14.58;12.5;9.82;2.38;2.38;0;0;4.76;15.77;20.24;28.27;9.52;14.29;0;7.14;0;0;0;28.06;21.81;15.29;13.3;10.77;8.64;2.13;0;0;34.71;13.3;17.55;19.55;10.64;4.26;0;0;0;0;;;;;;;;;;;;;;;;;;;;;;;;;;;;;;;;;;;;;;;;;;;;;;;;;;;;;;;;;;;;
2023;25;Paraíba;2509909;Natuba;Municipal;Rural;172.32;173.35;;;;;6.99;23.66;26.61;26.34;6.72;6.45;0;0;0;3.23;10.22;26.34;20.43;26.61;6.72;0;3.23;6.45;0;0;0;;;;;;;;;;;;;;;;;;;;;;;;;;;;;;;;;;;;;;;;;;;;;;;;;;;;;;;;;;;;;;;;;;;;;;;;;;;;;;;
2023;25;Paraíba;2509909;Natuba;Total - Estadual e Municipal;Total;172.84;182.89;222.17;225.27;212.01;233.09;8.96;26.31;22.6;19.58;10.05;8.39;1.37;1.37;;1.37;7.08;20.26;20.32;27.57;8.33;8.22;1.37;6.85;;;;40.73;14.75;13.07;13.39;11.69;5.37;1;;;31.42;19.73;18.93;16.3;9.25;3.08;1.3;;;;75;14.29;7.14;;;;;3.57;;46.43;25;17.86;3.57;3.57;3.57;;;;;;29.41;17.65;23.53;5.88;17.65;5.88;;;;35.29;17.65;20.59;14.71;8.82;;2.94;;;;;50.75;16.07;15.86;3.13;9.39;3.13;;1.67;;40.51;21.09;19.31;9.49;6.37;1.67;1.56;;;;
2023;25;Paraíba;2509909;Natuba;Total - Estadual e Municipal;Urbana;173.22;189.93;225.24;225.74;212.01;233.09;10.42;28.27;19.64;14.58;12.5;9.82;2.38;2.38;;;4.76;15.77;20.24;28.27;9.52;14.29;;7.14;;;;35.82;17.35;14.94;13.54;11.11;5.8;1.43;;;33.7;15.14;21.45;15.83;9.48;4.4;;;;;75;14.29;7.14;;;;;3.57;;46.43;25;17.86;3.57;3.57;3.57;;;;;;29.41;17.65;23.53;5.88;17.65;5.88;;;;35.29;17.65;20.59;14.71;8.82;;2.94;;;;;50.75;16.07;15.86;3.13;9.39;3.13;;1.67;;40.51;21.09;19.31;9.49;6.37;1.67;1.56;;;;
2023;25;Paraíba;2509909;Natuba;Total - Estadual e Municipal;Rural;172.32;173.35;;;;;6.99;23.66;26.61;26.34;6.72;6.45;;;;3.23;10.22;26.34;20.43;26.61;6.72;;3.23;6.45;;;;;;;;;;;;;;;;;;;;;;;;;;;;;;;;;;;;;;;;;;;;;;;;;;;;;;;;;;;;;;;;;;;;;;;;;;;;;;;;;;
2023;25;Paraíba;2509909;Natuba;Total - Federal  Estadual e Municipal;Total;172.84;182.89;222.17;225.27;212.01;233.09;8.96;26.31;22.6;19.58;10.05;8.39;1.37;1.37;;1.37;7.08;20.26;20.32;27.57;8.33;8.22;1.37;6.85;;;;40.73;14.75;13.07;13.39;11.69;5.37;1;;;31.42;19.73;18.93;16.3;9.25;3.08;1.3;;;;75;14.29;7.14;;;;;3.57;;46.43;25;17.86;3.57;3.57;3.57;;;;;;29.41;17.65;23.53;5.88;17.65;5.88;;;;35.29;17.65;20.59;14.71;8.82;;2.94;;;;;50.75;16.07;15.86;3.13;9.39;3.13;;1.67;;40.51;21.09;19.31;9.49;6.37;1.67;1.56;;;;
2023;25;Paraíba;2509909;Natuba;Total - Federal  Estadual e Municipal;Urbana;173.22;189.93;225.24;225.74;212.01;233.09;10.42;28.27;19.64;14.58;12.5;9.82;2.38;2.38;;;4.76;15.77;20.24;28.27;9.52;14.29;;7.14;;;;35.82;17.35;14.94;13.54;11.11;5.8;1.43;;;33.7;15.14;21.45;15.83;9.48;4.4;;;;;75;14.29;7.14;;;;;3.57;;46.43;25;17.86;3.57;3.57;3.57;;;;;;29.41;17.65;23.53;5.88;17.65;5.88;;;;35.29;17.65;20.59;14.71;8.82;;2.94;;;;;50.75;16.07;15.86;3.13;9.39;3.13;;1.67;;40.51;21.09;19.31;9.49;6.37;1.67;1.56;;;;
2023;25;Paraíba;2509909;Natuba;Total - Federal  Estadual e Municipal;Rural;172.32;173.35;;;;;6.99;23.66;26.61;26.34;6.72;6.45;;;;3.23;10.22;26.34;20.43;26.61;6.72;;3.23;6.45;;;;;;;;;;;;;;;;;;;;;;;;;;;;;;;;;;;;;;;;;;;;;;;;;;;;;;;;;;;;;;;;;;;;;;;;;;;;;;;;;;
2023;25;Paraíba;2510006;Nazarezinho;Total - Federal  Estadual  Municipal e Privada;Total;201.39;216.58;236.48;235.31;264.51;274.45;4.14;7.02;18.61;21.4;20.41;11.07;10.25;7.11;;;1.08;6.12;11.24;14.04;21.67;20.97;15.64;8.27;;0.99;;25.35;21.1;15.97;14.46;14.42;6.68;2.01;;;22.21;20.41;18.97;19.55;11.39;5.46;2.01;;;;21.28;14.89;14.89;29.79;10.64;6.38;;2.13;;8.51;21.28;19.15;21.28;23.4;4.26;2.13;;;;;;;;;;;;;;;;;;;;;;;;;21.28;14.89;14.89;29.79;10.64;6.38;;2.13;;8.51;21.28;19.15;21.28;23.4;4.26;2.13;;;;
2023;25;Paraíba;2510006;Nazarezinho;Total - Federal  Estadual  Municipal e Privada;Urbana;201.39;216.58;236.48;235.31;264.51;274.45;4.14;7.02;18.61;21.4;20.41;11.07;10.25;7.11;;;1.08;6.12;11.24;14.04;21.67;20.97;15.64;8.27;;0.99;;25.35;21.1;15.97;14.46;14.42;6.68;2.01;;;22.21;20.41;18.97;19.55;11.39;5.46;2.01;;;;21.28;14.89;14.89;29.79;10.64;6.38;;2.13;;8.51;21.28;19.15;21.28;23.4;4.26;2.13;;;;;;;;;;;;;;;;;;;;;;;;;21.28;14.89;14.89;29.79;10.64;6.38;;2.13;;8.51;21.28;19.15;21.28;23.4;4.26;2.13;;;;
2023;25;Paraíba;2510006;Nazarezinho;Estadual;Total;180.24;191.92;235.26;232.43;264.51;274.45;14.29;7.14;21.43;28.57;21.43;;;7.14;;;;21.43;21.43;7.14;21.43;21.43;7.14;;;;;28.7;20;21.3;;20;4.35;5.65;;;33.04;21.3;10;15.65;14.35;;5.65;;;;21.28;14.89;14.89;29.79;10.64;6.38;;2.13;;8.51;21.28;19.15;21.28;23.4;4.26;2.13;;;;;;;;;;;;;;;;;;;;;;;;;21.28;14.89;14.89;29.79;10.64;6.38;;2.13;;8.51;21.28;19.15;21.28;23.4;4.26;2.13;;;;
2023;25;Paraíba;2510006;Nazarezinho;Estadual;Urbana;180.24;191.92;235.26;232.43;264.51;274.45;14.29;7.14;21.43;28.57;21.43;0;0;7.14;0;0;0;21.43;21.43;7.14;21.43;21.43;7.14;0;0;0;0;28.7;20;21.3;0;20;4.35;5.65;0;0;33.04;21.3;10;15.65;14.35;0;5.65;0;0;0;21.28;14.89;14.89;29.79;10.64;6.38;0;2.13;0;8.51;21.28;19.15;21.28;23.4;4.26;2.13;0;0;0;0;;;;;;;;;;;;;;;;;;;;;21.28;14.89;14.89;29.79;10.64;6.38;0;2.13;0;8.51;21.28;19.15;21.28;23.4;4.26;2.13;0;0;0;0
2023;25;Paraíba;2510006;Nazarezinho;Municipal;Total;204.8;220.55;236.79;236.06;;;2.5;7;18.15;20.25;20.25;12.85;11.9;7.1;;;1.25;3.65;9.6;15.15;21.7;20.89;17;9.6;;1.15;;24.48;21.39;14.58;18.24;12.96;7.29;1.06;;;19.38;20.17;21.31;20.57;10.62;6.89;1.06;;;;;;;;;;;;;;;;;;;;;;;;;;;;;;;;;;;;;;;;;;;;;;;;;;;;;;;;;;;;;;;
2023;25;Paraíba;2510006;Nazarezinho;Municipal;Urbana;204.8;220.55;236.79;236.06;;;2.5;7;18.15;20.25;20.25;12.85;11.9;7.1;0;0;1.25;3.65;9.6;15.15;21.7;20.89;17;9.6;0;1.15;0;24.48;21.39;14.58;18.24;12.96;7.29;1.06;0;0;19.38;20.17;21.31;20.57;10.62;6.89;1.06;0;0;0;;;;;;;;;;;;;;;;;;;;;;;;;;;;;;;;;;;;;;;;;;;;;;;;;;;;;;;;;;;;
2023;25;Paraíba;2510006;Nazarezinho;Total - Estadual e Municipal;Total;201.39;216.58;236.48;235.31;264.51;274.45;4.14;7.02;18.61;21.4;20.41;11.07;10.25;7.11;;;1.08;6.12;11.24;14.04;21.67;20.97;15.64;8.27;;0.99;;25.35;21.1;15.97;14.46;14.42;6.68;2.01;;;22.21;20.41;18.97;19.55;11.39;5.46;2.01;;;;21.28;14.89;14.89;29.79;10.64;6.38;;2.13;;8.51;21.28;19.15;21.28;23.4;4.26;2.13;;;;;;;;;;;;;;;;;;;;;;;;;21.28;14.89;14.89;29.79;10.64;6.38;;2.13;;8.51;21.28;19.15;21.28;23.4;4.26;2.13;;;;
2023;25;Paraíba;2510006;Nazarezinho;Total - Estadual e Municipal;Urbana;201.39;216.58;236.48;235.31;264.51;274.45;4.14;7.02;18.61;21.4;20.41;11.07;10.25;7.11;;;1.08;6.12;11.24;14.04;21.67;20.97;15.64;8.27;;0.99;;25.35;21.1;15.97;14.46;14.42;6.68;2.01;;;22.21;20.41;18.97;19.55;11.39;5.46;2.01;;;;21.28;14.89;14.89;29.79;10.64;6.38;;2.13;;8.51;21.28;19.15;21.28;23.4;4.26;2.13;;;;;;;;;;;;;;;;;;;;;;;;;21.28;14.89;14.89;29.79;10.64;6.38;;2.13;;8.51;21.28;19.15;21.28;23.4;4.26;2.13;;;;
2023;25;Paraíba;2510006;Nazarezinho;Total - Federal  Estadual e Municipal;Total;201.39;216.58;236.48;235.31;264.51;274.45;4.14;7.02;18.61;21.4;20.41;11.07;10.25;7.11;;;1.08;6.12;11.24;14.04;21.67;20.97;15.64;8.27;;0.99;;25.35;21.1;15.97;14.46;14.42;6.68;2.01;;;22.21;20.41;18.97;19.55;11.39;5.46;2.01;;;;21.28;14.89;14.89;29.79;10.64;6.38;;2.13;;8.51;21.28;19.15;21.28;23.4;4.26;2.13;;;;;;;;;;;;;;;;;;;;;;;;;21.28;14.89;14.89;29.79;10.64;6.38;;2.13;;8.51;21.28;19.15;21.28;23.4;4.26;2.13;;;;
2023;25;Paraíba;2510006;Nazarezinho;Total - Federal  Estadual e Municipal;Urbana;201.39;216.58;236.48;235.31;264.51;274.45;4.14;7.02;18.61;21.4;20.41;11.07;10.25;7.11;;;1.08;6.12;11.24;14.04;21.67;20.97;15.64;8.27;;0.99;;25.35;21.1;15.97;14.46;14.42;6.68;2.01;;;22.21;20.41;18.97;19.55;11.39;5.46;2.01;;;;21.28;14.89;14.89;29.79;10.64;6.38;;2.13;;8.51;21.28;19.15;21.28;23.4;4.26;2.13;;;;;;;;;;;;;;;;;;;;;;;;;21.28;14.89;14.89;29.79;10.64;6.38;;2.13;;8.51;21.28;19.15;21.28;23.4;4.26;2.13;;;;
2023;25;Paraíba;2510105;Nova Floresta;Total - Federal  Estadual  Municipal e Privada;Total;197.75;206.99;252.84;248.79;280.96;276.31;3.58;17.76;16.47;14.93;18.34;12.01;8.41;4.35;3.43;0.71;2.12;12.88;14.28;14.83;24.8;9.3;12.01;4.89;4.89;;;21.46;10.7;15.14;12.11;22.21;10.42;7.21;0.73;;14.36;19.9;16.52;22.87;10.95;11.77;2.15;1.47;;;15.72;7.42;14.98;16.65;33.74;7.71;3.78;;;9.38;24.51;20.73;13.31;17.24;7.27;7.56;;;;;;;;;;;;;;;;;;;;;;;;;15.72;7.42;14.98;16.65;33.74;7.71;3.78;;;9.38;24.51;20.73;13.31;17.24;7.27;7.56;;;;
2023;25;Paraíba;2510105;Nova Floresta;Total - Federal  Estadual  Municipal e Privada;Urbana;197.75;206.99;252.84;248.79;280.96;276.31;3.58;17.76;16.47;14.93;18.34;12.01;8.41;4.35;3.43;0.71;2.12;12.88;14.28;14.83;24.8;9.3;12.01;4.89;4.89;;;21.46;10.7;15.14;12.11;22.21;10.42;7.21;0.73;;14.36;19.9;16.52;22.87;10.95;11.77;2.15;1.47;;;15.72;7.42;14.98;16.65;33.74;7.71;3.78;;;9.38;24.51;20.73;13.31;17.24;7.27;7.56;;;;;;;;;;;;;;;;;;;;;;;;;15.72;7.42;14.98;16.65;33.74;7.71;3.78;;;9.38;24.51;20.73;13.31;17.24;7.27;7.56;;;;
2023;25;Paraíba;2510105;Nova Floresta;Estadual;Total;222.76;218.46;268.3;261.11;280.96;276.31;;8.33;12.5;8.33;25;16.67;12.5;4.17;12.5;;;8.33;4.17;16.67;33.33;16.67;12.5;4.17;4.17;;;15.86;5.38;15.71;8.83;20.94;22.89;8.68;1.72;;13.99;8.9;15.78;21.02;14.14;22.66;1.72;1.79;;;15.72;7.42;14.98;16.65;33.74;7.71;3.78;;;9.38;24.51;20.73;13.31;17.24;7.27;7.56;;;;;;;;;;;;;;;;;;;;;;;;;15.72;7.42;14.98;16.65;33.74;7.71;3.78;;;9.38;24.51;20.73;13.31;17.24;7.27;7.56;;;;
2023;25;Paraíba;2510105;Nova Floresta;Estadual;Urbana;222.76;218.46;268.3;261.11;280.96;276.31;0;8.33;12.5;8.33;25;16.67;12.5;4.17;12.5;0;0;8.33;4.17;16.67;33.33;16.67;12.5;4.17;4.17;0;0;15.86;5.38;15.71;8.83;20.94;22.89;8.68;1.72;0;13.99;8.9;15.78;21.02;14.14;22.66;1.72;1.79;0;0;15.72;7.42;14.98;16.65;33.74;7.71;3.78;0;0;9.38;24.51;20.73;13.31;17.24;7.27;7.56;0;0;0;0;;;;;;;;;;;;;;;;;;;;;15.72;7.42;14.98;16.65;33.74;7.71;3.78;0;0;9.38;24.51;20.73;13.31;17.24;7.27;7.56;0;0;0;0
2023;25;Paraíba;2510105;Nova Floresta;Municipal;Total;192.84;204.73;241.38;239.66;;;4.28;19.62;17.25;16.23;17.03;11.1;7.61;4.38;1.65;0.85;2.53;13.77;16.27;14.47;23.12;7.85;11.92;5.04;5.04;;;25.62;14.64;14.73;14.55;23.15;1.19;6.13;;;14.64;28.04;17.06;24.25;8.6;3.7;2.47;1.23;;;;;;;;;;;;;;;;;;;;;;;;;;;;;;;;;;;;;;;;;;;;;;;;;;;;;;;;;;;;;;
2023;25;Paraíba;2510105;Nova Floresta;Municipal;Urbana;192.84;204.73;241.38;239.66;;;4.28;19.62;17.25;16.23;17.03;11.1;7.61;4.38;1.65;0.85;2.53;13.77;16.27;14.47;23.12;7.85;11.92;5.04;5.04;0;0;25.62;14.64;14.73;14.55;23.15;1.19;6.13;0;0;14.64;28.04;17.06;24.25;8.6;3.7;2.47;1.23;0;0;;;;;;;;;;;;;;;;;;;;;;;;;;;;;;;;;;;;;;;;;;;;;;;;;;;;;;;;;;;;
2023;25;Paraíba;2510105;Nova Floresta;Total - Estadual e Municipal;Total;197.75;206.99;252.84;248.79;280.96;276.31;3.58;17.76;16.47;14.93;18.34;12.01;8.41;4.35;3.43;0.71;2.12;12.88;14.28;14.83;24.8;9.3;12.01;4.89;4.89;;;21.46;10.7;15.14;12.11;22.21;10.42;7.21;0.73;;14.36;19.9;16.52;22.87;10.95;11.77;2.15;1.47;;;15.72;7.42;14.98;16.65;33.74;7.71;3.78;;;9.38;24.51;20.73;13.31;17.24;7.27;7.56;;;;;;;;;;;;;;;;;;;;;;;;;15.72;7.42;14.98;16.65;33.74;7.71;3.78;;;9.38;24.51;20.73;13.31;17.24;7.27;7.56;;;;
2023;25;Paraíba;2510105;Nova Floresta;Total - Estadual e Municipal;Urbana;197.75;206.99;252.84;248.79;280.96;276.31;3.58;17.76;16.47;14.93;18.34;12.01;8.41;4.35;3.43;0.71;2.12;12.88;14.28;14.83;24.8;9.3;12.01;4.89;4.89;;;21.46;10.7;15.14;12.11;22.21;10.42;7.21;0.73;;14.36;19.9;16.52;22.87;10.95;11.77;2.15;1.47;;;15.72;7.42;14.98;16.65;33.74;7.71;3.78;;;9.38;24.51;20.73;13.31;17.24;7.27;7.56;;;;;;;;;;;;;;;;;;;;;;;;;15.72;7.42;14.98;16.65;33.74;7.71;3.78;;;9.38;24.51;20.73;13.31;17.24;7.27;7.56;;;;
2023;25;Paraíba;2510105;Nova Floresta;Total - Federal  Estadual e Municipal;Total;197.75;206.99;252.84;248.79;280.96;276.31;3.58;17.76;16.47;14.93;18.34;12.01;8.41;4.35;3.43;0.71;2.12;12.88;14.28;14.83;24.8;9.3;12.01;4.89;4.89;;;21.46;10.7;15.14;12.11;22.21;10.42;7.21;0.73;;14.36;19.9;16.52;22.87;10.95;11.77;2.15;1.47;;;15.72;7.42;14.98;16.65;33.74;7.71;3.78;;;9.38;24.51;20.73;13.31;17.24;7.27;7.56;;;;;;;;;;;;;;;;;;;;;;;;;15.72;7.42;14.98;16.65;33.74;7.71;3.78;;;9.38;24.51;20.73;13.31;17.24;7.27;7.56;;;;
2023;25;Paraíba;2510105;Nova Floresta;Total - Federal  Estadual e Municipal;Urbana;197.75;206.99;252.84;248.79;280.96;276.31;3.58;17.76;16.47;14.93;18.34;12.01;8.41;4.35;3.43;0.71;2.12;12.88;14.28;14.83;24.8;9.3;12.01;4.89;4.89;;;21.46;10.7;15.14;12.11;22.21;10.42;7.21;0.73;;14.36;19.9;16.52;22.87;10.95;11.77;2.15;1.47;;;15.72;7.42;14.98;16.65;33.74;7.71;3.78;;;9.38;24.51;20.73;13.31;17.24;7.27;7.56;;;;;;;;;;;;;;;;;;;;;;;;;15.72;7.42;14.98;16.65;33.74;7.71;3.78;;;9.38;24.51;20.73;13.31;17.24;7.27;7.56;;;;
2023;25;Paraíba;2510204;Nova Olinda;Total - Federal  Estadual  Municipal e Privada;Total;168.98;181.1;238.5;245.09;256.31;254.72;16.2;24.02;16.84;17.74;14.2;9.09;0.9;1.01;;;10.82;15.9;22.6;20;12.67;8.92;6.16;1.97;0.96;;;31.8;12.86;15.68;14;11.35;10;2.97;1.35;;25.87;9.83;15.77;16.64;15.95;8.38;5.95;1.62;;;26.02;16.6;21.08;20.39;8.96;4.48;2.47;;;30.73;18.15;21.08;15.91;9.42;2.47;2.24;;;;;;;;;;;;;;;;;;;;;;;;;26.02;16.6;21.08;20.39;8.96;4.48;2.47;;;30.73;18.15;21.08;15.91;9.42;2.47;2.24;;;;
2023;25;Paraíba;2510204;Nova Olinda;Total - Federal  Estadual  Municipal e Privada;Urbana;169.66;181.66;238.5;245.09;256.31;254.72;16.07;22.77;15.57;18.37;17.89;8.11;1.22;;;;10.46;12.92;24.86;19.85;13.07;10.72;5.51;1.3;1.3;;;31.8;12.86;15.68;14;11.35;10;2.97;1.35;;25.87;9.83;15.77;16.64;15.95;8.38;5.95;1.62;;;26.02;16.6;21.08;20.39;8.96;4.48;2.47;;;30.73;18.15;21.08;15.91;9.42;2.47;2.24;;;;;;;;;;;;;;;;;;;;;;;;;26.02;16.6;21.08;20.39;8.96;4.48;2.47;;;30.73;18.15;21.08;15.91;9.42;2.47;2.24;;;;
2023;25;Paraíba;2510204;Nova Olinda;Total - Federal  Estadual  Municipal e Privada;Rural;167.1;179.52;;;;;16.57;27.51;20.41;15.98;3.85;11.83;;3.85;;;11.83;24.26;16.27;20.41;11.54;3.85;7.99;3.85;;;;;;;;;;;;;;;;;;;;;;;;;;;;;;;;;;;;;;;;;;;;;;;;;;;;;;;;;;;;;;;;;;;;;;;;;;;;;;;;;;
2023;25;Paraíba;2510204;Nova Olinda;Estadual;Total;;;260.06;261.76;256.31;254.72;;;;;;;;;;;;;;;;;;;;;;16.13;6.45;25.81;9.68;19.35;16.13;3.23;3.23;;16.13;6.45;12.9;19.35;22.58;16.13;6.45;;;;26.02;16.6;21.08;20.39;8.96;4.48;2.47;;;30.73;18.15;21.08;15.91;9.42;2.47;2.24;;;;;;;;;;;;;;;;;;;;;;;;;26.02;16.6;21.08;20.39;8.96;4.48;2.47;;;30.73;18.15;21.08;15.91;9.42;2.47;2.24;;;;
2023;25;Paraíba;2510204;Nova Olinda;Estadual;Urbana;;;260.06;261.76;256.31;254.72;;;;;;;;;;;;;;;;;;;;;;16.13;6.45;25.81;9.68;19.35;16.13;3.23;3.23;0;16.13;6.45;12.9;19.35;22.58;16.13;6.45;0;0;0;26.02;16.6;21.08;20.39;8.96;4.48;2.47;0;0;30.73;18.15;21.08;15.91;9.42;2.47;2.24;0;0;0;0;;;;;;;;;;;;;;;;;;;;;26.02;16.6;21.08;20.39;8.96;4.48;2.47;0;0;30.73;18.15;21.08;15.91;9.42;2.47;2.24;0;0;0;0
2023;25;Paraíba;2510204;Nova Olinda;Municipal;Total;168.98;181.1;;;;;16.2;24.02;16.84;17.74;14.2;9.09;0.9;1.01;;;10.82;15.9;22.6;20;12.67;8.92;6.16;1.97;0.96;;;;;;;;;;;;;;;;;;;;;;;;;;;;;;;;;;;;;;;;;;;;;;;;;;;;;;;;;;;;;;;;;;;;;;;;;;;;;;;;;
2023;25;Paraíba;2510204;Nova Olinda;Municipal;Urbana;169.66;181.66;;;;;16.07;22.77;15.57;18.37;17.89;8.11;1.22;0;0;0;10.46;12.92;24.86;19.85;13.07;10.72;5.51;1.3;1.3;0;0;;;;;;;;;;;;;;;;;;;;;;;;;;;;;;;;;;;;;;;;;;;;;;;;;;;;;;;;;;;;;;;;;;;;;;;;;;;;;;;
2023;25;Paraíba;2510204;Nova Olinda;Municipal;Rural;167.1;179.52;;;;;16.57;27.51;20.41;15.98;3.85;11.83;0;3.85;0;0;11.83;24.26;16.27;20.41;11.54;3.85;7.99;3.85;0;0;0;;;;;;;;;;;;;;;;;;;;;;;;;;;;;;;;;;;;;;;;;;;;;;;;;;;;;;;;;;;;;;;;;;;;;;;;;;;;;;;
2023;25;Paraíba;2510204;Nova Olinda;Total - Estadual e Municipal;Total;168.98;181.1;238.5;245.09;256.31;254.72;16.2;24.02;16.84;17.74;14.2;9.09;0.9;1.01;;;10.82;15.9;22.6;20;12.67;8.92;6.16;1.97;0.96;;;31.8;12.86;15.68;14;11.35;10;2.97;1.35;;25.87;9.83;15.77;16.64;15.95;8.38;5.95;1.62;;;26.02;16.6;21.08;20.39;8.96;4.48;2.47;;;30.73;18.15;21.08;15.91;9.42;2.47;2.24;;;;;;;;;;;;;;;;;;;;;;;;;26.02;16.6;21.08;20.39;8.96;4.48;2.47;;;30.73;18.15;21.08;15.91;9.42;2.47;2.24;;;;
2023;25;Paraíba;2510204;Nova Olinda;Total - Estadual e Municipal;Urbana;169.66;181.66;238.5;245.09;256.31;254.72;16.07;22.77;15.57;18.37;17.89;8.11;1.22;;;;10.46;12.92;24.86;19.85;13.07;10.72;5.51;1.3;1.3;;;31.8;12.86;15.68;14;11.35;10;2.97;1.35;;25.87;9.83;15.77;16.64;15.95;8.38;5.95;1.62;;;26.02;16.6;21.08;20.39;8.96;4.48;2.47;;;30.73;18.15;21.08;15.91;9.42;2.47;2.24;;;;;;;;;;;;;;;;;;;;;;;;;26.02;16.6;21.08;20.39;8.96;4.48;2.47;;;30.73;18.15;21.08;15.91;9.42;2.47;2.24;;;;
2023;25;Paraíba;2510204;Nova Olinda;Total - Estadual e Municipal;Rural;167.1;179.52;;;;;16.57;27.51;20.41;15.98;3.85;11.83;;3.85;;;11.83;24.26;16.27;20.41;11.54;3.85;7.99;3.85;;;;;;;;;;;;;;;;;;;;;;;;;;;;;;;;;;;;;;;;;;;;;;;;;;;;;;;;;;;;;;;;;;;;;;;;;;;;;;;;;;
2023;25;Paraíba;2510204;Nova Olinda;Total - Federal  Estadual e Municipal;Total;168.98;181.1;238.5;245.09;256.31;254.72;16.2;24.02;16.84;17.74;14.2;9.09;0.9;1.01;;;10.82;15.9;22.6;20;12.67;8.92;6.16;1.97;0.96;;;31.8;12.86;15.68;14;11.35;10;2.97;1.35;;25.87;9.83;15.77;16.64;15.95;8.38;5.95;1.62;;;26.02;16.6;21.08;20.39;8.96;4.48;2.47;;;30.73;18.15;21.08;15.91;9.42;2.47;2.24;;;;;;;;;;;;;;;;;;;;;;;;;26.02;16.6;21.08;20.39;8.96;4.48;2.47;;;30.73;18.15;21.08;15.91;9.42;2.47;2.24;;;;
2023;25;Paraíba;2510204;Nova Olinda;Total - Federal  Estadual e Municipal;Urbana;169.66;181.66;238.5;245.09;256.31;254.72;16.07;22.77;15.57;18.37;17.89;8.11;1.22;;;;10.46;12.92;24.86;19.85;13.07;10.72;5.51;1.3;1.3;;;31.8;12.86;15.68;14;11.35;10;2.97;1.35;;25.87;9.83;15.77;16.64;15.95;8.38;5.95;1.62;;;26.02;16.6;21.08;20.39;8.96;4.48;2.47;;;30.73;18.15;21.08;15.91;9.42;2.47;2.24;;;;;;;;;;;;;;;;;;;;;;;;;26.02;16.6;21.08;20.39;8.96;4.48;2.47;;;30.73;18.15;21.08;15.91;9.42;2.47;2.24;;;;
2023;25;Paraíba;2510204;Nova Olinda;Total - Federal  Estadual e Municipal;Rural;167.1;179.52;;;;;16.57;27.51;20.41;15.98;3.85;11.83;;3.85;;;11.83;24.26;16.27;20.41;11.54;3.85;7.99;3.85;;;;;;;;;;;;;;;;;;;;;;;;;;;;;;;;;;;;;;;;;;;;;;;;;;;;;;;;;;;;;;;;;;;;;;;;;;;;;;;;;;
2023;25;Paraíba;2510303;Nova Palmeira;Total - Federal  Estadual  Municipal e Privada;Total;219.63;234.45;263.84;260.8;309.88;323.83;5.56;1.85;11.08;15.59;18.71;15.21;18.81;7.38;3.78;2.03;1.85;5.56;;20.59;20.28;15.77;15.49;9.41;5.53;5.53;;16.33;12.24;12.24;16.33;12.24;16.33;10.2;4.08;;14.29;8.16;12.24;30.61;8.16;10.2;14.29;2.04;;;;;13.33;26.67;40;;13.33;;6.67;;;20;13.33;13.33;20;20;;13.33;;;;;;;;;;;;;;;;;;;;;;;;;13.33;26.67;40;;13.33;;6.67;;;20;13.33;13.33;20;20;;13.33;;
2023;25;Paraíba;2510303;Nova Palmeira;Total - Federal  Estadual  Municipal e Privada;Urbana;219.63;234.45;263.84;260.8;309.88;323.83;5.56;1.85;11.08;15.59;18.71;15.21;18.81;7.38;3.78;2.03;1.85;5.56;;20.59;20.28;15.77;15.49;9.41;5.53;5.53;;16.33;12.24;12.24;16.33;12.24;16.33;10.2;4.08;;14.29;8.16;12.24;30.61;8.16;10.2;14.29;2.04;;;;;13.33;26.67;40;;13.33;;6.67;;;20;13.33;13.33;20;20;;13.33;;;;;;;;;;;;;;;;;;;;;;;;;13.33;26.67;40;;13.33;;6.67;;;20;13.33;13.33;20;20;;13.33;;
2023;25;Paraíba;2510303;Nova Palmeira;Estadual;Total;;;;;309.88;323.83;;;;;;;;;;;;;;;;;;;;;;;;;;;;;;;;;;;;;;;;;;;13.33;26.67;40;;13.33;;6.67;;;20;13.33;13.33;20;20;;13.33;;;;;;;;;;;;;;;;;;;;;;;;;13.33;26.67;40;;13.33;;6.67;;;20;13.33;13.33;20;20;;13.33;;
2023;25;Paraíba;2510303;Nova Palmeira;Estadual;Urbana;;;;;309.88;323.83;;;;;;;;;;;;;;;;;;;;;;;;;;;;;;;;;;;;;;;;;0;0;13.33;26.67;40;0;13.33;0;6.67;0;0;20;13.33;13.33;20;20;0;13.33;0;0;;;;;;;;;;;;;;;;;;;;;0;0;13.33;26.67;40;0;13.33;0;6.67;0;0;20;13.33;13.33;20;20;0;13.33;0;0
2023;25;Paraíba;2510303;Nova Palmeira;Municipal;Total;219.63;234.45;263.84;260.8;;;5.56;1.85;11.08;15.59;18.71;15.21;18.81;7.38;3.78;2.03;1.85;5.56;;20.59;20.28;15.77;15.49;9.41;5.53;5.53;;16.33;12.24;12.24;16.33;12.24;16.33;10.2;4.08;;14.29;8.16;12.24;30.61;8.16;10.2;14.29;2.04;;;;;;;;;;;;;;;;;;;;;;;;;;;;;;;;;;;;;;;;;;;;;;;;;;;;;;;;;;;;;;
2023;25;Paraíba;2510303;Nova Palmeira;Municipal;Urbana;219.63;234.45;263.84;260.8;;;5.56;1.85;11.08;15.59;18.71;15.21;18.81;7.38;3.78;2.03;1.85;5.56;0;20.59;20.28;15.77;15.49;9.41;5.53;5.53;0;16.33;12.24;12.24;16.33;12.24;16.33;10.2;4.08;0;14.29;8.16;12.24;30.61;8.16;10.2;14.29;2.04;0;0;;;;;;;;;;;;;;;;;;;;;;;;;;;;;;;;;;;;;;;;;;;;;;;;;;;;;;;;;;;;
2023;25;Paraíba;2510303;Nova Palmeira;Total - Estadual e Municipal;Total;219.63;234.45;263.84;260.8;309.88;323.83;5.56;1.85;11.08;15.59;18.71;15.21;18.81;7.38;3.78;2.03;1.85;5.56;;20.59;20.28;15.77;15.49;9.41;5.53;5.53;;16.33;12.24;12.24;16.33;12.24;16.33;10.2;4.08;;14.29;8.16;12.24;30.61;8.16;10.2;14.29;2.04;;;;;13.33;26.67;40;;13.33;;6.67;;;20;13.33;13.33;20;20;;13.33;;;;;;;;;;;;;;;;;;;;;;;;;13.33;26.67;40;;13.33;;6.67;;;20;13.33;13.33;20;20;;13.33;;
2023;25;Paraíba;2510303;Nova Palmeira;Total - Estadual e Municipal;Urbana;219.63;234.45;263.84;260.8;309.88;323.83;5.56;1.85;11.08;15.59;18.71;15.21;18.81;7.38;3.78;2.03;1.85;5.56;;20.59;20.28;15.77;15.49;9.41;5.53;5.53;;16.33;12.24;12.24;16.33;12.24;16.33;10.2;4.08;;14.29;8.16;12.24;30.61;8.16;10.2;14.29;2.04;;;;;13.33;26.67;40;;13.33;;6.67;;;20;13.33;13.33;20;20;;13.33;;;;;;;;;;;;;;;;;;;;;;;;;13.33;26.67;40;;13.33;;6.67;;;20;13.33;13.33;20;20;;13.33;;
2023;25;Paraíba;2510303;Nova Palmeira;Total - Federal  Estadual e Municipal;Total;219.63;234.45;263.84;260.8;309.88;323.83;5.56;1.85;11.08;15.59;18.71;15.21;18.81;7.38;3.78;2.03;1.85;5.56;;20.59;20.28;15.77;15.49;9.41;5.53;5.53;;16.33;12.24;12.24;16.33;12.24;16.33;10.2;4.08;;14.29;8.16;12.24;30.61;8.16;10.2;14.29;2.04;;;;;13.33;26.67;40;;13.33;;6.67;;;20;13.33;13.33;20;20;;13.33;;;;;;;;;;;;;;;;;;;;;;;;;13.33;26.67;40;;13.33;;6.67;;;20;13.33;13.33;20;20;;13.33;;
2023;25;Paraíba;2510303;Nova Palmeira;Total - Federal  Estadual e Municipal;Urbana;219.63;234.45;263.84;260.8;309.88;323.83;5.56;1.85;11.08;15.59;18.71;15.21;18.81;7.38;3.78;2.03;1.85;5.56;;20.59;20.28;15.77;15.49;9.41;5.53;5.53;;16.33;12.24;12.24;16.33;12.24;16.33;10.2;4.08;;14.29;8.16;12.24;30.61;8.16;10.2;14.29;2.04;;;;;13.33;26.67;40;;13.33;;6.67;;;20;13.33;13.33;20;20;;13.33;;;;;;;;;;;;;;;;;;;;;;;;;13.33;26.67;40;;13.33;;6.67;;;20;13.33;13.33;20;20;;13.33;;
2023;25;Paraíba;2510402;Olho d'Água;Total - Federal  Estadual  Municipal e Privada;Total;171.1;178.3;234.07;241.48;242.16;263.88;13.22;32.82;12.94;6.91;18.95;12.87;1.18;1.11;;;3.64;30.29;19.22;20.22;5.8;12.6;7.05;1.18;;;;32.01;16.17;16.95;10.73;8.26;11.13;2.3;2.44;;15.73;24.68;24.87;16.52;7.55;3.56;3.54;2.32;1.22;;41.32;17.71;9.38;20.14;2.08;6.94;2.43;;;26.39;15.28;21.88;13.54;9.38;9.03;2.08;;2.43;;;;;;;;;;;;;;;;;;;;;;;41.32;17.71;9.38;20.14;2.08;6.94;2.43;;;26.39;15.28;21.88;13.54;9.38;9.03;2.08;;2.43;;
2023;25;Paraíba;2510402;Olho d'Água;Total - Federal  Estadual  Municipal e Privada;Urbana;175.44;185.73;231.4;238.82;242.16;263.88;14.06;26.15;13.65;8.44;20.73;13.54;1.77;1.67;;;3.54;28.13;17.29;16.88;6.77;16.98;8.65;1.77;;;;36.02;14.59;17.03;9.17;7.51;12.59;;3.08;;15.49;28.22;24.11;15.03;6.62;4.5;3.02;1.48;1.54;;41.32;17.71;9.38;20.14;2.08;6.94;2.43;;;26.39;15.28;21.88;13.54;9.38;9.03;2.08;;2.43;;;;;;;;;;;;;;;;;;;;;;;41.32;17.71;9.38;20.14;2.08;6.94;2.43;;;26.39;15.28;21.88;13.54;9.38;9.03;2.08;;2.43;;
2023;25;Paraíba;2510402;Olho d'Água;Total - Federal  Estadual  Municipal e Privada;Rural;162.43;163.42;244.27;251.66;;;11.54;46.15;11.54;3.85;15.38;11.54;;;;;3.85;34.62;23.08;26.92;3.85;3.85;3.85;;;;;16.67;22.22;16.67;16.67;11.11;5.56;11.11;;;16.67;11.11;27.78;22.22;11.11;;5.56;5.56;;;;;;;;;;;;;;;;;;;;;;;;;;;;;;;;;;;;;;;;;;;;;;;;;;;;;;;;;;;;;;
2023;25;Paraíba;2510402;Olho d'Água;Estadual;Total;183.18;190.63;224.74;241.13;242.16;263.88;18.75;18.75;6.25;6.25;37.5;6.25;6.25;;;;6.25;37.5;6.25;12.5;6.25;6.25;18.75;6.25;;;;38.46;11.54;23.08;3.85;11.54;11.54;;;;23.08;15.38;23.08;23.08;;7.69;3.85;3.85;;;41.32;17.71;9.38;20.14;2.08;6.94;2.43;;;26.39;15.28;21.88;13.54;9.38;9.03;2.08;;2.43;;;;;;;;;;;;;;;;;;;;;;;41.32;17.71;9.38;20.14;2.08;6.94;2.43;;;26.39;15.28;21.88;13.54;9.38;9.03;2.08;;2.43;;
2023;25;Paraíba;2510402;Olho d'Água;Estadual;Urbana;183.18;190.63;224.74;241.13;242.16;263.88;18.75;18.75;6.25;6.25;37.5;6.25;6.25;0;0;0;6.25;37.5;6.25;12.5;6.25;6.25;18.75;6.25;0;0;0;38.46;11.54;23.08;3.85;11.54;11.54;0;0;0;23.08;15.38;23.08;23.08;0;7.69;3.85;3.85;0;0;41.32;17.71;9.38;20.14;2.08;6.94;2.43;0;0;26.39;15.28;21.88;13.54;9.38;9.03;2.08;0;2.43;0;0;;;;;;;;;;;;;;;;;;;;;41.32;17.71;9.38;20.14;2.08;6.94;2.43;0;0;26.39;15.28;21.88;13.54;9.38;9.03;2.08;0;2.43;0;0
2023;25;Paraíba;2510402;Olho d'Água;Municipal;Total;168.29;175.43;238.16;241.63;;;11.93;36.09;14.5;7.06;14.63;14.42;;1.37;;;3.04;28.61;22.24;22.02;5.69;14.08;4.32;;;;;29.18;18.21;14.27;13.74;6.82;10.96;3.31;3.51;;12.51;28.75;25.65;13.65;10.86;1.75;3.41;1.66;1.75;;;;;;;;;;;;;;;;;;;;;;;;;;;;;;;;;;;;;;;;;;;;;;;;;;;;;;;;;;;;;
2023;25;Paraíba;2510402;Olho d'Água;Municipal;Urbana;172.37;183.8;235.56;237.37;;;12.21;29.07;16.57;9.3;14.1;16.42;0;2.33;0;0;2.47;24.42;21.66;18.6;6.98;21.22;4.65;0;0;0;0;34.5;16.5;13.25;12.5;5;13.25;0;5;0;10.75;36.25;24.75;10;10.75;2.5;2.5;0;2.5;0;;;;;;;;;;;;;;;;;;;;;;;;;;;;;;;;;;;;;;;;;;;;;;;;;;;;;;;;;;;;
2023;25;Paraíba;2510402;Olho d'Água;Municipal;Rural;162.43;163.42;244.27;251.66;;;11.54;46.15;11.54;3.85;15.38;11.54;0;0;0;0;3.85;34.62;23.08;26.92;3.85;3.85;3.85;0;0;0;0;16.67;22.22;16.67;16.67;11.11;5.56;11.11;0;0;16.67;11.11;27.78;22.22;11.11;0;5.56;5.56;0;0;;;;;;;;;;;;;;;;;;;;;;;;;;;;;;;;;;;;;;;;;;;;;;;;;;;;;;;;;;;;
2023;25;Paraíba;2510402;Olho d'Água;Total - Estadual e Municipal;Total;171.1;178.3;234.07;241.48;242.16;263.88;13.22;32.82;12.94;6.91;18.95;12.87;1.18;1.11;;;3.64;30.29;19.22;20.22;5.8;12.6;7.05;1.18;;;;32.01;16.17;16.95;10.73;8.26;11.13;2.3;2.44;;15.73;24.68;24.87;16.52;7.55;3.56;3.54;2.32;1.22;;41.32;17.71;9.38;20.14;2.08;6.94;2.43;;;26.39;15.28;21.88;13.54;9.38;9.03;2.08;;2.43;;;;;;;;;;;;;;;;;;;;;;;41.32;17.71;9.38;20.14;2.08;6.94;2.43;;;26.39;15.28;21.88;13.54;9.38;9.03;2.08;;2.43;;
2023;25;Paraíba;2510402;Olho d'Água;Total - Estadual e Municipal;Urbana;175.44;185.73;231.4;238.82;242.16;263.88;14.06;26.15;13.65;8.44;20.73;13.54;1.77;1.67;;;3.54;28.13;17.29;16.88;6.77;16.98;8.65;1.77;;;;36.02;14.59;17.03;9.17;7.51;12.59;;3.08;;15.49;28.22;24.11;15.03;6.62;4.5;3.02;1.48;1.54;;41.32;17.71;9.38;20.14;2.08;6.94;2.43;;;26.39;15.28;21.88;13.54;9.38;9.03;2.08;;2.43;;;;;;;;;;;;;;;;;;;;;;;41.32;17.71;9.38;20.14;2.08;6.94;2.43;;;26.39;15.28;21.88;13.54;9.38;9.03;2.08;;2.43;;
2023;25;Paraíba;2510402;Olho d'Água;Total - Estadual e Municipal;Rural;162.43;163.42;244.27;251.66;;;11.54;46.15;11.54;3.85;15.38;11.54;;;;;3.85;34.62;23.08;26.92;3.85;3.85;3.85;;;;;16.67;22.22;16.67;16.67;11.11;5.56;11.11;;;16.67;11.11;27.78;22.22;11.11;;5.56;5.56;;;;;;;;;;;;;;;;;;;;;;;;;;;;;;;;;;;;;;;;;;;;;;;;;;;;;;;;;;;;;;
2023;25;Paraíba;2510402;Olho d'Água;Total - Federal  Estadual e Municipal;Total;171.1;178.3;234.07;241.48;242.16;263.88;13.22;32.82;12.94;6.91;18.95;12.87;1.18;1.11;;;3.64;30.29;19.22;20.22;5.8;12.6;7.05;1.18;;;;32.01;16.17;16.95;10.73;8.26;11.13;2.3;2.44;;15.73;24.68;24.87;16.52;7.55;3.56;3.54;2.32;1.22;;41.32;17.71;9.38;20.14;2.08;6.94;2.43;;;26.39;15.28;21.88;13.54;9.38;9.03;2.08;;2.43;;;;;;;;;;;;;;;;;;;;;;;41.32;17.71;9.38;20.14;2.08;6.94;2.43;;;26.39;15.28;21.88;13.54;9.38;9.03;2.08;;2.43;;
2023;25;Paraíba;2510402;Olho d'Água;Total - Federal  Estadual e Municipal;Urbana;175.44;185.73;231.4;238.82;242.16;263.88;14.06;26.15;13.65;8.44;20.73;13.54;1.77;1.67;;;3.54;28.13;17.29;16.88;6.77;16.98;8.65;1.77;;;;36.02;14.59;17.03;9.17;7.51;12.59;;3.08;;15.49;28.22;24.11;15.03;6.62;4.5;3.02;1.48;1.54;;41.32;17.71;9.38;20.14;2.08;6.94;2.43;;;26.39;15.28;21.88;13.54;9.38;9.03;2.08;;2.43;;;;;;;;;;;;;;;;;;;;;;;41.32;17.71;9.38;20.14;2.08;6.94;2.43;;;26.39;15.28;21.88;13.54;9.38;9.03;2.08;;2.43;;
2023;25;Paraíba;2510402;Olho d'Água;Total - Federal  Estadual e Municipal;Rural;162.43;163.42;244.27;251.66;;;11.54;46.15;11.54;3.85;15.38;11.54;;;;;3.85;34.62;23.08;26.92;3.85;3.85;3.85;;;;;16.67;22.22;16.67;16.67;11.11;5.56;11.11;;;16.67;11.11;27.78;22.22;11.11;;5.56;5.56;;;;;;;;;;;;;;;;;;;;;;;;;;;;;;;;;;;;;;;;;;;;;;;;;;;;;;;;;;;;;;
2023;25;Paraíba;2510501;Olivedos;Total - Federal  Estadual  Municipal e Privada;Total;203.69;218.26;249.89;258.93;251.51;258.44;1.54;11.2;18.01;17.34;16.76;19.54;9.65;4.6;;1.35;1.62;7.94;10.74;18.32;13.98;14.77;20.29;10.72;;;1.63;20.31;13.72;15.57;10.82;19.79;11.08;8.71;;;9.23;6.86;29.02;13.46;26.13;12.93;;2.37;;;27.5;22.5;12.5;25;10;2.5;;;;20;17.5;32.5;22.5;2.5;2.5;2.5;;;;;;;;;;;;;;;;;;;;;;;;;27.5;22.5;12.5;25;10;2.5;;;;20;17.5;32.5;22.5;2.5;2.5;2.5;;;;
2023;25;Paraíba;2510501;Olivedos;Total - Federal  Estadual  Municipal e Privada;Urbana;203.69;218.26;249.89;258.93;251.51;258.44;1.54;11.2;18.01;17.34;16.76;19.54;9.65;4.6;;1.35;1.62;7.94;10.74;18.32;13.98;14.77;20.29;10.72;;;1.63;20.31;13.72;15.57;10.82;19.79;11.08;8.71;;;9.23;6.86;29.02;13.46;26.13;12.93;;2.37;;;27.5;22.5;12.5;25;10;2.5;;;;20;17.5;32.5;22.5;2.5;2.5;2.5;;;;;;;;;;;;;;;;;;;;;;;;;27.5;22.5;12.5;25;10;2.5;;;;20;17.5;32.5;22.5;2.5;2.5;2.5;;;;
2023;25;Paraíba;2510501;Olivedos;Estadual;Total;;;;;251.51;258.44;;;;;;;;;;;;;;;;;;;;;;;;;;;;;;;;;;;;;;;;;27.5;22.5;12.5;25;10;2.5;;;;20;17.5;32.5;22.5;2.5;2.5;2.5;;;;;;;;;;;;;;;;;;;;;;;;;27.5;22.5;12.5;25;10;2.5;;;;20;17.5;32.5;22.5;2.5;2.5;2.5;;;;
2023;25;Paraíba;2510501;Olivedos;Estadual;Urbana;;;;;251.51;258.44;;;;;;;;;;;;;;;;;;;;;;;;;;;;;;;;;;;;;;;;;27.5;22.5;12.5;25;10;2.5;0;0;0;20;17.5;32.5;22.5;2.5;2.5;2.5;0;0;0;0;;;;;;;;;;;;;;;;;;;;;27.5;22.5;12.5;25;10;2.5;0;0;0;20;17.5;32.5;22.5;2.5;2.5;2.5;0;0;0;0
2023;25;Paraíba;2510501;Olivedos;Municipal;Total;203.69;218.26;249.89;258.93;;;1.54;11.2;18.01;17.34;16.76;19.54;9.65;4.6;;1.35;1.62;7.94;10.74;18.32;13.98;14.77;20.29;10.72;;;1.63;20.31;13.72;15.57;10.82;19.79;11.08;8.71;;;9.23;6.86;29.02;13.46;26.13;12.93;;2.37;;;;;;;;;;;;;;;;;;;;;;;;;;;;;;;;;;;;;;;;;;;;;;;;;;;;;;;;;;;;;;
2023;25;Paraíba;2510501;Olivedos;Municipal;Urbana;203.69;218.26;249.89;258.93;;;1.54;11.2;18.01;17.34;16.76;19.54;9.65;4.6;0;1.35;1.62;7.94;10.74;18.32;13.98;14.77;20.29;10.72;0;0;1.63;20.31;13.72;15.57;10.82;19.79;11.08;8.71;0;0;9.23;6.86;29.02;13.46;26.13;12.93;0;2.37;0;0;;;;;;;;;;;;;;;;;;;;;;;;;;;;;;;;;;;;;;;;;;;;;;;;;;;;;;;;;;;;
2023;25;Paraíba;2510501;Olivedos;Total - Estadual e Municipal;Total;203.69;218.26;249.89;258.93;251.51;258.44;1.54;11.2;18.01;17.34;16.76;19.54;9.65;4.6;;1.35;1.62;7.94;10.74;18.32;13.98;14.77;20.29;10.72;;;1.63;20.31;13.72;15.57;10.82;19.79;11.08;8.71;;;9.23;6.86;29.02;13.46;26.13;12.93;;2.37;;;27.5;22.5;12.5;25;10;2.5;;;;20;17.5;32.5;22.5;2.5;2.5;2.5;;;;;;;;;;;;;;;;;;;;;;;;;27.5;22.5;12.5;25;10;2.5;;;;20;17.5;32.5;22.5;2.5;2.5;2.5;;;;
2023;25;Paraíba;2510501;Olivedos;Total - Estadual e Municipal;Urbana;203.69;218.26;249.89;258.93;251.51;258.44;1.54;11.2;18.01;17.34;16.76;19.54;9.65;4.6;;1.35;1.62;7.94;10.74;18.32;13.98;14.77;20.29;10.72;;;1.63;20.31;13.72;15.57;10.82;19.79;11.08;8.71;;;9.23;6.86;29.02;13.46;26.13;12.93;;2.37;;;27.5;22.5;12.5;25;10;2.5;;;;20;17.5;32.5;22.5;2.5;2.5;2.5;;;;;;;;;;;;;;;;;;;;;;;;;27.5;22.5;12.5;25;10;2.5;;;;20;17.5;32.5;22.5;2.5;2.5;2.5;;;;
2023;25;Paraíba;2510501;Olivedos;Total - Federal  Estadual e Municipal;Total;203.69;218.26;249.89;258.93;251.51;258.44;1.54;11.2;18.01;17.34;16.76;19.54;9.65;4.6;;1.35;1.62;7.94;10.74;18.32;13.98;14.77;20.29;10.72;;;1.63;20.31;13.72;15.57;10.82;19.79;11.08;8.71;;;9.23;6.86;29.02;13.46;26.13;12.93;;2.37;;;27.5;22.5;12.5;25;10;2.5;;;;20;17.5;32.5;22.5;2.5;2.5;2.5;;;;;;;;;;;;;;;;;;;;;;;;;27.5;22.5;12.5;25;10;2.5;;;;20;17.5;32.5;22.5;2.5;2.5;2.5;;;;
2023;25;Paraíba;2510501;Olivedos;Total - Federal  Estadual e Municipal;Urbana;203.69;218.26;249.89;258.93;251.51;258.44;1.54;11.2;18.01;17.34;16.76;19.54;9.65;4.6;;1.35;1.62;7.94;10.74;18.32;13.98;14.77;20.29;10.72;;;1.63;20.31;13.72;15.57;10.82;19.79;11.08;8.71;;;9.23;6.86;29.02;13.46;26.13;12.93;;2.37;;;27.5;22.5;12.5;25;10;2.5;;;;20;17.5;32.5;22.5;2.5;2.5;2.5;;;;;;;;;;;;;;;;;;;;;;;;;27.5;22.5;12.5;25;10;2.5;;;;20;17.5;32.5;22.5;2.5;2.5;2.5;;;;
2023;25;Paraíba;2510600;Ouro Velho;Total - Federal  Estadual  Municipal e Privada;Total;185.99;202.12;228.41;230.77;;;11.06;17.2;16.95;19.16;10.81;11.06;5.41;8.35;;;2.95;17.2;14;24.82;8.35;10.81;5.41;11.06;5.41;;;26.14;31.37;10.46;13.07;13.07;5.88;;;;20.92;26.14;19.61;18.3;7.19;7.84;;;;;;;;;;;;;;;;;;;;;;;;;;;;;;;;;;;;;;;;;;;;;;;;;;;;;;;;;;;;;;;;
2023;25;Paraíba;2510600;Ouro Velho;Total - Federal  Estadual  Municipal e Privada;Urbana;185.99;202.12;228.41;230.77;;;11.06;17.2;16.95;19.16;10.81;11.06;5.41;8.35;;;2.95;17.2;14;24.82;8.35;10.81;5.41;11.06;5.41;;;26.14;31.37;10.46;13.07;13.07;5.88;;;;20.92;26.14;19.61;18.3;7.19;7.84;;;;;;;;;;;;;;;;;;;;;;;;;;;;;;;;;;;;;;;;;;;;;;;;;;;;;;;;;;;;;;;;
2023;25;Paraíba;2510600;Ouro Velho;Municipal;Total;185.99;202.12;228.41;230.77;;;11.06;17.2;16.95;19.16;10.81;11.06;5.41;8.35;;;2.95;17.2;14;24.82;8.35;10.81;5.41;11.06;5.41;;;26.14;31.37;10.46;13.07;13.07;5.88;;;;20.92;26.14;19.61;18.3;7.19;7.84;;;;;;;;;;;;;;;;;;;;;;;;;;;;;;;;;;;;;;;;;;;;;;;;;;;;;;;;;;;;;;;;
2023;25;Paraíba;2510600;Ouro Velho;Municipal;Urbana;185.99;202.12;228.41;230.77;;;11.06;17.2;16.95;19.16;10.81;11.06;5.41;8.35;0;0;2.95;17.2;14;24.82;8.35;10.81;5.41;11.06;5.41;0;0;26.14;31.37;10.46;13.07;13.07;5.88;0;0;0;20.92;26.14;19.61;18.3;7.19;7.84;0;0;0;0;;;;;;;;;;;;;;;;;;;;;;;;;;;;;;;;;;;;;;;;;;;;;;;;;;;;;;;;;;;;
2023;25;Paraíba;2510600;Ouro Velho;Total - Estadual e Municipal;Total;185.99;202.12;228.41;230.77;;;11.06;17.2;16.95;19.16;10.81;11.06;5.41;8.35;;;2.95;17.2;14;24.82;8.35;10.81;5.41;11.06;5.41;;;26.14;31.37;10.46;13.07;13.07;5.88;;;;20.92;26.14;19.61;18.3;7.19;7.84;;;;;;;;;;;;;;;;;;;;;;;;;;;;;;;;;;;;;;;;;;;;;;;;;;;;;;;;;;;;;;;;
2023;25;Paraíba;2510600;Ouro Velho;Total - Estadual e Municipal;Urbana;185.99;202.12;228.41;230.77;;;11.06;17.2;16.95;19.16;10.81;11.06;5.41;8.35;;;2.95;17.2;14;24.82;8.35;10.81;5.41;11.06;5.41;;;26.14;31.37;10.46;13.07;13.07;5.88;;;;20.92;26.14;19.61;18.3;7.19;7.84;;;;;;;;;;;;;;;;;;;;;;;;;;;;;;;;;;;;;;;;;;;;;;;;;;;;;;;;;;;;;;;;
2023;25;Paraíba;2510600;Ouro Velho;Total - Federal  Estadual e Municipal;Total;185.99;202.12;228.41;230.77;;;11.06;17.2;16.95;19.16;10.81;11.06;5.41;8.35;;;2.95;17.2;14;24.82;8.35;10.81;5.41;11.06;5.41;;;26.14;31.37;10.46;13.07;13.07;5.88;;;;20.92;26.14;19.61;18.3;7.19;7.84;;;;;;;;;;;;;;;;;;;;;;;;;;;;;;;;;;;;;;;;;;;;;;;;;;;;;;;;;;;;;;;;
2023;25;Paraíba;2510600;Ouro Velho;Total - Federal  Estadual e Municipal;Urbana;185.99;202.12;228.41;230.77;;;11.06;17.2;16.95;19.16;10.81;11.06;5.41;8.35;;;2.95;17.2;14;24.82;8.35;10.81;5.41;11.06;5.41;;;26.14;31.37;10.46;13.07;13.07;5.88;;;;20.92;26.14;19.61;18.3;7.19;7.84;;;;;;;;;;;;;;;;;;;;;;;;;;;;;;;;;;;;;;;;;;;;;;;;;;;;;;;;;;;;;;;;
2023;25;Paraíba;2510659;Parari;Total - Federal  Estadual  Municipal e Privada;Total;211.72;227.69;257.57;243.31;246.83;261.39;5.56;5.56;5.56;22.22;16.67;33.33;5.56;5.56;;;;;11.11;11.11;27.78;22.22;22.22;;;5.56;;19.44;13.89;8.33;11.11;16.67;19.44;11.11;;;19.44;22.22;13.89;8.33;22.22;13.89;;;;;30;30;10;20;;10;;;;;50;;40;10;;;;;;;;;;;;;;;;;;;;;;;;;;;30;30;10;20;;10;;;;;50;;40;10;;;;;;
2023;25;Paraíba;2510659;Parari;Total - Federal  Estadual  Municipal e Privada;Urbana;211.72;227.69;257.57;243.31;246.83;261.39;5.56;5.56;5.56;22.22;16.67;33.33;5.56;5.56;;;;;11.11;11.11;27.78;22.22;22.22;;;5.56;;19.44;13.89;8.33;11.11;16.67;19.44;11.11;;;19.44;22.22;13.89;8.33;22.22;13.89;;;;;30;30;10;20;;10;;;;;50;;40;10;;;;;;;;;;;;;;;;;;;;;;;;;;;30;30;10;20;;10;;;;;50;;40;10;;;;;;
2023;25;Paraíba;2510659;Parari;Estadual;Total;;;257.57;243.31;246.83;261.39;;;;;;;;;;;;;;;;;;;;;;19.44;13.89;8.33;11.11;16.67;19.44;11.11;;;19.44;22.22;13.89;8.33;22.22;13.89;;;;;30;30;10;20;;10;;;;;50;;40;10;;;;;;;;;;;;;;;;;;;;;;;;;;;30;30;10;20;;10;;;;;50;;40;10;;;;;;
2023;25;Paraíba;2510659;Parari;Estadual;Urbana;;;257.57;243.31;246.83;261.39;;;;;;;;;;;;;;;;;;;;;;19.44;13.89;8.33;11.11;16.67;19.44;11.11;0;0;19.44;22.22;13.89;8.33;22.22;13.89;0;0;0;0;30;30;10;20;0;10;0;0;0;0;50;0;40;10;0;0;0;0;0;0;;;;;;;;;;;;;;;;;;;;;30;30;10;20;0;10;0;0;0;0;50;0;40;10;0;0;0;0;0;0
2023;25;Paraíba;2510659;Parari;Municipal;Total;211.72;227.69;;;;;5.56;5.56;5.56;22.22;16.67;33.33;5.56;5.56;;;;;11.11;11.11;27.78;22.22;22.22;;;5.56;;;;;;;;;;;;;;;;;;;;;;;;;;;;;;;;;;;;;;;;;;;;;;;;;;;;;;;;;;;;;;;;;;;;;;;;;;;;;;;;
2023;25;Paraíba;2510659;Parari;Municipal;Urbana;211.72;227.69;;;;;5.56;5.56;5.56;22.22;16.67;33.33;5.56;5.56;0;0;0;0;11.11;11.11;27.78;22.22;22.22;0;0;5.56;0;;;;;;;;;;;;;;;;;;;;;;;;;;;;;;;;;;;;;;;;;;;;;;;;;;;;;;;;;;;;;;;;;;;;;;;;;;;;;;;
2023;25;Paraíba;2510659;Parari;Total - Estadual e Municipal;Total;211.72;227.69;257.57;243.31;246.83;261.39;5.56;5.56;5.56;22.22;16.67;33.33;5.56;5.56;;;;;11.11;11.11;27.78;22.22;22.22;;;5.56;;19.44;13.89;8.33;11.11;16.67;19.44;11.11;;;19.44;22.22;13.89;8.33;22.22;13.89;;;;;30;30;10;20;;10;;;;;50;;40;10;;;;;;;;;;;;;;;;;;;;;;;;;;;30;30;10;20;;10;;;;;50;;40;10;;;;;;
2023;25;Paraíba;2510659;Parari;Total - Estadual e Municipal;Urbana;211.72;227.69;257.57;243.31;246.83;261.39;5.56;5.56;5.56;22.22;16.67;33.33;5.56;5.56;;;;;11.11;11.11;27.78;22.22;22.22;;;5.56;;19.44;13.89;8.33;11.11;16.67;19.44;11.11;;;19.44;22.22;13.89;8.33;22.22;13.89;;;;;30;30;10;20;;10;;;;;50;;40;10;;;;;;;;;;;;;;;;;;;;;;;;;;;30;30;10;20;;10;;;;;50;;40;10;;;;;;
2023;25;Paraíba;2510659;Parari;Total - Federal  Estadual e Municipal;Total;211.72;227.69;257.57;243.31;246.83;261.39;5.56;5.56;5.56;22.22;16.67;33.33;5.56;5.56;;;;;11.11;11.11;27.78;22.22;22.22;;;5.56;;19.44;13.89;8.33;11.11;16.67;19.44;11.11;;;19.44;22.22;13.89;8.33;22.22;13.89;;;;;30;30;10;20;;10;;;;;50;;40;10;;;;;;;;;;;;;;;;;;;;;;;;;;;30;30;10;20;;10;;;;;50;;40;10;;;;;;
2023;25;Paraíba;2510659;Parari;Total - Federal  Estadual e Municipal;Urbana;211.72;227.69;257.57;243.31;246.83;261.39;5.56;5.56;5.56;22.22;16.67;33.33;5.56;5.56;;;;;11.11;11.11;27.78;22.22;22.22;;;5.56;;19.44;13.89;8.33;11.11;16.67;19.44;11.11;;;19.44;22.22;13.89;8.33;22.22;13.89;;;;;30;30;10;20;;10;;;;;50;;40;10;;;;;;;;;;;;;;;;;;;;;;;;;;;30;30;10;20;;10;;;;;50;;40;10;;;;;;
2023;25;Paraíba;2510709;Passagem;Total - Federal  Estadual  Municipal e Privada;Total;191.48;203.25;226.9;229.8;252.59;262.73;3.14;9.34;25.01;31.26;9.37;12.5;3.14;6.25;;;3.11;9.37;12.46;31.33;9.37;15.64;12.5;3.11;3.11;;;26.47;25.4;19.66;10.86;11.4;6.2;;;;26.47;14.99;20.73;20.73;14.99;2.07;;;;;31.58;5.26;31.58;15.79;15.79;;;;;21.05;21.05;10.53;36.84;10.53;;;;;;;;;;;;;;;;;;;;;;;;;;;31.58;5.26;31.58;15.79;15.79;;;;;21.05;21.05;10.53;36.84;10.53;;;;;;
2023;25;Paraíba;2510709;Passagem;Total - Federal  Estadual  Municipal e Privada;Urbana;188.26;202.87;226.9;229.8;252.59;262.73;;17.65;23.53;29.41;11.76;11.76;;5.88;;;5.88;11.76;23.53;11.76;11.76;11.76;11.76;5.88;5.88;;;26.47;25.4;19.66;10.86;11.4;6.2;;;;26.47;14.99;20.73;20.73;14.99;2.07;;;;;31.58;5.26;31.58;15.79;15.79;;;;;21.05;21.05;10.53;36.84;10.53;;;;;;;;;;;;;;;;;;;;;;;;;;;31.58;5.26;31.58;15.79;15.79;;;;;21.05;21.05;10.53;36.84;10.53;;;;;;
2023;25;Paraíba;2510709;Passagem;Total - Federal  Estadual  Municipal e Privada;Rural;195.09;203.68;;;;;6.67;;26.67;33.33;6.67;13.33;6.67;6.67;;;;6.67;;53.33;6.67;20;13.33;;;;;;;;;;;;;;;;;;;;;;;;;;;;;;;;;;;;;;;;;;;;;;;;;;;;;;;;;;;;;;;;;;;;;;;;;;;;;;;;;;;
2023;25;Paraíba;2510709;Passagem;Estadual;Total;;;;;252.59;262.73;;;;;;;;;;;;;;;;;;;;;;;;;;;;;;;;;;;;;;;;;31.58;5.26;31.58;15.79;15.79;;;;;21.05;21.05;10.53;36.84;10.53;;;;;;;;;;;;;;;;;;;;;;;;;;;31.58;5.26;31.58;15.79;15.79;;;;;21.05;21.05;10.53;36.84;10.53;;;;;;
2023;25;Paraíba;2510709;Passagem;Estadual;Urbana;;;;;252.59;262.73;;;;;;;;;;;;;;;;;;;;;;;;;;;;;;;;;;;;;;;;;31.58;5.26;31.58;15.79;15.79;0;0;0;0;21.05;21.05;10.53;36.84;10.53;0;0;0;0;0;0;;;;;;;;;;;;;;;;;;;;;31.58;5.26;31.58;15.79;15.79;0;0;0;0;21.05;21.05;10.53;36.84;10.53;0;0;0;0;0;0
2023;25;Paraíba;2510709;Passagem;Municipal;Total;191.48;203.25;226.9;229.8;;;3.14;9.34;25.01;31.26;9.37;12.5;3.14;6.25;;;3.11;9.37;12.46;31.33;9.37;15.64;12.5;3.11;3.11;;;26.47;25.4;19.66;10.86;11.4;6.2;;;;26.47;14.99;20.73;20.73;14.99;2.07;;;;;;;;;;;;;;;;;;;;;;;;;;;;;;;;;;;;;;;;;;;;;;;;;;;;;;;;;;;;;;;;
2023;25;Paraíba;2510709;Passagem;Municipal;Urbana;188.26;202.87;226.9;229.8;;;0;17.65;23.53;29.41;11.76;11.76;0;5.88;0;0;5.88;11.76;23.53;11.76;11.76;11.76;11.76;5.88;5.88;0;0;26.47;25.4;19.66;10.86;11.4;6.2;0;0;0;26.47;14.99;20.73;20.73;14.99;2.07;0;0;0;0;;;;;;;;;;;;;;;;;;;;;;;;;;;;;;;;;;;;;;;;;;;;;;;;;;;;;;;;;;;;
2023;25;Paraíba;2510709;Passagem;Municipal;Rural;195.09;203.68;;;;;6.67;0;26.67;33.33;6.67;13.33;6.67;6.67;0;0;0;6.67;0;53.33;6.67;20;13.33;0;0;0;0;;;;;;;;;;;;;;;;;;;;;;;;;;;;;;;;;;;;;;;;;;;;;;;;;;;;;;;;;;;;;;;;;;;;;;;;;;;;;;;
2023;25;Paraíba;2510709;Passagem;Total - Estadual e Municipal;Total;191.48;203.25;226.9;229.8;252.59;262.73;3.14;9.34;25.01;31.26;9.37;12.5;3.14;6.25;;;3.11;9.37;12.46;31.33;9.37;15.64;12.5;3.11;3.11;;;26.47;25.4;19.66;10.86;11.4;6.2;;;;26.47;14.99;20.73;20.73;14.99;2.07;;;;;31.58;5.26;31.58;15.79;15.79;;;;;21.05;21.05;10.53;36.84;10.53;;;;;;;;;;;;;;;;;;;;;;;;;;;31.58;5.26;31.58;15.79;15.79;;;;;21.05;21.05;10.53;36.84;10.53;;;;;;
2023;25;Paraíba;2510709;Passagem;Total - Estadual e Municipal;Urbana;188.26;202.87;226.9;229.8;252.59;262.73;;17.65;23.53;29.41;11.76;11.76;;5.88;;;5.88;11.76;23.53;11.76;11.76;11.76;11.76;5.88;5.88;;;26.47;25.4;19.66;10.86;11.4;6.2;;;;26.47;14.99;20.73;20.73;14.99;2.07;;;;;31.58;5.26;31.58;15.79;15.79;;;;;21.05;21.05;10.53;36.84;10.53;;;;;;;;;;;;;;;;;;;;;;;;;;;31.58;5.26;31.58;15.79;15.79;;;;;21.05;21.05;10.53;36.84;10.53;;;;;;
2023;25;Paraíba;2510709;Passagem;Total - Estadual e Municipal;Rural;195.09;203.68;;;;;6.67;;26.67;33.33;6.67;13.33;6.67;6.67;;;;6.67;;53.33;6.67;20;13.33;;;;;;;;;;;;;;;;;;;;;;;;;;;;;;;;;;;;;;;;;;;;;;;;;;;;;;;;;;;;;;;;;;;;;;;;;;;;;;;;;;;
2023;25;Paraíba;2510709;Passagem;Total - Federal  Estadual e Municipal;Total;191.48;203.25;226.9;229.8;252.59;262.73;3.14;9.34;25.01;31.26;9.37;12.5;3.14;6.25;;;3.11;9.37;12.46;31.33;9.37;15.64;12.5;3.11;3.11;;;26.47;25.4;19.66;10.86;11.4;6.2;;;;26.47;14.99;20.73;20.73;14.99;2.07;;;;;31.58;5.26;31.58;15.79;15.79;;;;;21.05;21.05;10.53;36.84;10.53;;;;;;;;;;;;;;;;;;;;;;;;;;;31.58;5.26;31.58;15.79;15.79;;;;;21.05;21.05;10.53;36.84;10.53;;;;;;
2023;25;Paraíba;2510709;Passagem;Total - Federal  Estadual e Municipal;Urbana;188.26;202.87;226.9;229.8;252.59;262.73;;17.65;23.53;29.41;11.76;11.76;;5.88;;;5.88;11.76;23.53;11.76;11.76;11.76;11.76;5.88;5.88;;;26.47;25.4;19.66;10.86;11.4;6.2;;;;26.47;14.99;20.73;20.73;14.99;2.07;;;;;31.58;5.26;31.58;15.79;15.79;;;;;21.05;21.05;10.53;36.84;10.53;;;;;;;;;;;;;;;;;;;;;;;;;;;31.58;5.26;31.58;15.79;15.79;;;;;21.05;21.05;10.53;36.84;10.53;;;;;;
2023;25;Paraíba;2510709;Passagem;Total - Federal  Estadual e Municipal;Rural;195.09;203.68;;;;;6.67;;26.67;33.33;6.67;13.33;6.67;6.67;;;;6.67;;53.33;6.67;20;13.33;;;;;;;;;;;;;;;;;;;;;;;;;;;;;;;;;;;;;;;;;;;;;;;;;;;;;;;;;;;;;;;;;;;;;;;;;;;;;;;;;;;
2023;25;Paraíba;2510808;Patos;Total - Federal  Estadual  Municipal e Privada;Total;208.06;226.21;251.98;248.19;274.65;266.76;4.86;11.92;13.09;14.23;17.74;15.59;11.79;5.29;4.38;1.1;1.92;6.73;12.98;13.83;16.79;12.92;12.58;11.22;6.31;3.23;1.49;17.43;12.65;16.95;19.69;15.78;10.49;4.99;1.9;0.12;16.19;17.57;18.8;19.04;12.5;9.15;4.54;1.53;0.34;0.34;16.33;13.71;20.08;16.59;18.34;11.06;3.15;0.73;;17.04;20.81;22.66;17.39;12.87;4.02;3.88;1.15;0.17;;;12.97;9.01;10.72;15.54;21.21;19.51;8.01;2.26;0.77;9.84;14.15;17.46;23.37;18.85;5.75;7.17;2.69;0.71;;;15.24;12.18;17.03;16.25;19.27;13.81;4.74;1.23;0.25;14.69;18.64;20.97;19.34;14.82;4.59;4.95;1.65;0.35;;
2023;25;Paraíba;2510808;Patos;Total - Federal  Estadual  Municipal e Privada;Urbana;207.83;225.68;252.61;248.67;274.65;266.76;4.79;12.09;13.07;14.25;18;15.42;11.72;5.36;4.29;1.01;1.87;6.85;13.07;13.95;16.77;12.89;12.54;11.49;6.05;3.1;1.42;16.86;12.46;17.06;20.02;15.95;10.69;4.85;1.98;0.13;16.04;17.24;18.74;19.23;12.54;9.18;4.72;1.59;0.36;0.35;16.33;13.71;20.08;16.59;18.34;11.06;3.15;0.73;;17.04;20.81;22.66;17.39;12.87;4.02;3.88;1.15;0.17;;;12.97;9.01;10.72;15.54;21.21;19.51;8.01;2.26;0.77;9.84;14.15;17.46;23.37;18.85;5.75;7.17;2.69;0.71;;;15.24;12.18;17.03;16.25;19.27;13.81;4.74;1.23;0.25;14.69;18.64;20.97;19.34;14.82;4.59;4.95;1.65;0.35;;
2023;25;Paraíba;2510808;Patos;Total - Federal  Estadual  Municipal e Privada;Rural;214.73;241.54;236.59;236.5;;;6.9;6.9;13.79;13.79;10.34;20.69;13.79;3.45;6.9;3.45;3.45;3.45;10.34;10.34;17.24;13.79;13.79;3.45;13.79;6.9;3.45;31.37;17.48;14.22;11.44;11.44;5.56;8.5;;;19.77;25.65;20.26;14.38;11.44;8.5;;;;;;;;;;;;;;;;;;;;;;;;;;;;;;;;;;;;;;;;;;;;;;;;;;;;;;;;;;;;;;;;
2023;25;Paraíba;2510808;Patos;Federal;Total;;;;;;;;;;;;;;;;;;;;;;;;;;;;;;;;;;;;;;;;;;;;;;;;;;;;;;;;;;;;;;;;;;;8.42;8.89;6.39;13.96;24.35;22.75;10.53;3.18;1.54;4.5;10.93;15.54;22.96;19.15;10.01;12.17;4.02;0.72;;;8.42;8.89;6.39;13.96;24.35;22.75;10.53;3.18;1.54;4.5;10.93;15.54;22.96;19.15;10.01;12.17;4.02;0.72;;
2023;25;Paraíba;2510808;Patos;Federal;Urbana;;;;;;;;;;;;;;;;;;;;;;;;;;;;;;;;;;;;;;;;;;;;;;;;;;;;;;;;;;;;;;;;;;;8.42;8.89;6.39;13.96;24.35;22.75;10.53;3.18;1.54;4.5;10.93;15.54;22.96;19.15;10.01;12.17;4.02;0.72;0;0;8.42;8.89;6.39;13.96;24.35;22.75;10.53;3.18;1.54;4.5;10.93;15.54;22.96;19.15;10.01;12.17;4.02;0.72;0;0
2023;25;Paraíba;2510808;Patos;Estadual;Total;;;252.13;248.24;274.65;266.76;;;;;;;;;;;;;;;;;;;;;;16.16;13.74;15.73;20.64;16.11;12.27;4.7;0.66;;15.15;16.74;21.26;17.95;13.66;7.46;6.02;1.1;0.33;0.33;16.33;13.71;20.08;16.59;18.34;11.06;3.15;0.73;;17.04;20.81;22.66;17.39;12.87;4.02;3.88;1.15;0.17;;;17.52;9.14;15.05;17.11;18.06;16.28;5.5;1.35;;15.19;17.37;19.37;23.79;18.55;1.5;2.17;1.35;0.7;;;16.56;12.82;19.1;16.69;18.29;12.07;3.61;0.85;;16.68;20.14;22.02;18.64;13.98;3.53;3.54;1.19;0.28;;
2023;25;Paraíba;2510808;Patos;Estadual;Urbana;;;252.13;248.24;274.65;266.76;;;;;;;;;;;;;;;;;;;;;;16.16;13.74;15.73;20.64;16.11;12.27;4.7;0.66;0;15.15;16.74;21.26;17.95;13.66;7.46;6.02;1.1;0.33;0.33;16.33;13.71;20.08;16.59;18.34;11.06;3.15;0.73;0;17.04;20.81;22.66;17.39;12.87;4.02;3.88;1.15;0.17;0;0;17.52;9.14;15.05;17.11;18.06;16.28;5.5;1.35;0;15.19;17.37;19.37;23.79;18.55;1.5;2.17;1.35;0.7;0;0;16.56;12.82;19.1;16.69;18.29;12.07;3.61;0.85;0;16.68;20.14;22.02;18.64;13.98;3.53;3.54;1.19;0.28;0;0
2023;25;Paraíba;2510808;Patos;Municipal;Total;208.06;226.21;251.91;248.17;;;4.86;11.92;13.09;14.23;17.74;15.59;11.79;5.29;4.38;1.1;1.92;6.73;12.98;13.83;16.79;12.92;12.58;11.22;6.31;3.23;1.49;18.01;12.16;17.51;19.25;15.62;9.67;5.13;2.47;0.18;16.66;17.95;17.68;19.54;11.96;9.92;3.86;1.73;0.35;0.34;;;;;;;;;;;;;;;;;;;;;;;;;;;;;;;;;;;;;;;;;;;;;;;;;;;;;;;;;;;;
2023;25;Paraíba;2510808;Patos;Municipal;Urbana;207.83;225.68;252.84;248.88;;;4.79;12.09;13.07;14.25;18;15.42;11.72;5.36;4.29;1.01;1.87;6.85;13.07;13.95;16.77;12.89;12.54;11.49;6.05;3.1;1.42;17.2;11.84;17.71;19.72;15.88;9.92;4.93;2.61;0.19;16.47;17.49;17.52;19.85;11.99;10.01;4.1;1.83;0.37;0.36;;;;;;;;;;;;;;;;;;;;;;;;;;;;;;;;;;;;;;;;;;;;;;;;;;;;;;;;;;;;
2023;25;Paraíba;2510808;Patos;Municipal;Rural;214.73;241.54;236.59;236.5;;;6.9;6.9;13.79;13.79;10.34;20.69;13.79;3.45;6.9;3.45;3.45;3.45;10.34;10.34;17.24;13.79;13.79;3.45;13.79;6.9;3.45;31.37;17.48;14.22;11.44;11.44;5.56;8.5;0;0;19.77;25.65;20.26;14.38;11.44;8.5;0;0;0;0;;;;;;;;;;;;;;;;;;;;;;;;;;;;;;;;;;;;;;;;;;;;;;;;;;;;;;;;;;;;
2023;25;Paraíba;2510808;Patos;Total - Estadual e Municipal;Total;208.06;226.21;251.98;248.19;274.65;266.76;4.86;11.92;13.09;14.23;17.74;15.59;11.79;5.29;4.38;1.1;1.92;6.73;12.98;13.83;16.79;12.92;12.58;11.22;6.31;3.23;1.49;17.43;12.65;16.95;19.69;15.78;10.49;4.99;1.9;0.12;16.19;17.57;18.8;19.04;12.5;9.15;4.54;1.53;0.34;0.34;16.33;13.71;20.08;16.59;18.34;11.06;3.15;0.73;;17.04;20.81;22.66;17.39;12.87;4.02;3.88;1.15;0.17;;;17.52;9.14;15.05;17.11;18.06;16.28;5.5;1.35;;15.19;17.37;19.37;23.79;18.55;1.5;2.17;1.35;0.7;;;16.56;12.82;19.1;16.69;18.29;12.07;3.61;0.85;;16.68;20.14;22.02;18.64;13.98;3.53;3.54;1.19;0.28;;
2023;25;Paraíba;2510808;Patos;Total - Estadual e Municipal;Urbana;207.83;225.68;252.61;248.67;274.65;266.76;4.79;12.09;13.07;14.25;18;15.42;11.72;5.36;4.29;1.01;1.87;6.85;13.07;13.95;16.77;12.89;12.54;11.49;6.05;3.1;1.42;16.86;12.46;17.06;20.02;15.95;10.69;4.85;1.98;0.13;16.04;17.24;18.74;19.23;12.54;9.18;4.72;1.59;0.36;0.35;16.33;13.71;20.08;16.59;18.34;11.06;3.15;0.73;;17.04;20.81;22.66;17.39;12.87;4.02;3.88;1.15;0.17;;;17.52;9.14;15.05;17.11;18.06;16.28;5.5;1.35;;15.19;17.37;19.37;23.79;18.55;1.5;2.17;1.35;0.7;;;16.56;12.82;19.1;16.69;18.29;12.07;3.61;0.85;;16.68;20.14;22.02;18.64;13.98;3.53;3.54;1.19;0.28;;
2023;25;Paraíba;2510808;Patos;Total - Estadual e Municipal;Rural;214.73;241.54;236.59;236.5;;;6.9;6.9;13.79;13.79;10.34;20.69;13.79;3.45;6.9;3.45;3.45;3.45;10.34;10.34;17.24;13.79;13.79;3.45;13.79;6.9;3.45;31.37;17.48;14.22;11.44;11.44;5.56;8.5;;;19.77;25.65;20.26;14.38;11.44;8.5;;;;;;;;;;;;;;;;;;;;;;;;;;;;;;;;;;;;;;;;;;;;;;;;;;;;;;;;;;;;;;;;
2023;25;Paraíba;2510808;Patos;Total - Federal  Estadual e Municipal;Total;208.06;226.21;251.98;248.19;274.65;266.76;4.86;11.92;13.09;14.23;17.74;15.59;11.79;5.29;4.38;1.1;1.92;6.73;12.98;13.83;16.79;12.92;12.58;11.22;6.31;3.23;1.49;17.43;12.65;16.95;19.69;15.78;10.49;4.99;1.9;0.12;16.19;17.57;18.8;19.04;12.5;9.15;4.54;1.53;0.34;0.34;16.33;13.71;20.08;16.59;18.34;11.06;3.15;0.73;;17.04;20.81;22.66;17.39;12.87;4.02;3.88;1.15;0.17;;;12.97;9.01;10.72;15.54;21.21;19.51;8.01;2.26;0.77;9.84;14.15;17.46;23.37;18.85;5.75;7.17;2.69;0.71;;;15.24;12.18;17.03;16.25;19.27;13.81;4.74;1.23;0.25;14.69;18.64;20.97;19.34;14.82;4.59;4.95;1.65;0.35;;
2023;25;Paraíba;2510808;Patos;Total - Federal  Estadual e Municipal;Urbana;207.83;225.68;252.61;248.67;274.65;266.76;4.79;12.09;13.07;14.25;18;15.42;11.72;5.36;4.29;1.01;1.87;6.85;13.07;13.95;16.77;12.89;12.54;11.49;6.05;3.1;1.42;16.86;12.46;17.06;20.02;15.95;10.69;4.85;1.98;0.13;16.04;17.24;18.74;19.23;12.54;9.18;4.72;1.59;0.36;0.35;16.33;13.71;20.08;16.59;18.34;11.06;3.15;0.73;;17.04;20.81;22.66;17.39;12.87;4.02;3.88;1.15;0.17;;;12.97;9.01;10.72;15.54;21.21;19.51;8.01;2.26;0.77;9.84;14.15;17.46;23.37;18.85;5.75;7.17;2.69;0.71;;;15.24;12.18;17.03;16.25;19.27;13.81;4.74;1.23;0.25;14.69;18.64;20.97;19.34;14.82;4.59;4.95;1.65;0.35;;
2023;25;Paraíba;2510808;Patos;Total - Federal  Estadual e Municipal;Rural;214.73;241.54;236.59;236.5;;;6.9;6.9;13.79;13.79;10.34;20.69;13.79;3.45;6.9;3.45;3.45;3.45;10.34;10.34;17.24;13.79;13.79;3.45;13.79;6.9;3.45;31.37;17.48;14.22;11.44;11.44;5.56;8.5;;;19.77;25.65;20.26;14.38;11.44;8.5;;;;;;;;;;;;;;;;;;;;;;;;;;;;;;;;;;;;;;;;;;;;;;;;;;;;;;;;;;;;;;;;
2023;25;Paraíba;2510907;Paulista;Total - Federal  Estadual  Municipal e Privada;Total;213.29;228.45;250.4;252.55;251.19;266.4;3.68;6.26;13.46;15.74;20.48;17.89;10.39;9.03;1.83;1.23;1.23;4.12;6.41;17.12;27.69;11.93;11.93;11.16;7.5;0.92;;18.52;15.7;15.49;14.38;14.56;15.52;4.28;1.55;;22.24;12.65;14.75;14.15;9.87;16.42;7.28;2.64;;;29.06;19.2;25.97;13.92;5.13;3.62;1.55;1.55;;20.53;18.48;19.51;19.6;11.85;4.87;5.17;;;;;3.85;;23.08;19.23;34.62;15.38;3.85;;;7.69;7.69;23.08;26.92;19.23;3.85;11.54;;;;;22.34;14.08;25.2;15.34;12.99;6.76;2.16;1.14;;17.11;15.61;20.46;21.55;13.82;4.59;6.87;;;;
2023;25;Paraíba;2510907;Paulista;Total - Federal  Estadual  Municipal e Privada;Urbana;210.95;228.03;258.19;260.65;251.19;266.4;4.41;5.31;16.11;14.46;23.43;15.93;8.06;10.82;;1.47;1.47;3.84;7.67;18.3;24.38;12.09;12.09;13.37;6.79;;;13.22;13.42;14.98;15.98;18.65;17.62;5.02;1.11;;18.36;9.06;17.62;14.53;9.51;20.21;6.92;3.79;;;29.06;19.2;25.97;13.92;5.13;3.62;1.55;1.55;;20.53;18.48;19.51;19.6;11.85;4.87;5.17;;;;;3.85;;23.08;19.23;34.62;15.38;3.85;;;7.69;7.69;23.08;26.92;19.23;3.85;11.54;;;;;22.34;14.08;25.2;15.34;12.99;6.76;2.16;1.14;;17.11;15.61;20.46;21.55;13.82;4.59;6.87;;;;
2023;25;Paraíba;2510907;Paulista;Total - Federal  Estadual  Municipal e Privada;Rural;225.11;230.53;232.43;233.87;;;;11.11;;22.22;5.56;27.78;22.22;;11.11;;;5.56;;11.11;44.44;11.11;11.11;;11.11;5.56;;30.77;20.94;16.67;10.68;5.13;10.68;2.56;2.56;;31.2;20.94;8.12;13.25;10.68;7.69;8.12;;;;;;;;;;;;;;;;;;;;;;;;;;;;;;;;;;;;;;;;;;;;;;;;;;;;;;;;;;;;;;;
2023;25;Paraíba;2510907;Paulista;Estadual;Total;;;;;251.19;266.4;;;;;;;;;;;;;;;;;;;;;;;;;;;;;;;;;;;;;;;;;29.06;19.2;25.97;13.92;5.13;3.62;1.55;1.55;;20.53;18.48;19.51;19.6;11.85;4.87;5.17;;;;;3.85;;23.08;19.23;34.62;15.38;3.85;;;7.69;7.69;23.08;26.92;19.23;3.85;11.54;;;;;22.34;14.08;25.2;15.34;12.99;6.76;2.16;1.14;;17.11;15.61;20.46;21.55;13.82;4.59;6.87;;;;
2023;25;Paraíba;2510907;Paulista;Estadual;Urbana;;;;;251.19;266.4;;;;;;;;;;;;;;;;;;;;;;;;;;;;;;;;;;;;;;;;;29.06;19.2;25.97;13.92;5.13;3.62;1.55;1.55;0;20.53;18.48;19.51;19.6;11.85;4.87;5.17;0;0;0;0;3.85;0;23.08;19.23;34.62;15.38;3.85;0;0;7.69;7.69;23.08;26.92;19.23;3.85;11.54;0;0;0;0;22.34;14.08;25.2;15.34;12.99;6.76;2.16;1.14;0;17.11;15.61;20.46;21.55;13.82;4.59;6.87;0;0;0;0
2023;25;Paraíba;2510907;Paulista;Municipal;Total;213.29;228.45;250.4;252.55;;;3.68;6.26;13.46;15.74;20.48;17.89;10.39;9.03;1.83;1.23;1.23;4.12;6.41;17.12;27.69;11.93;11.93;11.16;7.5;0.92;;18.52;15.7;15.49;14.38;14.56;15.52;4.28;1.55;;22.24;12.65;14.75;14.15;9.87;16.42;7.28;2.64;;;;;;;;;;;;;;;;;;;;;;;;;;;;;;;;;;;;;;;;;;;;;;;;;;;;;;;;;;;;;;
2023;25;Paraíba;2510907;Paulista;Municipal;Urbana;210.95;228.03;258.19;260.65;;;4.41;5.31;16.11;14.46;23.43;15.93;8.06;10.82;0;1.47;1.47;3.84;7.67;18.3;24.38;12.09;12.09;13.37;6.79;0;0;13.22;13.42;14.98;15.98;18.65;17.62;5.02;1.11;0;18.36;9.06;17.62;14.53;9.51;20.21;6.92;3.79;0;0;;;;;;;;;;;;;;;;;;;;;;;;;;;;;;;;;;;;;;;;;;;;;;;;;;;;;;;;;;;;
2023;25;Paraíba;2510907;Paulista;Municipal;Rural;225.11;230.53;232.43;233.87;;;0;11.11;0;22.22;5.56;27.78;22.22;0;11.11;0;0;5.56;0;11.11;44.44;11.11;11.11;0;11.11;5.56;0;30.77;20.94;16.67;10.68;5.13;10.68;2.56;2.56;0;31.2;20.94;8.12;13.25;10.68;7.69;8.12;0;0;0;;;;;;;;;;;;;;;;;;;;;;;;;;;;;;;;;;;;;;;;;;;;;;;;;;;;;;;;;;;;
2023;25;Paraíba;2510907;Paulista;Total - Estadual e Municipal;Total;213.29;228.45;250.4;252.55;251.19;266.4;3.68;6.26;13.46;15.74;20.48;17.89;10.39;9.03;1.83;1.23;1.23;4.12;6.41;17.12;27.69;11.93;11.93;11.16;7.5;0.92;;18.52;15.7;15.49;14.38;14.56;15.52;4.28;1.55;;22.24;12.65;14.75;14.15;9.87;16.42;7.28;2.64;;;29.06;19.2;25.97;13.92;5.13;3.62;1.55;1.55;;20.53;18.48;19.51;19.6;11.85;4.87;5.17;;;;;3.85;;23.08;19.23;34.62;15.38;3.85;;;7.69;7.69;23.08;26.92;19.23;3.85;11.54;;;;;22.34;14.08;25.2;15.34;12.99;6.76;2.16;1.14;;17.11;15.61;20.46;21.55;13.82;4.59;6.87;;;;
2023;25;Paraíba;2510907;Paulista;Total - Estadual e Municipal;Urbana;210.95;228.03;258.19;260.65;251.19;266.4;4.41;5.31;16.11;14.46;23.43;15.93;8.06;10.82;;1.47;1.47;3.84;7.67;18.3;24.38;12.09;12.09;13.37;6.79;;;13.22;13.42;14.98;15.98;18.65;17.62;5.02;1.11;;18.36;9.06;17.62;14.53;9.51;20.21;6.92;3.79;;;29.06;19.2;25.97;13.92;5.13;3.62;1.55;1.55;;20.53;18.48;19.51;19.6;11.85;4.87;5.17;;;;;3.85;;23.08;19.23;34.62;15.38;3.85;;;7.69;7.69;23.08;26.92;19.23;3.85;11.54;;;;;22.34;14.08;25.2;15.34;12.99;6.76;2.16;1.14;;17.11;15.61;20.46;21.55;13.82;4.59;6.87;;;;
2023;25;Paraíba;2510907;Paulista;Total - Estadual e Municipal;Rural;225.11;230.53;232.43;233.87;;;;11.11;;22.22;5.56;27.78;22.22;;11.11;;;5.56;;11.11;44.44;11.11;11.11;;11.11;5.56;;30.77;20.94;16.67;10.68;5.13;10.68;2.56;2.56;;31.2;20.94;8.12;13.25;10.68;7.69;8.12;;;;;;;;;;;;;;;;;;;;;;;;;;;;;;;;;;;;;;;;;;;;;;;;;;;;;;;;;;;;;;;
2023;25;Paraíba;2510907;Paulista;Total - Federal  Estadual e Municipal;Total;213.29;228.45;250.4;252.55;251.19;266.4;3.68;6.26;13.46;15.74;20.48;17.89;10.39;9.03;1.83;1.23;1.23;4.12;6.41;17.12;27.69;11.93;11.93;11.16;7.5;0.92;;18.52;15.7;15.49;14.38;14.56;15.52;4.28;1.55;;22.24;12.65;14.75;14.15;9.87;16.42;7.28;2.64;;;29.06;19.2;25.97;13.92;5.13;3.62;1.55;1.55;;20.53;18.48;19.51;19.6;11.85;4.87;5.17;;;;;3.85;;23.08;19.23;34.62;15.38;3.85;;;7.69;7.69;23.08;26.92;19.23;3.85;11.54;;;;;22.34;14.08;25.2;15.34;12.99;6.76;2.16;1.14;;17.11;15.61;20.46;21.55;13.82;4.59;6.87;;;;
2023;25;Paraíba;2510907;Paulista;Total - Federal  Estadual e Municipal;Urbana;210.95;228.03;258.19;260.65;251.19;266.4;4.41;5.31;16.11;14.46;23.43;15.93;8.06;10.82;;1.47;1.47;3.84;7.67;18.3;24.38;12.09;12.09;13.37;6.79;;;13.22;13.42;14.98;15.98;18.65;17.62;5.02;1.11;;18.36;9.06;17.62;14.53;9.51;20.21;6.92;3.79;;;29.06;19.2;25.97;13.92;5.13;3.62;1.55;1.55;;20.53;18.48;19.51;19.6;11.85;4.87;5.17;;;;;3.85;;23.08;19.23;34.62;15.38;3.85;;;7.69;7.69;23.08;26.92;19.23;3.85;11.54;;;;;22.34;14.08;25.2;15.34;12.99;6.76;2.16;1.14;;17.11;15.61;20.46;21.55;13.82;4.59;6.87;;;;
2023;25;Paraíba;2510907;Paulista;Total - Federal  Estadual e Municipal;Rural;225.11;230.53;232.43;233.87;;;;11.11;;22.22;5.56;27.78;22.22;;11.11;;;5.56;;11.11;44.44;11.11;11.11;;11.11;5.56;;30.77;20.94;16.67;10.68;5.13;10.68;2.56;2.56;;31.2;20.94;8.12;13.25;10.68;7.69;8.12;;;;;;;;;;;;;;;;;;;;;;;;;;;;;;;;;;;;;;;;;;;;;;;;;;;;;;;;;;;;;;;
2023;25;Paraíba;2511004;Pedra Branca;Total - Federal  Estadual  Municipal e Privada;Total;183.94;209.41;252.4;243.12;239.35;257.05;8.97;13.18;28.94;17.8;6.66;13.45;6.52;2.17;2.31;;2.17;11.01;11.28;24.18;13.45;13.32;17.8;4.48;2.31;;;15.1;10.2;24.77;22.15;14.07;4.07;7.78;;1.85;25.5;14.76;11.85;26.23;5.93;5.93;5.93;;3.89;;43.88;21.88;12.36;7.37;7.26;4.88;2.38;;;17.01;39.12;14.51;12.13;12.24;2.49;2.49;;;;;;;;;;;;;;;;;;;;;;;;;43.88;21.88;12.36;7.37;7.26;4.88;2.38;;;17.01;39.12;14.51;12.13;12.24;2.49;2.49;;;;
2023;25;Paraíba;2511004;Pedra Branca;Total - Federal  Estadual  Municipal e Privada;Urbana;183.94;209.41;252.4;243.12;239.35;257.05;8.97;13.18;28.94;17.8;6.66;13.45;6.52;2.17;2.31;;2.17;11.01;11.28;24.18;13.45;13.32;17.8;4.48;2.31;;;15.1;10.2;24.77;22.15;14.07;4.07;7.78;;1.85;25.5;14.76;11.85;26.23;5.93;5.93;5.93;;3.89;;43.88;21.88;12.36;7.37;7.26;4.88;2.38;;;17.01;39.12;14.51;12.13;12.24;2.49;2.49;;;;;;;;;;;;;;;;;;;;;;;;;43.88;21.88;12.36;7.37;7.26;4.88;2.38;;;17.01;39.12;14.51;12.13;12.24;2.49;2.49;;;;
2023;25;Paraíba;2511004;Pedra Branca;Estadual;Total;;;241.6;233.96;239.35;257.05;;;;;;;;;;;;;;;;;;;;;;41.18;5.88;11.76;17.65;5.88;;11.76;;5.88;47.06;;11.76;17.65;5.88;5.88;5.88;;5.88;;43.88;21.88;12.36;7.37;7.26;4.88;2.38;;;17.01;39.12;14.51;12.13;12.24;2.49;2.49;;;;;;;;;;;;;;;;;;;;;;;;;43.88;21.88;12.36;7.37;7.26;4.88;2.38;;;17.01;39.12;14.51;12.13;12.24;2.49;2.49;;;;
2023;25;Paraíba;2511004;Pedra Branca;Estadual;Urbana;;;241.6;233.96;239.35;257.05;;;;;;;;;;;;;;;;;;;;;;41.18;5.88;11.76;17.65;5.88;0;11.76;0;5.88;47.06;0;11.76;17.65;5.88;5.88;5.88;0;5.88;0;43.88;21.88;12.36;7.37;7.26;4.88;2.38;0;0;17.01;39.12;14.51;12.13;12.24;2.49;2.49;0;0;0;0;;;;;;;;;;;;;;;;;;;;;43.88;21.88;12.36;7.37;7.26;4.88;2.38;0;0;17.01;39.12;14.51;12.13;12.24;2.49;2.49;0;0;0;0
2023;25;Paraíba;2511004;Pedra Branca;Municipal;Total;183.94;209.41;257.36;247.32;;;8.97;13.18;28.94;17.8;6.66;13.45;6.52;2.17;2.31;;2.17;11.01;11.28;24.18;13.45;13.32;17.8;4.48;2.31;;;3.12;12.18;30.75;24.22;17.84;5.95;5.95;;;15.59;21.54;11.89;30.17;5.95;5.95;5.95;;2.97;;;;;;;;;;;;;;;;;;;;;;;;;;;;;;;;;;;;;;;;;;;;;;;;;;;;;;;;;;;;;
2023;25;Paraíba;2511004;Pedra Branca;Municipal;Urbana;183.94;209.41;257.36;247.32;;;8.97;13.18;28.94;17.8;6.66;13.45;6.52;2.17;2.31;0;2.17;11.01;11.28;24.18;13.45;13.32;17.8;4.48;2.31;0;0;3.12;12.18;30.75;24.22;17.84;5.95;5.95;0;0;15.59;21.54;11.89;30.17;5.95;5.95;5.95;0;2.97;0;;;;;;;;;;;;;;;;;;;;;;;;;;;;;;;;;;;;;;;;;;;;;;;;;;;;;;;;;;;;
2023;25;Paraíba;2511004;Pedra Branca;Total - Estadual e Municipal;Total;183.94;209.41;252.4;243.12;239.35;257.05;8.97;13.18;28.94;17.8;6.66;13.45;6.52;2.17;2.31;;2.17;11.01;11.28;24.18;13.45;13.32;17.8;4.48;2.31;;;15.1;10.2;24.77;22.15;14.07;4.07;7.78;;1.85;25.5;14.76;11.85;26.23;5.93;5.93;5.93;;3.89;;43.88;21.88;12.36;7.37;7.26;4.88;2.38;;;17.01;39.12;14.51;12.13;12.24;2.49;2.49;;;;;;;;;;;;;;;;;;;;;;;;;43.88;21.88;12.36;7.37;7.26;4.88;2.38;;;17.01;39.12;14.51;12.13;12.24;2.49;2.49;;;;
2023;25;Paraíba;2511004;Pedra Branca;Total - Estadual e Municipal;Urbana;183.94;209.41;252.4;243.12;239.35;257.05;8.97;13.18;28.94;17.8;6.66;13.45;6.52;2.17;2.31;;2.17;11.01;11.28;24.18;13.45;13.32;17.8;4.48;2.31;;;15.1;10.2;24.77;22.15;14.07;4.07;7.78;;1.85;25.5;14.76;11.85;26.23;5.93;5.93;5.93;;3.89;;43.88;21.88;12.36;7.37;7.26;4.88;2.38;;;17.01;39.12;14.51;12.13;12.24;2.49;2.49;;;;;;;;;;;;;;;;;;;;;;;;;43.88;21.88;12.36;7.37;7.26;4.88;2.38;;;17.01;39.12;14.51;12.13;12.24;2.49;2.49;;;;
2023;25;Paraíba;2511004;Pedra Branca;Total - Federal  Estadual e Municipal;Total;183.94;209.41;252.4;243.12;239.35;257.05;8.97;13.18;28.94;17.8;6.66;13.45;6.52;2.17;2.31;;2.17;11.01;11.28;24.18;13.45;13.32;17.8;4.48;2.31;;;15.1;10.2;24.77;22.15;14.07;4.07;7.78;;1.85;25.5;14.76;11.85;26.23;5.93;5.93;5.93;;3.89;;43.88;21.88;12.36;7.37;7.26;4.88;2.38;;;17.01;39.12;14.51;12.13;12.24;2.49;2.49;;;;;;;;;;;;;;;;;;;;;;;;;43.88;21.88;12.36;7.37;7.26;4.88;2.38;;;17.01;39.12;14.51;12.13;12.24;2.49;2.49;;;;
2023;25;Paraíba;2511004;Pedra Branca;Total - Federal  Estadual e Municipal;Urbana;183.94;209.41;252.4;243.12;239.35;257.05;8.97;13.18;28.94;17.8;6.66;13.45;6.52;2.17;2.31;;2.17;11.01;11.28;24.18;13.45;13.32;17.8;4.48;2.31;;;15.1;10.2;24.77;22.15;14.07;4.07;7.78;;1.85;25.5;14.76;11.85;26.23;5.93;5.93;5.93;;3.89;;43.88;21.88;12.36;7.37;7.26;4.88;2.38;;;17.01;39.12;14.51;12.13;12.24;2.49;2.49;;;;;;;;;;;;;;;;;;;;;;;;;43.88;21.88;12.36;7.37;7.26;4.88;2.38;;;17.01;39.12;14.51;12.13;12.24;2.49;2.49;;;;
2023;25;Paraíba;2511103;Pedra Lavrada;Total - Federal  Estadual  Municipal e Privada;Total;200.79;216.14;266.12;264.68;275.7;271.82;2.35;10.69;18.05;18.15;20.6;11.08;11.28;6.53;1.28;;3.73;7.26;12.22;14.1;17.97;16.03;18.68;3.81;2.46;3.73;;8.46;13.99;12.78;21.18;15.56;15.4;7.08;5.55;;2.85;18.35;21.05;21.22;16.9;8.34;8.43;2.86;;;6.68;19.71;28.25;17.85;17.85;5.95;3.72;;;8.54;17.85;32.7;11.9;23.06;4.09;1.86;;;;;;;;;;;;;;;;;;;;;;;;;6.68;19.71;28.25;17.85;17.85;5.95;3.72;;;8.54;17.85;32.7;11.9;23.06;4.09;1.86;;;;
2023;25;Paraíba;2511103;Pedra Lavrada;Total - Federal  Estadual  Municipal e Privada;Urbana;205.96;221.98;269.85;268.58;283.51;280.05;;8.03;22.16;13.8;17.81;15.89;16.22;4.01;2.09;;4.18;8.03;10.12;12.04;13.8;16.05;21.66;4.01;4.01;6.1;;6.21;16.58;10.52;18.77;16.8;20.82;4.16;6.14;;2.12;12.42;24.98;20.96;16.65;10.3;12.56;;;;;22.58;25.81;19.35;19.35;6.45;6.45;;;3.23;19.35;25.81;12.9;32.26;3.23;3.23;;;;;;;;;;;;;;;;;;;;;;;;;;22.58;25.81;19.35;19.35;6.45;6.45;;;3.23;19.35;25.81;12.9;32.26;3.23;3.23;;;;
2023;25;Paraíba;2511103;Pedra Lavrada;Total - Federal  Estadual  Municipal e Privada;Rural;192.65;206.92;258.51;256.74;265.06;260.59;6.06;14.88;11.57;25.01;25.01;3.5;3.5;10.49;;;3.03;6.06;15.53;17.36;24.54;16;13.99;3.5;;;;13.04;8.7;17.39;26.09;13.04;4.35;13.04;4.35;;4.35;30.43;13.04;21.74;17.39;4.35;;8.7;;;15.79;15.79;31.58;15.79;15.79;5.26;;;;15.79;15.79;42.11;10.53;10.53;5.26;;;;;;;;;;;;;;;;;;;;;;;;;;15.79;15.79;31.58;15.79;15.79;5.26;;;;15.79;15.79;42.11;10.53;10.53;5.26;;;;;
2023;25;Paraíba;2511103;Pedra Lavrada;Estadual;Total;;;;;275.7;271.82;;;;;;;;;;;;;;;;;;;;;;;;;;;;;;;;;;;;;;;;;6.68;19.71;28.25;17.85;17.85;5.95;3.72;;;8.54;17.85;32.7;11.9;23.06;4.09;1.86;;;;;;;;;;;;;;;;;;;;;;;;;6.68;19.71;28.25;17.85;17.85;5.95;3.72;;;8.54;17.85;32.7;11.9;23.06;4.09;1.86;;;;
2023;25;Paraíba;2511103;Pedra Lavrada;Estadual;Urbana;;;;;283.51;280.05;;;;;;;;;;;;;;;;;;;;;;;;;;;;;;;;;;;;;;;;;0;22.58;25.81;19.35;19.35;6.45;6.45;0;0;3.23;19.35;25.81;12.9;32.26;3.23;3.23;0;0;0;0;;;;;;;;;;;;;;;;;;;;;0;22.58;25.81;19.35;19.35;6.45;6.45;0;0;3.23;19.35;25.81;12.9;32.26;3.23;3.23;0;0;0;0
2023;25;Paraíba;2511103;Pedra Lavrada;Estadual;Rural;;;;;265.06;260.59;;;;;;;;;;;;;;;;;;;;;;;;;;;;;;;;;;;;;;;;;15.79;15.79;31.58;15.79;15.79;5.26;0;0;0;15.79;15.79;42.11;10.53;10.53;5.26;0;0;0;0;0;;;;;;;;;;;;;;;;;;;;;15.79;15.79;31.58;15.79;15.79;5.26;0;0;0;15.79;15.79;42.11;10.53;10.53;5.26;0;0;0;0;0
2023;25;Paraíba;2511103;Pedra Lavrada;Municipal;Total;200.79;216.14;266.12;264.68;;;2.35;10.69;18.05;18.15;20.6;11.08;11.28;6.53;1.28;;3.73;7.26;12.22;14.1;17.97;16.03;18.68;3.81;2.46;3.73;;8.46;13.99;12.78;21.18;15.56;15.4;7.08;5.55;;2.85;18.35;21.05;21.22;16.9;8.34;8.43;2.86;;;;;;;;;;;;;;;;;;;;;;;;;;;;;;;;;;;;;;;;;;;;;;;;;;;;;;;;;;;;;;
2023;25;Paraíba;2511103;Pedra Lavrada;Municipal;Urbana;205.96;221.98;269.85;268.58;;;0;8.03;22.16;13.8;17.81;15.89;16.22;4.01;2.09;0;4.18;8.03;10.12;12.04;13.8;16.05;21.66;4.01;4.01;6.1;0;6.21;16.58;10.52;18.77;16.8;20.82;4.16;6.14;0;2.12;12.42;24.98;20.96;16.65;10.3;12.56;0;0;0;;;;;;;;;;;;;;;;;;;;;;;;;;;;;;;;;;;;;;;;;;;;;;;;;;;;;;;;;;;;
2023;25;Paraíba;2511103;Pedra Lavrada;Municipal;Rural;192.65;206.92;258.51;256.74;;;6.06;14.88;11.57;25.01;25.01;3.5;3.5;10.49;0;0;3.03;6.06;15.53;17.36;24.54;16;13.99;3.5;0;0;0;13.04;8.7;17.39;26.09;13.04;4.35;13.04;4.35;0;4.35;30.43;13.04;21.74;17.39;4.35;0;8.7;0;0;;;;;;;;;;;;;;;;;;;;;;;;;;;;;;;;;;;;;;;;;;;;;;;;;;;;;;;;;;;;
2023;25;Paraíba;2511103;Pedra Lavrada;Total - Estadual e Municipal;Total;200.79;216.14;266.12;264.68;275.7;271.82;2.35;10.69;18.05;18.15;20.6;11.08;11.28;6.53;1.28;;3.73;7.26;12.22;14.1;17.97;16.03;18.68;3.81;2.46;3.73;;8.46;13.99;12.78;21.18;15.56;15.4;7.08;5.55;;2.85;18.35;21.05;21.22;16.9;8.34;8.43;2.86;;;6.68;19.71;28.25;17.85;17.85;5.95;3.72;;;8.54;17.85;32.7;11.9;23.06;4.09;1.86;;;;;;;;;;;;;;;;;;;;;;;;;6.68;19.71;28.25;17.85;17.85;5.95;3.72;;;8.54;17.85;32.7;11.9;23.06;4.09;1.86;;;;
2023;25;Paraíba;2511103;Pedra Lavrada;Total - Estadual e Municipal;Urbana;205.96;221.98;269.85;268.58;283.51;280.05;;8.03;22.16;13.8;17.81;15.89;16.22;4.01;2.09;;4.18;8.03;10.12;12.04;13.8;16.05;21.66;4.01;4.01;6.1;;6.21;16.58;10.52;18.77;16.8;20.82;4.16;6.14;;2.12;12.42;24.98;20.96;16.65;10.3;12.56;;;;;22.58;25.81;19.35;19.35;6.45;6.45;;;3.23;19.35;25.81;12.9;32.26;3.23;3.23;;;;;;;;;;;;;;;;;;;;;;;;;;22.58;25.81;19.35;19.35;6.45;6.45;;;3.23;19.35;25.81;12.9;32.26;3.23;3.23;;;;
2023;25;Paraíba;2511103;Pedra Lavrada;Total - Estadual e Municipal;Rural;192.65;206.92;258.51;256.74;265.06;260.59;6.06;14.88;11.57;25.01;25.01;3.5;3.5;10.49;;;3.03;6.06;15.53;17.36;24.54;16;13.99;3.5;;;;13.04;8.7;17.39;26.09;13.04;4.35;13.04;4.35;;4.35;30.43;13.04;21.74;17.39;4.35;;8.7;;;15.79;15.79;31.58;15.79;15.79;5.26;;;;15.79;15.79;42.11;10.53;10.53;5.26;;;;;;;;;;;;;;;;;;;;;;;;;;15.79;15.79;31.58;15.79;15.79;5.26;;;;15.79;15.79;42.11;10.53;10.53;5.26;;;;;
2023;25;Paraíba;2511103;Pedra Lavrada;Total - Federal  Estadual e Municipal;Total;200.79;216.14;266.12;264.68;275.7;271.82;2.35;10.69;18.05;18.15;20.6;11.08;11.28;6.53;1.28;;3.73;7.26;12.22;14.1;17.97;16.03;18.68;3.81;2.46;3.73;;8.46;13.99;12.78;21.18;15.56;15.4;7.08;5.55;;2.85;18.35;21.05;21.22;16.9;8.34;8.43;2.86;;;6.68;19.71;28.25;17.85;17.85;5.95;3.72;;;8.54;17.85;32.7;11.9;23.06;4.09;1.86;;;;;;;;;;;;;;;;;;;;;;;;;6.68;19.71;28.25;17.85;17.85;5.95;3.72;;;8.54;17.85;32.7;11.9;23.06;4.09;1.86;;;;
2023;25;Paraíba;2511103;Pedra Lavrada;Total - Federal  Estadual e Municipal;Urbana;205.96;221.98;269.85;268.58;283.51;280.05;;8.03;22.16;13.8;17.81;15.89;16.22;4.01;2.09;;4.18;8.03;10.12;12.04;13.8;16.05;21.66;4.01;4.01;6.1;;6.21;16.58;10.52;18.77;16.8;20.82;4.16;6.14;;2.12;12.42;24.98;20.96;16.65;10.3;12.56;;;;;22.58;25.81;19.35;19.35;6.45;6.45;;;3.23;19.35;25.81;12.9;32.26;3.23;3.23;;;;;;;;;;;;;;;;;;;;;;;;;;22.58;25.81;19.35;19.35;6.45;6.45;;;3.23;19.35;25.81;12.9;32.26;3.23;3.23;;;;
2023;25;Paraíba;2511103;Pedra Lavrada;Total - Federal  Estadual e Municipal;Rural;192.65;206.92;258.51;256.74;265.06;260.59;6.06;14.88;11.57;25.01;25.01;3.5;3.5;10.49;;;3.03;6.06;15.53;17.36;24.54;16;13.99;3.5;;;;13.04;8.7;17.39;26.09;13.04;4.35;13.04;4.35;;4.35;30.43;13.04;21.74;17.39;4.35;;8.7;;;15.79;15.79;31.58;15.79;15.79;5.26;;;;15.79;15.79;42.11;10.53;10.53;5.26;;;;;;;;;;;;;;;;;;;;;;;;;;15.79;15.79;31.58;15.79;15.79;5.26;;;;15.79;15.79;42.11;10.53;10.53;5.26;;;;;
2023;25;Paraíba;2511202;Pedras de Fogo;Total - Federal  Estadual  Municipal e Privada;Total;188.95;199.13;245.48;241.85;258.33;258.99;7.32;18.93;16.61;19.66;13.61;11.33;7.15;2.81;1.73;0.87;3.62;13.81;15.68;18.38;18.79;14.99;10.03;2.43;2.06;0.21;;18.49;17.61;16.3;18.43;16.16;7.61;3.66;1.53;0.21;16.9;20.86;21.48;17.49;10.47;8.99;2.85;0.47;0.49;;24.22;20.86;19.28;17.47;10.47;7.04;;0.67;;20.23;18.06;27.8;22.17;7.18;3.92;0.64;;;;;3.92;5.88;10.73;30.68;29.76;10.27;8.77;;;8.77;8.3;15.57;28.26;18.11;17.07;3.92;;;;;19.22;17.17;17.17;20.72;15.22;7.83;2.16;0.5;;17.4;15.66;24.79;23.67;9.87;7.16;1.45;;;;
2023;25;Paraíba;2511202;Pedras de Fogo;Total - Federal  Estadual  Municipal e Privada;Urbana;191.4;202.53;248.84;243.7;258.33;258.99;5.97;18.65;16.74;21.01;13.13;10.12;7.62;3.7;1.71;1.36;2.52;12.07;17.27;19.47;14.69;16.51;10.76;3.48;2.89;0.33;;17.49;16.44;15.92;18.69;16.26;8.1;4.72;2.09;0.29;15.95;21.3;20.94;17.45;11.1;8.61;3.32;0.65;0.68;;24.22;20.86;19.28;17.47;10.47;7.04;;0.67;;20.23;18.06;27.8;22.17;7.18;3.92;0.64;;;;;3.92;5.88;10.73;30.68;29.76;10.27;8.77;;;8.77;8.3;15.57;28.26;18.11;17.07;3.92;;;;;19.22;17.17;17.17;20.72;15.22;7.83;2.16;0.5;;17.4;15.66;24.79;23.67;9.87;7.16;1.45;;;;
2023;25;Paraíba;2511202;Pedras de Fogo;Total - Federal  Estadual  Municipal e Privada;Rural;184.59;193.05;236.38;236.82;;;9.72;19.43;16.37;17.23;14.45;13.51;6.3;1.22;1.77;;5.57;16.93;12.83;16.44;26.11;12.26;8.73;0.56;0.56;;;21.21;20.78;17.33;17.75;15.89;6.27;0.79;;;19.47;19.66;22.96;17.59;8.75;10;1.57;;;;;;;;;;;;;;;;;;;;;;;;;;;;;;;;;;;;;;;;;;;;;;;;;;;;;;;;;;;;;;;
2023;25;Paraíba;2511202;Pedras de Fogo;Estadual;Total;;;276.09;263.44;258.33;258.99;;;;;;;;;;;;;;;;;;;;;;7.57;7.21;11.2;12.26;32.84;20.23;2.17;4.34;2.17;9.74;14.43;13.37;20.59;14.43;13.37;9.38;2.52;2.17;;24.22;20.86;19.28;17.47;10.47;7.04;;0.67;;20.23;18.06;27.8;22.17;7.18;3.92;0.64;;;;;3.92;5.88;10.73;30.68;29.76;10.27;8.77;;;8.77;8.3;15.57;28.26;18.11;17.07;3.92;;;;;19.22;17.17;17.17;20.72;15.22;7.83;2.16;0.5;;17.4;15.66;24.79;23.67;9.87;7.16;1.45;;;;
2023;25;Paraíba;2511202;Pedras de Fogo;Estadual;Urbana;;;276.09;263.44;258.33;258.99;;;;;;;;;;;;;;;;;;;;;;7.57;7.21;11.2;12.26;32.84;20.23;2.17;4.34;2.17;9.74;14.43;13.37;20.59;14.43;13.37;9.38;2.52;2.17;0;24.22;20.86;19.28;17.47;10.47;7.04;0;0.67;0;20.23;18.06;27.8;22.17;7.18;3.92;0.64;0;0;0;0;3.92;5.88;10.73;30.68;29.76;10.27;8.77;0;0;8.77;8.3;15.57;28.26;18.11;17.07;3.92;0;0;0;0;19.22;17.17;17.17;20.72;15.22;7.83;2.16;0.5;0;17.4;15.66;24.79;23.67;9.87;7.16;1.45;0;0;0;0
2023;25;Paraíba;2511202;Pedras de Fogo;Municipal;Total;188.95;199.13;242.13;239.48;;;7.32;18.93;16.61;19.66;13.61;11.33;7.15;2.81;1.73;0.87;3.62;13.81;15.68;18.38;18.79;14.99;10.03;2.43;2.06;0.21;;19.69;18.74;16.86;19.11;14.33;6.22;3.82;1.22;;17.68;21.56;22.37;17.15;10.03;8.5;2.14;0.25;0.31;;;;;;;;;;;;;;;;;;;;;;;;;;;;;;;;;;;;;;;;;;;;;;;;;;;;;;;;;;;;;
2023;25;Paraíba;2511202;Pedras de Fogo;Municipal;Urbana;191.4;202.53;244.58;240.61;;;5.97;18.65;16.74;21.01;13.13;10.12;7.62;3.7;1.71;1.36;2.52;12.07;17.27;19.47;14.69;16.51;10.76;3.48;2.89;0.33;0;19.04;17.88;16.66;19.69;13.67;6.21;5.12;1.74;0;16.92;22.37;22.12;16.96;10.58;7.87;2.38;0.35;0.44;0;;;;;;;;;;;;;;;;;;;;;;;;;;;;;;;;;;;;;;;;;;;;;;;;;;;;;;;;;;;;
2023;25;Paraíba;2511202;Pedras de Fogo;Municipal;Rural;184.59;193.05;236.38;236.82;;;9.72;19.43;16.37;17.23;14.45;13.51;6.3;1.22;1.77;0;5.57;16.93;12.83;16.44;26.11;12.26;8.73;0.56;0.56;0;0;21.21;20.78;17.33;17.75;15.89;6.27;0.79;0;0;19.47;19.66;22.96;17.59;8.75;10;1.57;0;0;0;;;;;;;;;;;;;;;;;;;;;;;;;;;;;;;;;;;;;;;;;;;;;;;;;;;;;;;;;;;;
2023;25;Paraíba;2511202;Pedras de Fogo;Total - Estadual e Municipal;Total;188.95;199.13;245.48;241.85;258.33;258.99;7.32;18.93;16.61;19.66;13.61;11.33;7.15;2.81;1.73;0.87;3.62;13.81;15.68;18.38;18.79;14.99;10.03;2.43;2.06;0.21;;18.49;17.61;16.3;18.43;16.16;7.61;3.66;1.53;0.21;16.9;20.86;21.48;17.49;10.47;8.99;2.85;0.47;0.49;;24.22;20.86;19.28;17.47;10.47;7.04;;0.67;;20.23;18.06;27.8;22.17;7.18;3.92;0.64;;;;;3.92;5.88;10.73;30.68;29.76;10.27;8.77;;;8.77;8.3;15.57;28.26;18.11;17.07;3.92;;;;;19.22;17.17;17.17;20.72;15.22;7.83;2.16;0.5;;17.4;15.66;24.79;23.67;9.87;7.16;1.45;;;;
2023;25;Paraíba;2511202;Pedras de Fogo;Total - Estadual e Municipal;Urbana;191.4;202.53;248.84;243.7;258.33;258.99;5.97;18.65;16.74;21.01;13.13;10.12;7.62;3.7;1.71;1.36;2.52;12.07;17.27;19.47;14.69;16.51;10.76;3.48;2.89;0.33;;17.49;16.44;15.92;18.69;16.26;8.1;4.72;2.09;0.29;15.95;21.3;20.94;17.45;11.1;8.61;3.32;0.65;0.68;;24.22;20.86;19.28;17.47;10.47;7.04;;0.67;;20.23;18.06;27.8;22.17;7.18;3.92;0.64;;;;;3.92;5.88;10.73;30.68;29.76;10.27;8.77;;;8.77;8.3;15.57;28.26;18.11;17.07;3.92;;;;;19.22;17.17;17.17;20.72;15.22;7.83;2.16;0.5;;17.4;15.66;24.79;23.67;9.87;7.16;1.45;;;;
2023;25;Paraíba;2511202;Pedras de Fogo;Total - Estadual e Municipal;Rural;184.59;193.05;236.38;236.82;;;9.72;19.43;16.37;17.23;14.45;13.51;6.3;1.22;1.77;;5.57;16.93;12.83;16.44;26.11;12.26;8.73;0.56;0.56;;;21.21;20.78;17.33;17.75;15.89;6.27;0.79;;;19.47;19.66;22.96;17.59;8.75;10;1.57;;;;;;;;;;;;;;;;;;;;;;;;;;;;;;;;;;;;;;;;;;;;;;;;;;;;;;;;;;;;;;;
2023;25;Paraíba;2511202;Pedras de Fogo;Total - Federal  Estadual e Municipal;Total;188.95;199.13;245.48;241.85;258.33;258.99;7.32;18.93;16.61;19.66;13.61;11.33;7.15;2.81;1.73;0.87;3.62;13.81;15.68;18.38;18.79;14.99;10.03;2.43;2.06;0.21;;18.49;17.61;16.3;18.43;16.16;7.61;3.66;1.53;0.21;16.9;20.86;21.48;17.49;10.47;8.99;2.85;0.47;0.49;;24.22;20.86;19.28;17.47;10.47;7.04;;0.67;;20.23;18.06;27.8;22.17;7.18;3.92;0.64;;;;;3.92;5.88;10.73;30.68;29.76;10.27;8.77;;;8.77;8.3;15.57;28.26;18.11;17.07;3.92;;;;;19.22;17.17;17.17;20.72;15.22;7.83;2.16;0.5;;17.4;15.66;24.79;23.67;9.87;7.16;1.45;;;;
2023;25;Paraíba;2511202;Pedras de Fogo;Total - Federal  Estadual e Municipal;Urbana;191.4;202.53;248.84;243.7;258.33;258.99;5.97;18.65;16.74;21.01;13.13;10.12;7.62;3.7;1.71;1.36;2.52;12.07;17.27;19.47;14.69;16.51;10.76;3.48;2.89;0.33;;17.49;16.44;15.92;18.69;16.26;8.1;4.72;2.09;0.29;15.95;21.3;20.94;17.45;11.1;8.61;3.32;0.65;0.68;;24.22;20.86;19.28;17.47;10.47;7.04;;0.67;;20.23;18.06;27.8;22.17;7.18;3.92;0.64;;;;;3.92;5.88;10.73;30.68;29.76;10.27;8.77;;;8.77;8.3;15.57;28.26;18.11;17.07;3.92;;;;;19.22;17.17;17.17;20.72;15.22;7.83;2.16;0.5;;17.4;15.66;24.79;23.67;9.87;7.16;1.45;;;;
2023;25;Paraíba;2511202;Pedras de Fogo;Total - Federal  Estadual e Municipal;Rural;184.59;193.05;236.38;236.82;;;9.72;19.43;16.37;17.23;14.45;13.51;6.3;1.22;1.77;;5.57;16.93;12.83;16.44;26.11;12.26;8.73;0.56;0.56;;;21.21;20.78;17.33;17.75;15.89;6.27;0.79;;;19.47;19.66;22.96;17.59;8.75;10;1.57;;;;;;;;;;;;;;;;;;;;;;;;;;;;;;;;;;;;;;;;;;;;;;;;;;;;;;;;;;;;;;;
2023;25;Paraíba;2511301;Piancó;Total - Federal  Estadual  Municipal e Privada;Total;173.66;182.57;236.53;232.63;;;12.76;24.17;19.19;17.88;11.1;8.73;4.36;;1.8;;8.67;14.37;21.34;20;15.62;17.38;1.83;0.8;;;;30.08;14.13;18.18;15.19;8.2;5.73;8.5;;;26.46;18.61;20.75;15.12;10.03;6.61;1.66;;0.78;;;;;;;;;;;;;;;;;;;;;;18.18;6.06;27.27;15.15;18.18;12.12;3.03;;;12.12;21.21;21.21;24.24;6.06;6.06;9.09;;;;;25.4;9.94;23.4;13.82;16.58;8.11;2.76;;;18.4;20.81;26.69;20.63;5.53;4.06;3.88;;;;
2023;25;Paraíba;2511301;Piancó;Total - Federal  Estadual  Municipal e Privada;Urbana;179.07;187.59;239.46;235.44;;;12.46;19.81;15.74;21.45;12.87;9.87;5.52;;2.27;;6.15;10.91;23.4;21.66;14.92;19.62;2.31;1.02;;;;28.2;14.52;18.01;15.68;8.03;6.27;9.29;;;25.18;17.54;21.76;14.66;10.97;7.23;1.82;;0.85;;;;;;;;;;;;;;;;;;;;;;18.18;6.06;27.27;15.15;18.18;12.12;3.03;;;12.12;21.21;21.21;24.24;6.06;6.06;9.09;;;;;25.4;9.94;23.4;13.82;16.58;8.11;2.76;;;18.4;20.81;26.69;20.63;5.53;4.06;3.88;;;;
2023;25;Paraíba;2511301;Piancó;Total - Federal  Estadual  Municipal e Privada;Rural;153.37;163.75;205.34;202.78;;;13.89;40.53;32.12;4.49;4.49;4.49;;;;;18.09;27.35;13.6;13.75;18.23;8.97;;;;;;50;10;20;10;10;;;;;40;30;10;20;;;;;;;;;;;;;;;;;;;;;;;;;;;;;;;;;;;;;;;;;;;;;;;;;;;;;;;;;;;;;;;;;;
2023;25;Paraíba;2511301;Piancó;Estadual;Total;162.59;188.19;247.07;237.53;254.26;254.08;16.67;33.33;8.33;25;8.33;8.33;;;;;;16.67;25;25;16.67;8.33;8.33;;;;;16.67;13.33;26.67;23.33;6.67;3.33;10;;;16.67;30;20;13.33;10;6.67;3.33;;;;30.77;12.82;20.51;12.82;15.38;5.13;2.56;;;23.08;20.51;30.77;17.95;5.13;2.56;;;;;;18.18;6.06;27.27;15.15;18.18;12.12;3.03;;;12.12;21.21;21.21;24.24;6.06;6.06;9.09;;;;;25.4;9.94;23.4;13.82;16.58;8.11;2.76;;;18.4;20.81;26.69;20.63;5.53;4.06;3.88;;;;
2023;25;Paraíba;2511301;Piancó;Estadual;Urbana;162.59;188.19;247.07;237.53;254.26;254.08;16.67;33.33;8.33;25;8.33;8.33;0;0;0;0;0;16.67;25;25;16.67;8.33;8.33;0;0;0;0;16.67;13.33;26.67;23.33;6.67;3.33;10;0;0;16.67;30;20;13.33;10;6.67;3.33;0;0;0;30.77;12.82;20.51;12.82;15.38;5.13;2.56;0;0;23.08;20.51;30.77;17.95;5.13;2.56;0;0;0;0;0;18.18;6.06;27.27;15.15;18.18;12.12;3.03;0;0;12.12;21.21;21.21;24.24;6.06;6.06;9.09;0;0;0;0;25.4;9.94;23.4;13.82;16.58;8.11;2.76;0;0;18.4;20.81;26.69;20.63;5.53;4.06;3.88;0;0;0;0
2023;25;Paraíba;2511301;Piancó;Municipal;Total;175.21;181.78;233.01;231;;;12.22;22.89;20.71;16.88;11.49;8.79;4.97;;2.05;;9.88;14.05;20.83;19.3;15.47;18.65;0.92;0.92;;;;34.55;14.39;15.35;12.47;8.71;6.53;7.99;;;29.72;14.81;21;15.71;10.03;6.59;1.1;;1.04;;;;;;;;;;;;;;;;;;;;;;;;;;;;;;;;;;;;;;;;;;;;;;;;;;;;;;;;;;;;;
2023;25;Paraíba;2511301;Piancó;Municipal;Urbana;182.11;187.48;236.59;234.65;;;11.69;17.32;17.11;20.8;13.7;10.15;6.54;0;2.69;0;7.29;9.85;23.11;21.05;14.59;21.7;1.21;1.21;0;0;0;32.55;14.96;14.75;12.79;8.55;7.37;9.03;0;0;28.39;12.84;22.42;15.15;11.33;7.44;1.25;0;1.18;0;;;;;;;;;;;;;;;;;;;;;;;;;;;;;;;;;;;;;;;;;;;;;;;;;;;;;;;;;;;;
2023;25;Paraíba;2511301;Piancó;Municipal;Rural;153.37;163.75;205.34;202.78;;;13.89;40.53;32.12;4.49;4.49;4.49;0;0;0;0;18.09;27.35;13.6;13.75;18.23;8.97;0;0;0;0;0;50;10;20;10;10;0;0;0;0;40;30;10;20;0;0;0;0;0;0;;;;;;;;;;;;;;;;;;;;;;;;;;;;;;;;;;;;;;;;;;;;;;;;;;;;;;;;;;;;
2023;25;Paraíba;2511301;Piancó;Total - Estadual e Municipal;Total;173.66;182.57;236.53;232.63;254.26;254.08;12.76;24.17;19.19;17.88;11.1;8.73;4.36;;1.8;;8.67;14.37;21.34;20;15.62;17.38;1.83;0.8;;;;30.08;14.13;18.18;15.19;8.2;5.73;8.5;;;26.46;18.61;20.75;15.12;10.03;6.61;1.66;;0.78;;30.77;12.82;20.51;12.82;15.38;5.13;2.56;;;23.08;20.51;30.77;17.95;5.13;2.56;;;;;;18.18;6.06;27.27;15.15;18.18;12.12;3.03;;;12.12;21.21;21.21;24.24;6.06;6.06;9.09;;;;;25.4;9.94;23.4;13.82;16.58;8.11;2.76;;;18.4;20.81;26.69;20.63;5.53;4.06;3.88;;;;
2023;25;Paraíba;2511301;Piancó;Total - Estadual e Municipal;Urbana;179.07;187.59;239.46;235.44;254.26;254.08;12.46;19.81;15.74;21.45;12.87;9.87;5.52;;2.27;;6.15;10.91;23.4;21.66;14.92;19.62;2.31;1.02;;;;28.2;14.52;18.01;15.68;8.03;6.27;9.29;;;25.18;17.54;21.76;14.66;10.97;7.23;1.82;;0.85;;30.77;12.82;20.51;12.82;15.38;5.13;2.56;;;23.08;20.51;30.77;17.95;5.13;2.56;;;;;;18.18;6.06;27.27;15.15;18.18;12.12;3.03;;;12.12;21.21;21.21;24.24;6.06;6.06;9.09;;;;;25.4;9.94;23.4;13.82;16.58;8.11;2.76;;;18.4;20.81;26.69;20.63;5.53;4.06;3.88;;;;
2023;25;Paraíba;2511301;Piancó;Total - Estadual e Municipal;Rural;153.37;163.75;205.34;202.78;;;13.89;40.53;32.12;4.49;4.49;4.49;;;;;18.09;27.35;13.6;13.75;18.23;8.97;;;;;;50;10;20;10;10;;;;;40;30;10;20;;;;;;;;;;;;;;;;;;;;;;;;;;;;;;;;;;;;;;;;;;;;;;;;;;;;;;;;;;;;;;;;;;
2023;25;Paraíba;2511301;Piancó;Total - Federal  Estadual e Municipal;Total;173.66;182.57;236.53;232.63;254.26;254.08;12.76;24.17;19.19;17.88;11.1;8.73;4.36;;1.8;;8.67;14.37;21.34;20;15.62;17.38;1.83;0.8;;;;30.08;14.13;18.18;15.19;8.2;5.73;8.5;;;26.46;18.61;20.75;15.12;10.03;6.61;1.66;;0.78;;30.77;12.82;20.51;12.82;15.38;5.13;2.56;;;23.08;20.51;30.77;17.95;5.13;2.56;;;;;;18.18;6.06;27.27;15.15;18.18;12.12;3.03;;;12.12;21.21;21.21;24.24;6.06;6.06;9.09;;;;;25.4;9.94;23.4;13.82;16.58;8.11;2.76;;;18.4;20.81;26.69;20.63;5.53;4.06;3.88;;;;
2023;25;Paraíba;2511301;Piancó;Total - Federal  Estadual e Municipal;Urbana;179.07;187.59;239.46;235.44;254.26;254.08;12.46;19.81;15.74;21.45;12.87;9.87;5.52;;2.27;;6.15;10.91;23.4;21.66;14.92;19.62;2.31;1.02;;;;28.2;14.52;18.01;15.68;8.03;6.27;9.29;;;25.18;17.54;21.76;14.66;10.97;7.23;1.82;;0.85;;30.77;12.82;20.51;12.82;15.38;5.13;2.56;;;23.08;20.51;30.77;17.95;5.13;2.56;;;;;;18.18;6.06;27.27;15.15;18.18;12.12;3.03;;;12.12;21.21;21.21;24.24;6.06;6.06;9.09;;;;;25.4;9.94;23.4;13.82;16.58;8.11;2.76;;;18.4;20.81;26.69;20.63;5.53;4.06;3.88;;;;
2023;25;Paraíba;2511301;Piancó;Total - Federal  Estadual e Municipal;Rural;153.37;163.75;205.34;202.78;;;13.89;40.53;32.12;4.49;4.49;4.49;;;;;18.09;27.35;13.6;13.75;18.23;8.97;;;;;;50;10;20;10;10;;;;;40;30;10;20;;;;;;;;;;;;;;;;;;;;;;;;;;;;;;;;;;;;;;;;;;;;;;;;;;;;;;;;;;;;;;;;;;
2023;25;Paraíba;2511400;Picuí;Total - Federal  Estadual  Municipal e Privada;Total;201.59;213.66;262.63;258.18;260.88;261.02;10.57;10.44;9.36;14.32;22.45;14.09;10.5;5.55;0.5;2.22;3.19;7.14;15.74;16.4;22.35;14.06;4.1;8.59;3.74;3.31;1.37;13.7;10.73;15.67;19.41;12.8;14.52;10.66;2.51;;11.45;14.91;17.17;16.98;18.92;12.87;5.52;1.25;0.92;;25.35;18.96;17.39;19.03;10.53;3.96;3.99;0.79;;18.43;25.31;22.98;15.75;9.63;4.74;1.55;1.61;;;;2.88;5.84;14.48;14.92;25.59;20.04;13.81;2.45;;4.42;10.16;19.81;17.99;20.81;13.5;9.49;1.39;1.97;0.46;;11.11;10.65;15.54;16.42;20.07;14.15;10.21;1.84;;9.55;15.71;20.97;17.17;16.71;10.29;6.58;1.47;1.25;0.29;
2023;25;Paraíba;2511400;Picuí;Total - Federal  Estadual  Municipal e Privada;Urbana;203.92;217.96;271.35;264.37;261.57;264.86;11.44;10.64;7.95;12.23;19.72;16.36;12.68;6.44;0.7;1.83;3.13;8.61;11.63;16.36;20.87;15.75;5.05;8.79;3.32;4.58;1.9;8.13;9.19;15.98;21.61;12.4;16.43;13.49;2.76;;8.91;12.2;16.99;18.56;19.1;15.2;6.73;1.1;1.21;;24.92;17.37;20.99;16.2;11;4.2;4.24;1.09;;16.11;21.61;24.17;17.46;10.75;6.54;1.13;2.22;;;;2.88;5.84;14.48;14.92;25.59;20.04;13.81;2.45;;4.42;10.16;19.81;17.99;20.81;13.5;9.49;1.39;1.97;0.46;;9.39;9.24;16.4;15.3;21.28;15.36;10.98;2.05;;7.87;13.54;21.1;17.83;17.83;11.44;7.02;1.63;1.39;0.33;
2023;25;Paraíba;2511400;Picuí;Total - Federal  Estadual  Municipal e Privada;Rural;195.54;202.51;234.95;238.56;259.05;250.89;8.31;9.93;13.03;19.73;29.53;8.19;4.84;3.23;;3.23;3.35;3.35;26.43;16.5;26.18;9.68;1.61;8.06;4.84;;;31.4;15.62;14.66;12.43;14.05;8.46;1.69;1.69;;19.52;23.51;17.77;11.97;18.37;5.47;1.69;1.69;;;26.49;23.16;7.89;26.49;9.3;3.33;3.33;;;24.56;35.09;19.82;11.23;6.67;;2.63;;;;;;;;;;;;;;;;;;;;;;;;;26.49;23.16;7.89;26.49;9.3;3.33;3.33;;;24.56;35.09;19.82;11.23;6.67;;2.63;;;;
2023;25;Paraíba;2511400;Picuí;Federal;Total;;;;;;;;;;;;;;;;;;;;;;;;;;;;;;;;;;;;;;;;;;;;;;;;;;;;;;;;;;;;;;;;;;;2.67;4.82;15.98;14.07;26.11;18.55;15.07;2.72;;2.26;10.09;16.99;18.89;22.73;14.02;10.43;1.27;2.69;0.63;;2.67;4.82;15.98;14.07;26.11;18.55;15.07;2.72;;2.26;10.09;16.99;18.89;22.73;14.02;10.43;1.27;2.69;0.63;
2023;25;Paraíba;2511400;Picuí;Federal;Urbana;;;;;;;;;;;;;;;;;;;;;;;;;;;;;;;;;;;;;;;;;;;;;;;;;;;;;;;;;;;;;;;;;;;2.67;4.82;15.98;14.07;26.11;18.55;15.07;2.72;0;2.26;10.09;16.99;18.89;22.73;14.02;10.43;1.27;2.69;0.63;0;2.67;4.82;15.98;14.07;26.11;18.55;15.07;2.72;0;2.26;10.09;16.99;18.89;22.73;14.02;10.43;1.27;2.69;0.63;0
2023;25;Paraíba;2511400;Picuí;Estadual;Total;;;294.46;270.8;260.88;261.02;;;;;;;;;;;;;;;;;;;;;;;;7.69;38.46;7.69;15.38;23.08;7.69;;;;30.77;23.08;23.08;23.08;;;;;25.35;18.96;17.39;19.03;10.53;3.96;3.99;0.79;;18.43;25.31;22.98;15.75;9.63;4.74;1.55;1.61;;;;3.45;8.62;10.34;17.24;24.14;24.14;10.34;1.72;;10.34;10.34;27.59;15.52;15.52;12.07;6.9;1.72;;;;18.44;15.7;15.17;18.46;14.82;10.33;6;1.08;;15.88;20.59;24.43;15.67;11.49;7.06;3.23;1.65;;;
2023;25;Paraíba;2511400;Picuí;Estadual;Urbana;;;294.46;270.8;261.57;264.86;;;;;;;;;;;;;;;;;;;;;;0;0;7.69;38.46;7.69;15.38;23.08;7.69;0;0;0;30.77;23.08;23.08;23.08;0;0;0;0;24.92;17.37;20.99;16.2;11;4.2;4.24;1.09;0;16.11;21.61;24.17;17.46;10.75;6.54;1.13;2.22;0;0;0;3.45;8.62;10.34;17.24;24.14;24.14;10.34;1.72;0;10.34;10.34;27.59;15.52;15.52;12.07;6.9;1.72;0;0;0;16.58;13.97;16.85;16.61;16.1;11.95;6.61;1.34;0;13.87;17.23;25.5;16.7;12.6;8.69;3.37;2.03;0;0;0
2023;25;Paraíba;2511400;Picuí;Estadual;Rural;;;;;259.05;250.89;;;;;;;;;;;;;;;;;;;;;;;;;;;;;;;;;;;;;;;;;26.49;23.16;7.89;26.49;9.3;3.33;3.33;0;0;24.56;35.09;19.82;11.23;6.67;0;2.63;0;0;0;0;;;;;;;;;;;;;;;;;;;;;26.49;23.16;7.89;26.49;9.3;3.33;3.33;0;0;24.56;35.09;19.82;11.23;6.67;0;2.63;0;0;0;0
2023;25;Paraíba;2511400;Picuí;Municipal;Total;201.59;213.66;260.8;257.46;;;10.57;10.44;9.36;14.32;22.45;14.09;10.5;5.55;0.5;2.22;3.19;7.14;15.74;16.4;22.35;14.06;4.1;8.59;3.74;3.31;1.37;14.49;11.35;16.13;18.31;13.09;14.47;9.95;2.21;;12.11;15.77;16.39;16.63;18.68;12.28;5.84;1.32;0.97;;;;;;;;;;;;;;;;;;;;;;;;;;;;;;;;;;;;;;;;;;;;;;;;;;;;;;;;;;;;;
2023;25;Paraíba;2511400;Picuí;Municipal;Urbana;203.92;217.96;269.56;263.87;;;11.44;10.64;7.95;12.23;19.72;16.36;12.68;6.44;0.7;1.83;3.13;8.61;11.63;16.36;20.87;15.75;5.05;8.79;3.32;4.58;1.9;8.76;9.9;16.63;20.31;12.77;16.51;12.75;2.38;0;9.6;13.14;15.92;18.21;18.79;14.6;7.25;1.19;1.3;0;;;;;;;;;;;;;;;;;;;;;;;;;;;;;;;;;;;;;;;;;;;;;;;;;;;;;;;;;;;;
2023;25;Paraíba;2511400;Picuí;Municipal;Rural;195.54;202.51;234.95;238.56;;;8.31;9.93;13.03;19.73;29.53;8.19;4.84;3.23;0;3.23;3.35;3.35;26.43;16.5;26.18;9.68;1.61;8.06;4.84;0;0;31.4;15.62;14.66;12.43;14.05;8.46;1.69;1.69;0;19.52;23.51;17.77;11.97;18.37;5.47;1.69;1.69;0;0;;;;;;;;;;;;;;;;;;;;;;;;;;;;;;;;;;;;;;;;;;;;;;;;;;;;;;;;;;;;
2023;25;Paraíba;2511400;Picuí;Total - Estadual e Municipal;Total;201.59;213.66;262.63;258.18;260.88;261.02;10.57;10.44;9.36;14.32;22.45;14.09;10.5;5.55;0.5;2.22;3.19;7.14;15.74;16.4;22.35;14.06;4.1;8.59;3.74;3.31;1.37;13.7;10.73;15.67;19.41;12.8;14.52;10.66;2.51;;11.45;14.91;17.17;16.98;18.92;12.87;5.52;1.25;0.92;;25.35;18.96;17.39;19.03;10.53;3.96;3.99;0.79;;18.43;25.31;22.98;15.75;9.63;4.74;1.55;1.61;;;;3.45;8.62;10.34;17.24;24.14;24.14;10.34;1.72;;10.34;10.34;27.59;15.52;15.52;12.07;6.9;1.72;;;;18.44;15.7;15.17;18.46;14.82;10.33;6;1.08;;15.88;20.59;24.43;15.67;11.49;7.06;3.23;1.65;;;
2023;25;Paraíba;2511400;Picuí;Total - Estadual e Municipal;Urbana;203.92;217.96;271.35;264.37;261.57;264.86;11.44;10.64;7.95;12.23;19.72;16.36;12.68;6.44;0.7;1.83;3.13;8.61;11.63;16.36;20.87;15.75;5.05;8.79;3.32;4.58;1.9;8.13;9.19;15.98;21.61;12.4;16.43;13.49;2.76;;8.91;12.2;16.99;18.56;19.1;15.2;6.73;1.1;1.21;;24.92;17.37;20.99;16.2;11;4.2;4.24;1.09;;16.11;21.61;24.17;17.46;10.75;6.54;1.13;2.22;;;;3.45;8.62;10.34;17.24;24.14;24.14;10.34;1.72;;10.34;10.34;27.59;15.52;15.52;12.07;6.9;1.72;;;;16.58;13.97;16.85;16.61;16.1;11.95;6.61;1.34;;13.87;17.23;25.5;16.7;12.6;8.69;3.37;2.03;;;
2023;25;Paraíba;2511400;Picuí;Total - Estadual e Municipal;Rural;195.54;202.51;234.95;238.56;259.05;250.89;8.31;9.93;13.03;19.73;29.53;8.19;4.84;3.23;;3.23;3.35;3.35;26.43;16.5;26.18;9.68;1.61;8.06;4.84;;;31.4;15.62;14.66;12.43;14.05;8.46;1.69;1.69;;19.52;23.51;17.77;11.97;18.37;5.47;1.69;1.69;;;26.49;23.16;7.89;26.49;9.3;3.33;3.33;;;24.56;35.09;19.82;11.23;6.67;;2.63;;;;;;;;;;;;;;;;;;;;;;;;;26.49;23.16;7.89;26.49;9.3;3.33;3.33;;;24.56;35.09;19.82;11.23;6.67;;2.63;;;;
2023;25;Paraíba;2511400;Picuí;Total - Federal  Estadual e Municipal;Total;201.59;213.66;262.63;258.18;260.88;261.02;10.57;10.44;9.36;14.32;22.45;14.09;10.5;5.55;0.5;2.22;3.19;7.14;15.74;16.4;22.35;14.06;4.1;8.59;3.74;3.31;1.37;13.7;10.73;15.67;19.41;12.8;14.52;10.66;2.51;;11.45;14.91;17.17;16.98;18.92;12.87;5.52;1.25;0.92;;25.35;18.96;17.39;19.03;10.53;3.96;3.99;0.79;;18.43;25.31;22.98;15.75;9.63;4.74;1.55;1.61;;;;2.88;5.84;14.48;14.92;25.59;20.04;13.81;2.45;;4.42;10.16;19.81;17.99;20.81;13.5;9.49;1.39;1.97;0.46;;11.11;10.65;15.54;16.42;20.07;14.15;10.21;1.84;;9.55;15.71;20.97;17.17;16.71;10.29;6.58;1.47;1.25;0.29;
2023;25;Paraíba;2511400;Picuí;Total - Federal  Estadual e Municipal;Urbana;203.92;217.96;271.35;264.37;261.57;264.86;11.44;10.64;7.95;12.23;19.72;16.36;12.68;6.44;0.7;1.83;3.13;8.61;11.63;16.36;20.87;15.75;5.05;8.79;3.32;4.58;1.9;8.13;9.19;15.98;21.61;12.4;16.43;13.49;2.76;;8.91;12.2;16.99;18.56;19.1;15.2;6.73;1.1;1.21;;24.92;17.37;20.99;16.2;11;4.2;4.24;1.09;;16.11;21.61;24.17;17.46;10.75;6.54;1.13;2.22;;;;2.88;5.84;14.48;14.92;25.59;20.04;13.81;2.45;;4.42;10.16;19.81;17.99;20.81;13.5;9.49;1.39;1.97;0.46;;9.39;9.24;16.4;15.3;21.28;15.36;10.98;2.05;;7.87;13.54;21.1;17.83;17.83;11.44;7.02;1.63;1.39;0.33;
2023;25;Paraíba;2511400;Picuí;Total - Federal  Estadual e Municipal;Rural;195.54;202.51;234.95;238.56;259.05;250.89;8.31;9.93;13.03;19.73;29.53;8.19;4.84;3.23;;3.23;3.35;3.35;26.43;16.5;26.18;9.68;1.61;8.06;4.84;;;31.4;15.62;14.66;12.43;14.05;8.46;1.69;1.69;;19.52;23.51;17.77;11.97;18.37;5.47;1.69;1.69;;;26.49;23.16;7.89;26.49;9.3;3.33;3.33;;;24.56;35.09;19.82;11.23;6.67;;2.63;;;;;;;;;;;;;;;;;;;;;;;;;26.49;23.16;7.89;26.49;9.3;3.33;3.33;;;24.56;35.09;19.82;11.23;6.67;;2.63;;;;
2023;25;Paraíba;2511509;Pilar;Total - Federal  Estadual  Municipal e Privada;Total;183.39;191.85;232.63;233.23;260.46;264.18;8.16;18.8;19.4;19.1;15.52;8.43;6.67;3.11;;0.8;5.18;12.84;18.8;27.91;12.89;10.9;8.43;0.72;0.72;1.6;;28.59;20.05;15.28;12.58;14.6;6.37;2.53;;;22.02;20.16;23.66;16.1;13.26;4.07;0.74;;;;30.21;12.89;14.65;15.96;11.64;11.7;2.95;;;20.1;24.53;15.96;21.92;7.27;4.37;5.85;;;;;;;;;;;;;;;;;;;;;;;;;30.21;12.89;14.65;15.96;11.64;11.7;2.95;;;20.1;24.53;15.96;21.92;7.27;4.37;5.85;;;;
2023;25;Paraíba;2511509;Pilar;Total - Federal  Estadual  Municipal e Privada;Urbana;182.98;188.67;232.63;233.23;260.46;264.18;9.78;17.1;17.99;20.22;17.65;7.25;6.27;2.78;;0.96;5.35;13.58;18.13;31.72;11.83;9.27;8.21;;;1.92;;28.59;20.05;15.28;12.58;14.6;6.37;2.53;;;22.02;20.16;23.66;16.1;13.26;4.07;0.74;;;;30.21;12.89;14.65;15.96;11.64;11.7;2.95;;;20.1;24.53;15.96;21.92;7.27;4.37;5.85;;;;;;;;;;;;;;;;;;;;;;;;;30.21;12.89;14.65;15.96;11.64;11.7;2.95;;;20.1;24.53;15.96;21.92;7.27;4.37;5.85;;;;
2023;25;Paraíba;2511509;Pilar;Total - Federal  Estadual  Municipal e Privada;Rural;185.48;207.86;;;;;;27.39;26.52;13.48;4.78;14.35;8.7;4.78;;;4.35;9.13;22.17;8.7;18.26;19.13;9.57;4.35;4.35;;;;;;;;;;;;;;;;;;;;;;;;;;;;;;;;;;;;;;;;;;;;;;;;;;;;;;;;;;;;;;;;;;;;;;;;;;;;;;;;;
2023;25;Paraíba;2511509;Pilar;Estadual;Total;171.65;172.54;;;260.46;264.18;15.4;23.88;15.05;18.51;12.28;5.88;9;;;;9;18.34;18.17;42.39;2.94;6.06;3.11;;;;;;;;;;;;;;;;;;;;;;;;30.21;12.89;14.65;15.96;11.64;11.7;2.95;;;20.1;24.53;15.96;21.92;7.27;4.37;5.85;;;;;;;;;;;;;;;;;;;;;;;;;30.21;12.89;14.65;15.96;11.64;11.7;2.95;;;20.1;24.53;15.96;21.92;7.27;4.37;5.85;;;;
2023;25;Paraíba;2511509;Pilar;Estadual;Urbana;171.65;172.54;;;260.46;264.18;15.4;23.88;15.05;18.51;12.28;5.88;9;0;0;0;9;18.34;18.17;42.39;2.94;6.06;3.11;0;0;0;0;;;;;;;;;;;;;;;;;;;;30.21;12.89;14.65;15.96;11.64;11.7;2.95;0;0;20.1;24.53;15.96;21.92;7.27;4.37;5.85;0;0;0;0;;;;;;;;;;;;;;;;;;;;;30.21;12.89;14.65;15.96;11.64;11.7;2.95;0;0;20.1;24.53;15.96;21.92;7.27;4.37;5.85;0;0;0;0
2023;25;Paraíba;2511509;Pilar;Municipal;Total;187.2;198.1;232.63;233.23;;;5.82;17.16;20.81;19.29;16.57;9.25;5.92;4.12;;1.06;3.95;11.06;19;23.22;16.11;12.47;10.16;0.95;0.95;2.12;;28.59;20.05;15.28;12.58;14.6;6.37;2.53;;;22.02;20.16;23.66;16.1;13.26;4.07;0.74;;;;;;;;;;;;;;;;;;;;;;;;;;;;;;;;;;;;;;;;;;;;;;;;;;;;;;;;;;;;;;;
2023;25;Paraíba;2511509;Pilar;Municipal;Urbana;187.68;195.36;232.63;233.23;;;7.45;14.29;19.21;20.92;19.88;7.82;5.14;3.93;0;1.36;3.84;11.61;18.11;27.29;15.51;10.61;10.32;0;0;2.71;0;28.59;20.05;15.28;12.58;14.6;6.37;2.53;0;0;22.02;20.16;23.66;16.1;13.26;4.07;0.74;0;0;0;;;;;;;;;;;;;;;;;;;;;;;;;;;;;;;;;;;;;;;;;;;;;;;;;;;;;;;;;;;;
2023;25;Paraíba;2511509;Pilar;Municipal;Rural;185.48;207.86;;;;;0;27.39;26.52;13.48;4.78;14.35;8.7;4.78;0;0;4.35;9.13;22.17;8.7;18.26;19.13;9.57;4.35;4.35;0;0;;;;;;;;;;;;;;;;;;;;;;;;;;;;;;;;;;;;;;;;;;;;;;;;;;;;;;;;;;;;;;;;;;;;;;;;;;;;;;;
2023;25;Paraíba;2511509;Pilar;Total - Estadual e Municipal;Total;183.39;191.85;232.63;233.23;260.46;264.18;8.16;18.8;19.4;19.1;15.52;8.43;6.67;3.11;;0.8;5.18;12.84;18.8;27.91;12.89;10.9;8.43;0.72;0.72;1.6;;28.59;20.05;15.28;12.58;14.6;6.37;2.53;;;22.02;20.16;23.66;16.1;13.26;4.07;0.74;;;;30.21;12.89;14.65;15.96;11.64;11.7;2.95;;;20.1;24.53;15.96;21.92;7.27;4.37;5.85;;;;;;;;;;;;;;;;;;;;;;;;;30.21;12.89;14.65;15.96;11.64;11.7;2.95;;;20.1;24.53;15.96;21.92;7.27;4.37;5.85;;;;
2023;25;Paraíba;2511509;Pilar;Total - Estadual e Municipal;Urbana;182.98;188.67;232.63;233.23;260.46;264.18;9.78;17.1;17.99;20.22;17.65;7.25;6.27;2.78;;0.96;5.35;13.58;18.13;31.72;11.83;9.27;8.21;;;1.92;;28.59;20.05;15.28;12.58;14.6;6.37;2.53;;;22.02;20.16;23.66;16.1;13.26;4.07;0.74;;;;30.21;12.89;14.65;15.96;11.64;11.7;2.95;;;20.1;24.53;15.96;21.92;7.27;4.37;5.85;;;;;;;;;;;;;;;;;;;;;;;;;30.21;12.89;14.65;15.96;11.64;11.7;2.95;;;20.1;24.53;15.96;21.92;7.27;4.37;5.85;;;;
2023;25;Paraíba;2511509;Pilar;Total - Estadual e Municipal;Rural;185.48;207.86;;;;;;27.39;26.52;13.48;4.78;14.35;8.7;4.78;;;4.35;9.13;22.17;8.7;18.26;19.13;9.57;4.35;4.35;;;;;;;;;;;;;;;;;;;;;;;;;;;;;;;;;;;;;;;;;;;;;;;;;;;;;;;;;;;;;;;;;;;;;;;;;;;;;;;;;
2023;25;Paraíba;2511509;Pilar;Total - Federal  Estadual e Municipal;Total;183.39;191.85;232.63;233.23;260.46;264.18;8.16;18.8;19.4;19.1;15.52;8.43;6.67;3.11;;0.8;5.18;12.84;18.8;27.91;12.89;10.9;8.43;0.72;0.72;1.6;;28.59;20.05;15.28;12.58;14.6;6.37;2.53;;;22.02;20.16;23.66;16.1;13.26;4.07;0.74;;;;30.21;12.89;14.65;15.96;11.64;11.7;2.95;;;20.1;24.53;15.96;21.92;7.27;4.37;5.85;;;;;;;;;;;;;;;;;;;;;;;;;30.21;12.89;14.65;15.96;11.64;11.7;2.95;;;20.1;24.53;15.96;21.92;7.27;4.37;5.85;;;;
2023;25;Paraíba;2511509;Pilar;Total - Federal  Estadual e Municipal;Urbana;182.98;188.67;232.63;233.23;260.46;264.18;9.78;17.1;17.99;20.22;17.65;7.25;6.27;2.78;;0.96;5.35;13.58;18.13;31.72;11.83;9.27;8.21;;;1.92;;28.59;20.05;15.28;12.58;14.6;6.37;2.53;;;22.02;20.16;23.66;16.1;13.26;4.07;0.74;;;;30.21;12.89;14.65;15.96;11.64;11.7;2.95;;;20.1;24.53;15.96;21.92;7.27;4.37;5.85;;;;;;;;;;;;;;;;;;;;;;;;;30.21;12.89;14.65;15.96;11.64;11.7;2.95;;;20.1;24.53;15.96;21.92;7.27;4.37;5.85;;;;
2023;25;Paraíba;2511509;Pilar;Total - Federal  Estadual e Municipal;Rural;185.48;207.86;;;;;;27.39;26.52;13.48;4.78;14.35;8.7;4.78;;;4.35;9.13;22.17;8.7;18.26;19.13;9.57;4.35;4.35;;;;;;;;;;;;;;;;;;;;;;;;;;;;;;;;;;;;;;;;;;;;;;;;;;;;;;;;;;;;;;;;;;;;;;;;;;;;;;;;;
2023;25;Paraíba;2511608;Pilões;Total - Federal  Estadual  Municipal e Privada;Total;184.26;203.76;237.33;232.89;255.19;253.25;4.66;23.78;18.98;20.13;13.57;8.98;2.82;5.31;0.89;0.89;3.62;11.9;13.91;18.83;20.78;15.64;6.11;5.6;0.94;2.68;;28.55;13.3;16.28;16.57;11.63;8.72;3.14;1.81;;24.32;19.57;22.38;14.62;8.83;2.7;6.66;0.91;;;36.02;11.48;13.24;20.65;3.8;11.11;3.7;;;32.41;26.67;3.7;20.46;5.65;9.26;;1.85;;;;;;;;;;;;;;;;;;;;;;;;36.02;11.48;13.24;20.65;3.8;11.11;3.7;;;32.41;26.67;3.7;20.46;5.65;9.26;;1.85;;;
2023;25;Paraíba;2511608;Pilões;Total - Federal  Estadual  Municipal e Privada;Urbana;181;202.46;237.33;232.89;255.19;253.25;5.02;24.56;21.73;18.5;14.52;6.02;3.76;4.7;;1.19;2.45;9.91;14.97;23.92;20.56;16.09;4.57;3.89;1.25;2.38;;28.55;13.3;16.28;16.57;11.63;8.72;3.14;1.81;;24.32;19.57;22.38;14.62;8.83;2.7;6.66;0.91;;;36.02;11.48;13.24;20.65;3.8;11.11;3.7;;;32.41;26.67;3.7;20.46;5.65;9.26;;1.85;;;;;;;;;;;;;;;;;;;;;;;;36.02;11.48;13.24;20.65;3.8;11.11;3.7;;;32.41;26.67;3.7;20.46;5.65;9.26;;1.85;;;
2023;25;Paraíba;2511608;Pilões;Total - Federal  Estadual  Municipal e Privada;Rural;194.04;207.66;;;;;3.57;21.43;10.71;25;10.71;17.86;;7.14;3.57;;7.14;17.86;10.71;3.57;21.43;14.29;10.71;10.71;;3.57;;;;;;;;;;;;;;;;;;;;;;;;;;;;;;;;;;;;;;;;;;;;;;;;;;;;;;;;;;;;;;;;;;;;;;;;;;;;;;;;
2023;25;Paraíba;2511608;Pilões;Estadual;Total;;;235.17;226.26;255.19;253.25;;;;;;;;;;;;;;;;;;;;;;35.98;11.28;11.03;15.34;13.43;8.62;2.16;2.16;;33.58;15.59;15.59;13.43;8.87;4.31;8.62;;;;36.02;11.48;13.24;20.65;3.8;11.11;3.7;;;32.41;26.67;3.7;20.46;5.65;9.26;;1.85;;;;;;;;;;;;;;;;;;;;;;;;36.02;11.48;13.24;20.65;3.8;11.11;3.7;;;32.41;26.67;3.7;20.46;5.65;9.26;;1.85;;;
2023;25;Paraíba;2511608;Pilões;Estadual;Urbana;;;235.17;226.26;255.19;253.25;;;;;;;;;;;;;;;;;;;;;;35.98;11.28;11.03;15.34;13.43;8.62;2.16;2.16;0;33.58;15.59;15.59;13.43;8.87;4.31;8.62;0;0;0;36.02;11.48;13.24;20.65;3.8;11.11;3.7;0;0;32.41;26.67;3.7;20.46;5.65;9.26;0;1.85;0;0;0;;;;;;;;;;;;;;;;;;;;;36.02;11.48;13.24;20.65;3.8;11.11;3.7;0;0;32.41;26.67;3.7;20.46;5.65;9.26;0;1.85;0;0;0
2023;25;Paraíba;2511608;Pilões;Municipal;Total;184.26;203.76;238.86;237.61;;;4.66;23.78;18.98;20.13;13.57;8.98;2.82;5.31;0.89;0.89;3.62;11.9;13.91;18.83;20.78;15.64;6.11;5.6;0.94;2.68;;23.26;14.74;20.03;17.45;10.34;8.79;3.84;1.56;;17.72;22.41;27.22;15.47;8.79;1.56;5.26;1.56;;;;;;;;;;;;;;;;;;;;;;;;;;;;;;;;;;;;;;;;;;;;;;;;;;;;;;;;;;;;;;
2023;25;Paraíba;2511608;Pilões;Municipal;Urbana;181;202.46;238.86;237.61;;;5.02;24.56;21.73;18.5;14.52;6.02;3.76;4.7;0;1.19;2.45;9.91;14.97;23.92;20.56;16.09;4.57;3.89;1.25;2.38;0;23.26;14.74;20.03;17.45;10.34;8.79;3.84;1.56;0;17.72;22.41;27.22;15.47;8.79;1.56;5.26;1.56;0;0;;;;;;;;;;;;;;;;;;;;;;;;;;;;;;;;;;;;;;;;;;;;;;;;;;;;;;;;;;;;
2023;25;Paraíba;2511608;Pilões;Municipal;Rural;194.04;207.66;;;;;3.57;21.43;10.71;25;10.71;17.86;0;7.14;3.57;0;7.14;17.86;10.71;3.57;21.43;14.29;10.71;10.71;0;3.57;0;;;;;;;;;;;;;;;;;;;;;;;;;;;;;;;;;;;;;;;;;;;;;;;;;;;;;;;;;;;;;;;;;;;;;;;;;;;;;;;
2023;25;Paraíba;2511608;Pilões;Total - Estadual e Municipal;Total;184.26;203.76;237.33;232.89;255.19;253.25;4.66;23.78;18.98;20.13;13.57;8.98;2.82;5.31;0.89;0.89;3.62;11.9;13.91;18.83;20.78;15.64;6.11;5.6;0.94;2.68;;28.55;13.3;16.28;16.57;11.63;8.72;3.14;1.81;;24.32;19.57;22.38;14.62;8.83;2.7;6.66;0.91;;;36.02;11.48;13.24;20.65;3.8;11.11;3.7;;;32.41;26.67;3.7;20.46;5.65;9.26;;1.85;;;;;;;;;;;;;;;;;;;;;;;;36.02;11.48;13.24;20.65;3.8;11.11;3.7;;;32.41;26.67;3.7;20.46;5.65;9.26;;1.85;;;
2023;25;Paraíba;2511608;Pilões;Total - Estadual e Municipal;Urbana;181;202.46;237.33;232.89;255.19;253.25;5.02;24.56;21.73;18.5;14.52;6.02;3.76;4.7;;1.19;2.45;9.91;14.97;23.92;20.56;16.09;4.57;3.89;1.25;2.38;;28.55;13.3;16.28;16.57;11.63;8.72;3.14;1.81;;24.32;19.57;22.38;14.62;8.83;2.7;6.66;0.91;;;36.02;11.48;13.24;20.65;3.8;11.11;3.7;;;32.41;26.67;3.7;20.46;5.65;9.26;;1.85;;;;;;;;;;;;;;;;;;;;;;;;36.02;11.48;13.24;20.65;3.8;11.11;3.7;;;32.41;26.67;3.7;20.46;5.65;9.26;;1.85;;;
2023;25;Paraíba;2511608;Pilões;Total - Estadual e Municipal;Rural;194.04;207.66;;;;;3.57;21.43;10.71;25;10.71;17.86;;7.14;3.57;;7.14;17.86;10.71;3.57;21.43;14.29;10.71;10.71;;3.57;;;;;;;;;;;;;;;;;;;;;;;;;;;;;;;;;;;;;;;;;;;;;;;;;;;;;;;;;;;;;;;;;;;;;;;;;;;;;;;;
2023;25;Paraíba;2511608;Pilões;Total - Federal  Estadual e Municipal;Total;184.26;203.76;237.33;232.89;255.19;253.25;4.66;23.78;18.98;20.13;13.57;8.98;2.82;5.31;0.89;0.89;3.62;11.9;13.91;18.83;20.78;15.64;6.11;5.6;0.94;2.68;;28.55;13.3;16.28;16.57;11.63;8.72;3.14;1.81;;24.32;19.57;22.38;14.62;8.83;2.7;6.66;0.91;;;36.02;11.48;13.24;20.65;3.8;11.11;3.7;;;32.41;26.67;3.7;20.46;5.65;9.26;;1.85;;;;;;;;;;;;;;;;;;;;;;;;36.02;11.48;13.24;20.65;3.8;11.11;3.7;;;32.41;26.67;3.7;20.46;5.65;9.26;;1.85;;;
2023;25;Paraíba;2511608;Pilões;Total - Federal  Estadual e Municipal;Urbana;181;202.46;237.33;232.89;255.19;253.25;5.02;24.56;21.73;18.5;14.52;6.02;3.76;4.7;;1.19;2.45;9.91;14.97;23.92;20.56;16.09;4.57;3.89;1.25;2.38;;28.55;13.3;16.28;16.57;11.63;8.72;3.14;1.81;;24.32;19.57;22.38;14.62;8.83;2.7;6.66;0.91;;;36.02;11.48;13.24;20.65;3.8;11.11;3.7;;;32.41;26.67;3.7;20.46;5.65;9.26;;1.85;;;;;;;;;;;;;;;;;;;;;;;;36.02;11.48;13.24;20.65;3.8;11.11;3.7;;;32.41;26.67;3.7;20.46;5.65;9.26;;1.85;;;
2023;25;Paraíba;2511608;Pilões;Total - Federal  Estadual e Municipal;Rural;194.04;207.66;;;;;3.57;21.43;10.71;25;10.71;17.86;;7.14;3.57;;7.14;17.86;10.71;3.57;21.43;14.29;10.71;10.71;;3.57;;;;;;;;;;;;;;;;;;;;;;;;;;;;;;;;;;;;;;;;;;;;;;;;;;;;;;;;;;;;;;;;;;;;;;;;;;;;;;;;
2023;25;Paraíba;2511707;Pilõezinhos;Total - Federal  Estadual  Municipal e Privada;Total;169.32;180.45;241.29;239.93;275.77;272.05;12.59;26.86;21.55;19.67;8.76;4.48;4.74;;1.36;;4.48;24.45;26.42;18.24;8.76;8.76;3.12;;4.41;1.36;;20.64;21.64;18.6;10.16;15.76;10.37;;2.83;;23.04;15.76;18.87;18.76;9.99;10.59;1.55;1.44;;;14.52;7.08;19.16;33.45;18.82;2.32;4.65;;;4.76;28.57;26.36;16.72;11.85;9.41;2.32;;;;;;;;;;;;;;;;;;;;;;;;;14.52;7.08;19.16;33.45;18.82;2.32;4.65;;;4.76;28.57;26.36;16.72;11.85;9.41;2.32;;;;
2023;25;Paraíba;2511707;Pilõezinhos;Total - Federal  Estadual  Municipal e Privada;Urbana;169.32;180.45;241.29;239.93;275.77;272.05;12.59;26.86;21.55;19.67;8.76;4.48;4.74;;1.36;;4.48;24.45;26.42;18.24;8.76;8.76;3.12;;4.41;1.36;;20.64;21.64;18.6;10.16;15.76;10.37;;2.83;;23.04;15.76;18.87;18.76;9.99;10.59;1.55;1.44;;;14.52;7.08;19.16;33.45;18.82;2.32;4.65;;;4.76;28.57;26.36;16.72;11.85;9.41;2.32;;;;;;;;;;;;;;;;;;;;;;;;;14.52;7.08;19.16;33.45;18.82;2.32;4.65;;;4.76;28.57;26.36;16.72;11.85;9.41;2.32;;;;
2023;25;Paraíba;2511707;Pilõezinhos;Estadual;Total;;;;;275.77;272.05;;;;;;;;;;;;;;;;;;;;;;;;;;;;;;;;;;;;;;;;;14.52;7.08;19.16;33.45;18.82;2.32;4.65;;;4.76;28.57;26.36;16.72;11.85;9.41;2.32;;;;;;;;;;;;;;;;;;;;;;;;;14.52;7.08;19.16;33.45;18.82;2.32;4.65;;;4.76;28.57;26.36;16.72;11.85;9.41;2.32;;;;
2023;25;Paraíba;2511707;Pilõezinhos;Estadual;Urbana;;;;;275.77;272.05;;;;;;;;;;;;;;;;;;;;;;;;;;;;;;;;;;;;;;;;;14.52;7.08;19.16;33.45;18.82;2.32;4.65;0;0;4.76;28.57;26.36;16.72;11.85;9.41;2.32;0;0;0;0;;;;;;;;;;;;;;;;;;;;;14.52;7.08;19.16;33.45;18.82;2.32;4.65;0;0;4.76;28.57;26.36;16.72;11.85;9.41;2.32;0;0;0;0
2023;25;Paraíba;2511707;Pilõezinhos;Municipal;Total;169.32;180.45;241.29;239.93;;;12.59;26.86;21.55;19.67;8.76;4.48;4.74;;1.36;;4.48;24.45;26.42;18.24;8.76;8.76;3.12;;4.41;1.36;;20.64;21.64;18.6;10.16;15.76;10.37;;2.83;;23.04;15.76;18.87;18.76;9.99;10.59;1.55;1.44;;;;;;;;;;;;;;;;;;;;;;;;;;;;;;;;;;;;;;;;;;;;;;;;;;;;;;;;;;;;;;
2023;25;Paraíba;2511707;Pilõezinhos;Municipal;Urbana;169.32;180.45;241.29;239.93;;;12.59;26.86;21.55;19.67;8.76;4.48;4.74;0;1.36;0;4.48;24.45;26.42;18.24;8.76;8.76;3.12;0;4.41;1.36;0;20.64;21.64;18.6;10.16;15.76;10.37;0;2.83;0;23.04;15.76;18.87;18.76;9.99;10.59;1.55;1.44;0;0;;;;;;;;;;;;;;;;;;;;;;;;;;;;;;;;;;;;;;;;;;;;;;;;;;;;;;;;;;;;
2023;25;Paraíba;2511707;Pilõezinhos;Total - Estadual e Municipal;Total;169.32;180.45;241.29;239.93;275.77;272.05;12.59;26.86;21.55;19.67;8.76;4.48;4.74;;1.36;;4.48;24.45;26.42;18.24;8.76;8.76;3.12;;4.41;1.36;;20.64;21.64;18.6;10.16;15.76;10.37;;2.83;;23.04;15.76;18.87;18.76;9.99;10.59;1.55;1.44;;;14.52;7.08;19.16;33.45;18.82;2.32;4.65;;;4.76;28.57;26.36;16.72;11.85;9.41;2.32;;;;;;;;;;;;;;;;;;;;;;;;;14.52;7.08;19.16;33.45;18.82;2.32;4.65;;;4.76;28.57;26.36;16.72;11.85;9.41;2.32;;;;
2023;25;Paraíba;2511707;Pilõezinhos;Total - Estadual e Municipal;Urbana;169.32;180.45;241.29;239.93;275.77;272.05;12.59;26.86;21.55;19.67;8.76;4.48;4.74;;1.36;;4.48;24.45;26.42;18.24;8.76;8.76;3.12;;4.41;1.36;;20.64;21.64;18.6;10.16;15.76;10.37;;2.83;;23.04;15.76;18.87;18.76;9.99;10.59;1.55;1.44;;;14.52;7.08;19.16;33.45;18.82;2.32;4.65;;;4.76;28.57;26.36;16.72;11.85;9.41;2.32;;;;;;;;;;;;;;;;;;;;;;;;;14.52;7.08;19.16;33.45;18.82;2.32;4.65;;;4.76;28.57;26.36;16.72;11.85;9.41;2.32;;;;
2023;25;Paraíba;2511707;Pilõezinhos;Total - Federal  Estadual e Municipal;Total;169.32;180.45;241.29;239.93;275.77;272.05;12.59;26.86;21.55;19.67;8.76;4.48;4.74;;1.36;;4.48;24.45;26.42;18.24;8.76;8.76;3.12;;4.41;1.36;;20.64;21.64;18.6;10.16;15.76;10.37;;2.83;;23.04;15.76;18.87;18.76;9.99;10.59;1.55;1.44;;;14.52;7.08;19.16;33.45;18.82;2.32;4.65;;;4.76;28.57;26.36;16.72;11.85;9.41;2.32;;;;;;;;;;;;;;;;;;;;;;;;;14.52;7.08;19.16;33.45;18.82;2.32;4.65;;;4.76;28.57;26.36;16.72;11.85;9.41;2.32;;;;
2023;25;Paraíba;2511707;Pilõezinhos;Total - Federal  Estadual e Municipal;Urbana;169.32;180.45;241.29;239.93;275.77;272.05;12.59;26.86;21.55;19.67;8.76;4.48;4.74;;1.36;;4.48;24.45;26.42;18.24;8.76;8.76;3.12;;4.41;1.36;;20.64;21.64;18.6;10.16;15.76;10.37;;2.83;;23.04;15.76;18.87;18.76;9.99;10.59;1.55;1.44;;;14.52;7.08;19.16;33.45;18.82;2.32;4.65;;;4.76;28.57;26.36;16.72;11.85;9.41;2.32;;;;;;;;;;;;;;;;;;;;;;;;;14.52;7.08;19.16;33.45;18.82;2.32;4.65;;;4.76;28.57;26.36;16.72;11.85;9.41;2.32;;;;
2023;25;Paraíba;2511806;Pirpirituba;Total - Federal  Estadual  Municipal e Privada;Total;167.77;178.54;218.29;214.5;257.76;258.86;13.18;28.75;20.19;19.24;9.24;5.32;2.66;;;1.41;6.47;15.68;27.47;23.6;15.97;6.72;2.74;1.34;;;;41.89;12.12;18.66;14.93;8.86;1.77;1.77;;;39.77;27.43;13.83;10.17;5.64;2.19;0.97;;;;21.62;22.11;20.53;20.9;8.01;5.37;1.47;;;27.6;14.96;22.11;14.96;17.94;1.22;;1.22;;;;;;;;;;;;;;;;;;;;;;;;21.62;22.11;20.53;20.9;8.01;5.37;1.47;;;27.6;14.96;22.11;14.96;17.94;1.22;;1.22;;;
2023;25;Paraíba;2511806;Pirpirituba;Total - Federal  Estadual  Municipal e Privada;Urbana;167.77;178.54;218.29;214.5;257.76;258.86;13.18;28.75;20.19;19.24;9.24;5.32;2.66;;;1.41;6.47;15.68;27.47;23.6;15.97;6.72;2.74;1.34;;;;41.89;12.12;18.66;14.93;8.86;1.77;1.77;;;39.77;27.43;13.83;10.17;5.64;2.19;0.97;;;;21.62;22.11;20.53;20.9;8.01;5.37;1.47;;;27.6;14.96;22.11;14.96;17.94;1.22;;1.22;;;;;;;;;;;;;;;;;;;;;;;;21.62;22.11;20.53;20.9;8.01;5.37;1.47;;;27.6;14.96;22.11;14.96;17.94;1.22;;1.22;;;
2023;25;Paraíba;2511806;Pirpirituba;Estadual;Total;;;222.51;218.66;257.76;258.86;;;;;;;;;;;;;;;;;;;;;;35.05;18.31;18.31;11.64;13.4;1.64;1.64;;;34.93;29.96;14.92;8.37;8.43;1.7;1.7;;;;21.62;22.11;20.53;20.9;8.01;5.37;1.47;;;27.6;14.96;22.11;14.96;17.94;1.22;;1.22;;;;;;;;;;;;;;;;;;;;;;;;21.62;22.11;20.53;20.9;8.01;5.37;1.47;;;27.6;14.96;22.11;14.96;17.94;1.22;;1.22;;;
2023;25;Paraíba;2511806;Pirpirituba;Estadual;Urbana;;;222.51;218.66;257.76;258.86;;;;;;;;;;;;;;;;;;;;;;35.05;18.31;18.31;11.64;13.4;1.64;1.64;0;0;34.93;29.96;14.92;8.37;8.43;1.7;1.7;0;0;0;21.62;22.11;20.53;20.9;8.01;5.37;1.47;0;0;27.6;14.96;22.11;14.96;17.94;1.22;0;1.22;0;0;0;;;;;;;;;;;;;;;;;;;;;21.62;22.11;20.53;20.9;8.01;5.37;1.47;0;0;27.6;14.96;22.11;14.96;17.94;1.22;0;1.22;0;0;0
2023;25;Paraíba;2511806;Pirpirituba;Municipal;Total;167.77;178.54;;;;;13.18;28.75;20.19;19.24;9.24;5.32;2.66;;;1.41;6.47;15.68;27.47;23.6;15.97;6.72;2.74;1.34;;;;;;;;;;;;;;;;;;;;;;;;;;;;;;;;;;;;;;;;;;;;;;;;;;;;;;;;;;;;;;;;;;;;;;;;;;;;;;;;;;
2023;25;Paraíba;2511806;Pirpirituba;Municipal;Urbana;167.77;178.54;;;;;13.18;28.75;20.19;19.24;9.24;5.32;2.66;0;0;1.41;6.47;15.68;27.47;23.6;15.97;6.72;2.74;1.34;0;0;0;;;;;;;;;;;;;;;;;;;;;;;;;;;;;;;;;;;;;;;;;;;;;;;;;;;;;;;;;;;;;;;;;;;;;;;;;;;;;;;
2023;25;Paraíba;2511806;Pirpirituba;Total - Estadual e Municipal;Total;167.77;178.54;218.29;214.5;257.76;258.86;13.18;28.75;20.19;19.24;9.24;5.32;2.66;;;1.41;6.47;15.68;27.47;23.6;15.97;6.72;2.74;1.34;;;;41.89;12.12;18.66;14.93;8.86;1.77;1.77;;;39.77;27.43;13.83;10.17;5.64;2.19;0.97;;;;21.62;22.11;20.53;20.9;8.01;5.37;1.47;;;27.6;14.96;22.11;14.96;17.94;1.22;;1.22;;;;;;;;;;;;;;;;;;;;;;;;21.62;22.11;20.53;20.9;8.01;5.37;1.47;;;27.6;14.96;22.11;14.96;17.94;1.22;;1.22;;;
2023;25;Paraíba;2511806;Pirpirituba;Total - Estadual e Municipal;Urbana;167.77;178.54;218.29;214.5;257.76;258.86;13.18;28.75;20.19;19.24;9.24;5.32;2.66;;;1.41;6.47;15.68;27.47;23.6;15.97;6.72;2.74;1.34;;;;41.89;12.12;18.66;14.93;8.86;1.77;1.77;;;39.77;27.43;13.83;10.17;5.64;2.19;0.97;;;;21.62;22.11;20.53;20.9;8.01;5.37;1.47;;;27.6;14.96;22.11;14.96;17.94;1.22;;1.22;;;;;;;;;;;;;;;;;;;;;;;;21.62;22.11;20.53;20.9;8.01;5.37;1.47;;;27.6;14.96;22.11;14.96;17.94;1.22;;1.22;;;
2023;25;Paraíba;2511806;Pirpirituba;Total - Federal  Estadual e Municipal;Total;167.77;178.54;218.29;214.5;257.76;258.86;13.18;28.75;20.19;19.24;9.24;5.32;2.66;;;1.41;6.47;15.68;27.47;23.6;15.97;6.72;2.74;1.34;;;;41.89;12.12;18.66;14.93;8.86;1.77;1.77;;;39.77;27.43;13.83;10.17;5.64;2.19;0.97;;;;21.62;22.11;20.53;20.9;8.01;5.37;1.47;;;27.6;14.96;22.11;14.96;17.94;1.22;;1.22;;;;;;;;;;;;;;;;;;;;;;;;21.62;22.11;20.53;20.9;8.01;5.37;1.47;;;27.6;14.96;22.11;14.96;17.94;1.22;;1.22;;;
2023;25;Paraíba;2511806;Pirpirituba;Total - Federal  Estadual e Municipal;Urbana;167.77;178.54;218.29;214.5;257.76;258.86;13.18;28.75;20.19;19.24;9.24;5.32;2.66;;;1.41;6.47;15.68;27.47;23.6;15.97;6.72;2.74;1.34;;;;41.89;12.12;18.66;14.93;8.86;1.77;1.77;;;39.77;27.43;13.83;10.17;5.64;2.19;0.97;;;;21.62;22.11;20.53;20.9;8.01;5.37;1.47;;;27.6;14.96;22.11;14.96;17.94;1.22;;1.22;;;;;;;;;;;;;;;;;;;;;;;;21.62;22.11;20.53;20.9;8.01;5.37;1.47;;;27.6;14.96;22.11;14.96;17.94;1.22;;1.22;;;
2023;25;Paraíba;2511905;Pitimbu;Total - Federal  Estadual  Municipal e Privada;Total;185.93;193.23;234.99;229.64;;;10.83;14.99;16.02;19.29;17.93;11.73;6.56;2.65;;;5.24;13.78;15.29;23.66;17.75;15.3;5.81;1.11;2.06;;;25.28;19.92;18.58;14.94;9.04;7.56;4.69;;;23.69;23.35;20.11;18.59;10.27;2.55;1.44;;;;;;;;;;;;;;;;;;;;;;;;38.89;18.65;19.84;5.16;12.7;2.38;2.38;;;33.73;40.87;13.1;7.54;2.38;2.38;;;;;;38.76;19.8;17.22;10.66;7.94;4.64;0.96;;;33.17;36.42;17.82;9.35;2.28;0.96;;;;;
2023;25;Paraíba;2511905;Pitimbu;Total - Federal  Estadual  Municipal e Privada;Urbana;188.95;198.43;;;;;9.52;12.65;15.5;17.26;27.22;9.03;5.57;3.25;;;4.97;8.19;16.36;22.89;22.43;15.23;5.43;2.25;2.25;;;;;;;;;;;;;;;;;;;;;;;;;;;;;;;;;;;;;;;;;;;;;;;;;;;;;;;;;;;;;;;;;;;;;;;;;;;;;;;;;
2023;25;Paraíba;2511905;Pitimbu;Total - Federal  Estadual  Municipal e Privada;Rural;183;188.18;236.43;226.02;;;12.1;17.25;16.53;21.26;8.9;14.36;7.52;2.07;;;5.5;19.21;14.25;24.4;13.21;15.36;6.18;;1.88;;;23.62;16.53;23.47;16.18;9.36;8.4;2.43;;;26.68;24.57;22.33;16.69;7.84;1.3;0.6;;;;;;;;;;;;;;;;;;;;;;;;38.89;18.65;19.84;5.16;12.7;2.38;2.38;;;33.73;40.87;13.1;7.54;2.38;2.38;;;;;;38.89;18.65;19.84;5.16;12.7;2.38;2.38;;;33.73;40.87;13.1;7.54;2.38;2.38;;;;;
2023;25;Paraíba;2511905;Pitimbu;Estadual;Total;;;;;;;;;;;;;;;;;;;;;;;;;;;;;;;;;;;;;;;;;;;;;;;;;;;;;;;;;;;;;;;;;;;38.89;18.65;19.84;5.16;12.7;2.38;2.38;;;33.73;40.87;13.1;7.54;2.38;2.38;;;;;;38.76;19.8;17.22;10.66;7.94;4.64;0.96;;;33.17;36.42;17.82;9.35;2.28;0.96;;;;;
2023;25;Paraíba;2511905;Pitimbu;Estadual;Rural;;;;;;;;;;;;;;;;;;;;;;;;;;;;;;;;;;;;;;;;;;;;;;;;;;;;;;;;;;;;;;;;;;;38.89;18.65;19.84;5.16;12.7;2.38;2.38;0;0;33.73;40.87;13.1;7.54;2.38;2.38;0;0;0;0;0;38.89;18.65;19.84;5.16;12.7;2.38;2.38;0;0;33.73;40.87;13.1;7.54;2.38;2.38;0;0;0;0;0
2023;25;Paraíba;2511905;Pitimbu;Municipal;Total;185.93;193.23;234.99;229.64;;;10.83;14.99;16.02;19.29;17.93;11.73;6.56;2.65;;;5.24;13.78;15.29;23.66;17.75;15.3;5.81;1.11;2.06;;;25.28;19.92;18.58;14.94;9.04;7.56;4.69;;;23.69;23.35;20.11;18.59;10.27;2.55;1.44;;;;;;;;;;;;;;;;;;;;;;;;;;;;;;;;;;;;;;;;;;;;;;;;;;;;;;;;;;;;;;;
2023;25;Paraíba;2511905;Pitimbu;Municipal;Urbana;188.95;198.43;;;;;9.52;12.65;15.5;17.26;27.22;9.03;5.57;3.25;0;0;4.97;8.19;16.36;22.89;22.43;15.23;5.43;2.25;2.25;0;0;;;;;;;;;;;;;;;;;;;;;;;;;;;;;;;;;;;;;;;;;;;;;;;;;;;;;;;;;;;;;;;;;;;;;;;;;;;;;;;
2023;25;Paraíba;2511905;Pitimbu;Municipal;Rural;183;188.18;236.43;226.02;;;12.1;17.25;16.53;21.26;8.9;14.36;7.52;2.07;0;0;5.5;19.21;14.25;24.4;13.21;15.36;6.18;0;1.88;0;0;23.62;16.53;23.47;16.18;9.36;8.4;2.43;0;0;26.68;24.57;22.33;16.69;7.84;1.3;0.6;0;0;0;;;;;;;;;;;;;;;;;;;;;;;;;;;;;;;;;;;;;;;;;;;;;;;;;;;;;;;;;;;;
2023;25;Paraíba;2511905;Pitimbu;Total - Estadual e Municipal;Total;185.93;193.23;234.99;229.64;;;10.83;14.99;16.02;19.29;17.93;11.73;6.56;2.65;;;5.24;13.78;15.29;23.66;17.75;15.3;5.81;1.11;2.06;;;25.28;19.92;18.58;14.94;9.04;7.56;4.69;;;23.69;23.35;20.11;18.59;10.27;2.55;1.44;;;;;;;;;;;;;;;;;;;;;;;;38.89;18.65;19.84;5.16;12.7;2.38;2.38;;;33.73;40.87;13.1;7.54;2.38;2.38;;;;;;38.76;19.8;17.22;10.66;7.94;4.64;0.96;;;33.17;36.42;17.82;9.35;2.28;0.96;;;;;
2023;25;Paraíba;2511905;Pitimbu;Total - Estadual e Municipal;Urbana;188.95;198.43;;;;;9.52;12.65;15.5;17.26;27.22;9.03;5.57;3.25;;;4.97;8.19;16.36;22.89;22.43;15.23;5.43;2.25;2.25;;;;;;;;;;;;;;;;;;;;;;;;;;;;;;;;;;;;;;;;;;;;;;;;;;;;;;;;;;;;;;;;;;;;;;;;;;;;;;;;;
2023;25;Paraíba;2511905;Pitimbu;Total - Estadual e Municipal;Rural;183;188.18;236.43;226.02;;;12.1;17.25;16.53;21.26;8.9;14.36;7.52;2.07;;;5.5;19.21;14.25;24.4;13.21;15.36;6.18;;1.88;;;23.62;16.53;23.47;16.18;9.36;8.4;2.43;;;26.68;24.57;22.33;16.69;7.84;1.3;0.6;;;;;;;;;;;;;;;;;;;;;;;;38.89;18.65;19.84;5.16;12.7;2.38;2.38;;;33.73;40.87;13.1;7.54;2.38;2.38;;;;;;38.89;18.65;19.84;5.16;12.7;2.38;2.38;;;33.73;40.87;13.1;7.54;2.38;2.38;;;;;
2023;25;Paraíba;2511905;Pitimbu;Total - Federal  Estadual e Municipal;Total;185.93;193.23;234.99;229.64;;;10.83;14.99;16.02;19.29;17.93;11.73;6.56;2.65;;;5.24;13.78;15.29;23.66;17.75;15.3;5.81;1.11;2.06;;;25.28;19.92;18.58;14.94;9.04;7.56;4.69;;;23.69;23.35;20.11;18.59;10.27;2.55;1.44;;;;;;;;;;;;;;;;;;;;;;;;38.89;18.65;19.84;5.16;12.7;2.38;2.38;;;33.73;40.87;13.1;7.54;2.38;2.38;;;;;;38.76;19.8;17.22;10.66;7.94;4.64;0.96;;;33.17;36.42;17.82;9.35;2.28;0.96;;;;;
2023;25;Paraíba;2511905;Pitimbu;Total - Federal  Estadual e Municipal;Urbana;188.95;198.43;;;;;9.52;12.65;15.5;17.26;27.22;9.03;5.57;3.25;;;4.97;8.19;16.36;22.89;22.43;15.23;5.43;2.25;2.25;;;;;;;;;;;;;;;;;;;;;;;;;;;;;;;;;;;;;;;;;;;;;;;;;;;;;;;;;;;;;;;;;;;;;;;;;;;;;;;;;
2023;25;Paraíba;2511905;Pitimbu;Total - Federal  Estadual e Municipal;Rural;183;188.18;236.43;226.02;;;12.1;17.25;16.53;21.26;8.9;14.36;7.52;2.07;;;5.5;19.21;14.25;24.4;13.21;15.36;6.18;;1.88;;;23.62;16.53;23.47;16.18;9.36;8.4;2.43;;;26.68;24.57;22.33;16.69;7.84;1.3;0.6;;;;;;;;;;;;;;;;;;;;;;;;38.89;18.65;19.84;5.16;12.7;2.38;2.38;;;33.73;40.87;13.1;7.54;2.38;2.38;;;;;;38.89;18.65;19.84;5.16;12.7;2.38;2.38;;;33.73;40.87;13.1;7.54;2.38;2.38;;;;;
2023;25;Paraíba;2512002;Pocinhos;Total - Federal  Estadual  Municipal e Privada;Total;186.04;201.53;237.04;234.64;244.55;234;7.7;19.46;16.61;15.39;20.76;12.12;5.4;2.55;;;3.65;10.07;19.82;16.32;17.77;15.47;9.24;5.45;0.87;1.33;;26.86;15.77;17.67;17.13;11.84;7.52;2.17;1.04;;20.43;18.31;24.63;16.75;14.46;4.31;0.75;0.35;;;40.74;11.11;14.81;14.81;14.81;;3.7;;;37.04;37.04;11.11;11.11;3.7;;;;;;;23.3;17.25;23.14;14.01;7.73;10.76;3.8;;;21.87;20.82;23.34;19.47;8.35;4.63;;0.74;0.79;;;26.17;16.24;21.77;14.14;8.9;8.99;3.79;;;24.37;23.49;21.32;18.09;7.59;3.87;;0.61;0.66;;
2023;25;Paraíba;2512002;Pocinhos;Total - Federal  Estadual  Municipal e Privada;Urbana;185.97;201.94;238.09;234.23;244.55;234;7.84;20.12;16.85;14.66;20.27;12.55;4.35;3.36;;;3.78;9.43;19.88;15.82;18.82;15.14;8.76;6.08;1.14;1.14;;26.33;15.43;17.87;16.88;12.12;7.97;2.3;1.1;;21.22;17.7;24.4;17.32;14.05;4.14;0.8;0.37;;;40.74;11.11;14.81;14.81;14.81;;3.7;;;37.04;37.04;11.11;11.11;3.7;;;;;;;23.3;17.25;23.14;14.01;7.73;10.76;3.8;;;21.87;20.82;23.34;19.47;8.35;4.63;;0.74;0.79;;;26.17;16.24;21.77;14.14;8.9;8.99;3.79;;;24.37;23.49;21.32;18.09;7.59;3.87;;0.61;0.66;;
2023;25;Paraíba;2512002;Pocinhos;Total - Federal  Estadual  Municipal e Privada;Rural;186.26;200.23;219.33;241.61;;;7.23;17.37;15.87;17.69;22.31;10.79;8.74;;;;3.24;12.09;19.63;17.91;14.45;16.5;10.79;3.46;;1.94;;35.71;21.43;14.29;21.43;7.14;;;;;7.14;28.57;28.57;7.14;21.43;7.14;;;;;;;;;;;;;;;;;;;;;;;;;;;;;;;;;;;;;;;;;;;;;;;;;;;;;;;;;;;;;;;;
2023;25;Paraíba;2512002;Pocinhos;Estadual;Total;;;;;244.55;234;;;;;;;;;;;;;;;;;;;;;;;;;;;;;;;;;;;;;;;;;40.74;11.11;14.81;14.81;14.81;;3.7;;;37.04;37.04;11.11;11.11;3.7;;;;;;;23.3;17.25;23.14;14.01;7.73;10.76;3.8;;;21.87;20.82;23.34;19.47;8.35;4.63;;0.74;0.79;;;26.17;16.24;21.77;14.14;8.9;8.99;3.79;;;24.37;23.49;21.32;18.09;7.59;3.87;;0.61;0.66;;
2023;25;Paraíba;2512002;Pocinhos;Estadual;Urbana;;;;;244.55;234;;;;;;;;;;;;;;;;;;;;;;;;;;;;;;;;;;;;;;;;;40.74;11.11;14.81;14.81;14.81;0;3.7;0;0;37.04;37.04;11.11;11.11;3.7;0;0;0;0;0;0;23.3;17.25;23.14;14.01;7.73;10.76;3.8;0;0;21.87;20.82;23.34;19.47;8.35;4.63;0;0.74;0.79;0;0;26.17;16.24;21.77;14.14;8.9;8.99;3.79;0;0;24.37;23.49;21.32;18.09;7.59;3.87;0;0.61;0.66;0;0
2023;25;Paraíba;2512002;Pocinhos;Municipal;Total;186.04;201.53;237.04;234.64;;;7.7;19.46;16.61;15.39;20.76;12.12;5.4;2.55;;;3.65;10.07;19.82;16.32;17.77;15.47;9.24;5.45;0.87;1.33;;26.86;15.77;17.67;17.13;11.84;7.52;2.17;1.04;;20.43;18.31;24.63;16.75;14.46;4.31;0.75;0.35;;;;;;;;;;;;;;;;;;;;;;;;;;;;;;;;;;;;;;;;;;;;;;;;;;;;;;;;;;;;;;
2023;25;Paraíba;2512002;Pocinhos;Municipal;Urbana;185.97;201.94;238.09;234.23;;;7.84;20.12;16.85;14.66;20.27;12.55;4.35;3.36;0;0;3.78;9.43;19.88;15.82;18.82;15.14;8.76;6.08;1.14;1.14;0;26.33;15.43;17.87;16.88;12.12;7.97;2.3;1.1;0;21.22;17.7;24.4;17.32;14.05;4.14;0.8;0.37;0;0;;;;;;;;;;;;;;;;;;;;;;;;;;;;;;;;;;;;;;;;;;;;;;;;;;;;;;;;;;;;
2023;25;Paraíba;2512002;Pocinhos;Municipal;Rural;186.26;200.23;219.33;241.61;;;7.23;17.37;15.87;17.69;22.31;10.79;8.74;0;0;0;3.24;12.09;19.63;17.91;14.45;16.5;10.79;3.46;0;1.94;0;35.71;21.43;14.29;21.43;7.14;0;0;0;0;7.14;28.57;28.57;7.14;21.43;7.14;0;0;0;0;;;;;;;;;;;;;;;;;;;;;;;;;;;;;;;;;;;;;;;;;;;;;;;;;;;;;;;;;;;;
2023;25;Paraíba;2512002;Pocinhos;Total - Estadual e Municipal;Total;186.04;201.53;237.04;234.64;244.55;234;7.7;19.46;16.61;15.39;20.76;12.12;5.4;2.55;;;3.65;10.07;19.82;16.32;17.77;15.47;9.24;5.45;0.87;1.33;;26.86;15.77;17.67;17.13;11.84;7.52;2.17;1.04;;20.43;18.31;24.63;16.75;14.46;4.31;0.75;0.35;;;40.74;11.11;14.81;14.81;14.81;;3.7;;;37.04;37.04;11.11;11.11;3.7;;;;;;;23.3;17.25;23.14;14.01;7.73;10.76;3.8;;;21.87;20.82;23.34;19.47;8.35;4.63;;0.74;0.79;;;26.17;16.24;21.77;14.14;8.9;8.99;3.79;;;24.37;23.49;21.32;18.09;7.59;3.87;;0.61;0.66;;
2023;25;Paraíba;2512002;Pocinhos;Total - Estadual e Municipal;Urbana;185.97;201.94;238.09;234.23;244.55;234;7.84;20.12;16.85;14.66;20.27;12.55;4.35;3.36;;;3.78;9.43;19.88;15.82;18.82;15.14;8.76;6.08;1.14;1.14;;26.33;15.43;17.87;16.88;12.12;7.97;2.3;1.1;;21.22;17.7;24.4;17.32;14.05;4.14;0.8;0.37;;;40.74;11.11;14.81;14.81;14.81;;3.7;;;37.04;37.04;11.11;11.11;3.7;;;;;;;23.3;17.25;23.14;14.01;7.73;10.76;3.8;;;21.87;20.82;23.34;19.47;8.35;4.63;;0.74;0.79;;;26.17;16.24;21.77;14.14;8.9;8.99;3.79;;;24.37;23.49;21.32;18.09;7.59;3.87;;0.61;0.66;;
2023;25;Paraíba;2512002;Pocinhos;Total - Estadual e Municipal;Rural;186.26;200.23;219.33;241.61;;;7.23;17.37;15.87;17.69;22.31;10.79;8.74;;;;3.24;12.09;19.63;17.91;14.45;16.5;10.79;3.46;;1.94;;35.71;21.43;14.29;21.43;7.14;;;;;7.14;28.57;28.57;7.14;21.43;7.14;;;;;;;;;;;;;;;;;;;;;;;;;;;;;;;;;;;;;;;;;;;;;;;;;;;;;;;;;;;;;;;;
2023;25;Paraíba;2512002;Pocinhos;Total - Federal  Estadual e Municipal;Total;186.04;201.53;237.04;234.64;244.55;234;7.7;19.46;16.61;15.39;20.76;12.12;5.4;2.55;;;3.65;10.07;19.82;16.32;17.77;15.47;9.24;5.45;0.87;1.33;;26.86;15.77;17.67;17.13;11.84;7.52;2.17;1.04;;20.43;18.31;24.63;16.75;14.46;4.31;0.75;0.35;;;40.74;11.11;14.81;14.81;14.81;;3.7;;;37.04;37.04;11.11;11.11;3.7;;;;;;;23.3;17.25;23.14;14.01;7.73;10.76;3.8;;;21.87;20.82;23.34;19.47;8.35;4.63;;0.74;0.79;;;26.17;16.24;21.77;14.14;8.9;8.99;3.79;;;24.37;23.49;21.32;18.09;7.59;3.87;;0.61;0.66;;
2023;25;Paraíba;2512002;Pocinhos;Total - Federal  Estadual e Municipal;Urbana;185.97;201.94;238.09;234.23;244.55;234;7.84;20.12;16.85;14.66;20.27;12.55;4.35;3.36;;;3.78;9.43;19.88;15.82;18.82;15.14;8.76;6.08;1.14;1.14;;26.33;15.43;17.87;16.88;12.12;7.97;2.3;1.1;;21.22;17.7;24.4;17.32;14.05;4.14;0.8;0.37;;;40.74;11.11;14.81;14.81;14.81;;3.7;;;37.04;37.04;11.11;11.11;3.7;;;;;;;23.3;17.25;23.14;14.01;7.73;10.76;3.8;;;21.87;20.82;23.34;19.47;8.35;4.63;;0.74;0.79;;;26.17;16.24;21.77;14.14;8.9;8.99;3.79;;;24.37;23.49;21.32;18.09;7.59;3.87;;0.61;0.66;;
2023;25;Paraíba;2512002;Pocinhos;Total - Federal  Estadual e Municipal;Rural;186.26;200.23;219.33;241.61;;;7.23;17.37;15.87;17.69;22.31;10.79;8.74;;;;3.24;12.09;19.63;17.91;14.45;16.5;10.79;3.46;;1.94;;35.71;21.43;14.29;21.43;7.14;;;;;7.14;28.57;28.57;7.14;21.43;7.14;;;;;;;;;;;;;;;;;;;;;;;;;;;;;;;;;;;;;;;;;;;;;;;;;;;;;;;;;;;;;;;;
2023;25;Paraíba;2512036;Poço Dantas;Total - Federal  Estadual  Municipal e Privada;Total;214.15;225.66;255.48;257.7;285.32;265.94;;5.44;10.88;31.98;13.86;13.29;10.84;5.71;2.56;5.42;;8.01;8.16;22;18.71;8.01;18.98;7.85;;5.42;2.86;12.98;15.83;15.92;17.33;26.25;4.41;4.28;2.99;;5.71;18.96;15.7;21.83;26.11;7.33;4.36;;;;4.76;9.52;28.57;4.76;42.86;4.76;4.76;;;14.29;23.81;19.05;33.33;4.76;;4.76;;;;;;;;;;;;;;;;;;;;;;;;;4.76;9.52;28.57;4.76;42.86;4.76;4.76;;;14.29;23.81;19.05;33.33;4.76;;4.76;;;;
2023;25;Paraíba;2512036;Poço Dantas;Total - Federal  Estadual  Municipal e Privada;Urbana;234.74;240.77;258.27;257.43;285.32;265.94;;;;34.08;17.99;8.28;17.51;9.23;4.14;8.76;;4.14;;26.75;17.04;4.14;26.27;8.28;;8.76;4.62;12.68;16.84;12.79;16.95;25.77;6.44;4.16;4.36;;4.16;21.41;14.56;21.41;25.57;10.71;2.18;;;;4.76;9.52;28.57;4.76;42.86;4.76;4.76;;;14.29;23.81;19.05;33.33;4.76;;4.76;;;;;;;;;;;;;;;;;;;;;;;;;4.76;9.52;28.57;4.76;42.86;4.76;4.76;;;14.29;23.81;19.05;33.33;4.76;;4.76;;;;
2023;25;Paraíba;2512036;Poço Dantas;Total - Federal  Estadual  Municipal e Privada;Rural;180.7;201.11;249.4;258.29;;;;14.29;28.57;28.57;7.14;21.43;;;;;;14.29;21.43;14.29;21.43;14.29;7.14;7.14;;;;13.64;13.64;22.73;18.18;27.27;;4.55;;;9.09;13.64;18.18;22.73;27.27;;9.09;;;;;;;;;;;;;;;;;;;;;;;;;;;;;;;;;;;;;;;;;;;;;;;;;;;;;;;;;;;;;;;
2023;25;Paraíba;2512036;Poço Dantas;Estadual;Total;;;;;285.32;265.94;;;;;;;;;;;;;;;;;;;;;;;;;;;;;;;;;;;;;;;;;4.76;9.52;28.57;4.76;42.86;4.76;4.76;;;14.29;23.81;19.05;33.33;4.76;;4.76;;;;;;;;;;;;;;;;;;;;;;;;;4.76;9.52;28.57;4.76;42.86;4.76;4.76;;;14.29;23.81;19.05;33.33;4.76;;4.76;;;;
2023;25;Paraíba;2512036;Poço Dantas;Estadual;Urbana;;;;;285.32;265.94;;;;;;;;;;;;;;;;;;;;;;;;;;;;;;;;;;;;;;;;;4.76;9.52;28.57;4.76;42.86;4.76;4.76;0;0;14.29;23.81;19.05;33.33;4.76;0;4.76;0;0;0;0;;;;;;;;;;;;;;;;;;;;;4.76;9.52;28.57;4.76;42.86;4.76;4.76;0;0;14.29;23.81;19.05;33.33;4.76;0;4.76;0;0;0;0
2023;25;Paraíba;2512036;Poço Dantas;Municipal;Total;214.15;225.66;255.48;257.7;;;;5.44;10.88;31.98;13.86;13.29;10.84;5.71;2.56;5.42;;8.01;8.16;22;18.71;8.01;18.98;7.85;;5.42;2.86;12.98;15.83;15.92;17.33;26.25;4.41;4.28;2.99;;5.71;18.96;15.7;21.83;26.11;7.33;4.36;;;;;;;;;;;;;;;;;;;;;;;;;;;;;;;;;;;;;;;;;;;;;;;;;;;;;;;;;;;;;;;
2023;25;Paraíba;2512036;Poço Dantas;Municipal;Urbana;234.74;240.77;258.27;257.43;;;0;0;0;34.08;17.99;8.28;17.51;9.23;4.14;8.76;0;4.14;0;26.75;17.04;4.14;26.27;8.28;0;8.76;4.62;12.68;16.84;12.79;16.95;25.77;6.44;4.16;4.36;0;4.16;21.41;14.56;21.41;25.57;10.71;2.18;0;0;0;;;;;;;;;;;;;;;;;;;;;;;;;;;;;;;;;;;;;;;;;;;;;;;;;;;;;;;;;;;;
2023;25;Paraíba;2512036;Poço Dantas;Municipal;Rural;180.7;201.11;249.4;258.29;;;0;14.29;28.57;28.57;7.14;21.43;0;0;0;0;0;14.29;21.43;14.29;21.43;14.29;7.14;7.14;0;0;0;13.64;13.64;22.73;18.18;27.27;0;4.55;0;0;9.09;13.64;18.18;22.73;27.27;0;9.09;0;0;0;;;;;;;;;;;;;;;;;;;;;;;;;;;;;;;;;;;;;;;;;;;;;;;;;;;;;;;;;;;;
2023;25;Paraíba;2512036;Poço Dantas;Total - Estadual e Municipal;Total;214.15;225.66;255.48;257.7;285.32;265.94;;5.44;10.88;31.98;13.86;13.29;10.84;5.71;2.56;5.42;;8.01;8.16;22;18.71;8.01;18.98;7.85;;5.42;2.86;12.98;15.83;15.92;17.33;26.25;4.41;4.28;2.99;;5.71;18.96;15.7;21.83;26.11;7.33;4.36;;;;4.76;9.52;28.57;4.76;42.86;4.76;4.76;;;14.29;23.81;19.05;33.33;4.76;;4.76;;;;;;;;;;;;;;;;;;;;;;;;;4.76;9.52;28.57;4.76;42.86;4.76;4.76;;;14.29;23.81;19.05;33.33;4.76;;4.76;;;;
2023;25;Paraíba;2512036;Poço Dantas;Total - Estadual e Municipal;Urbana;234.74;240.77;258.27;257.43;285.32;265.94;;;;34.08;17.99;8.28;17.51;9.23;4.14;8.76;;4.14;;26.75;17.04;4.14;26.27;8.28;;8.76;4.62;12.68;16.84;12.79;16.95;25.77;6.44;4.16;4.36;;4.16;21.41;14.56;21.41;25.57;10.71;2.18;;;;4.76;9.52;28.57;4.76;42.86;4.76;4.76;;;14.29;23.81;19.05;33.33;4.76;;4.76;;;;;;;;;;;;;;;;;;;;;;;;;4.76;9.52;28.57;4.76;42.86;4.76;4.76;;;14.29;23.81;19.05;33.33;4.76;;4.76;;;;
2023;25;Paraíba;2512036;Poço Dantas;Total - Estadual e Municipal;Rural;180.7;201.11;249.4;258.29;;;;14.29;28.57;28.57;7.14;21.43;;;;;;14.29;21.43;14.29;21.43;14.29;7.14;7.14;;;;13.64;13.64;22.73;18.18;27.27;;4.55;;;9.09;13.64;18.18;22.73;27.27;;9.09;;;;;;;;;;;;;;;;;;;;;;;;;;;;;;;;;;;;;;;;;;;;;;;;;;;;;;;;;;;;;;;
2023;25;Paraíba;2512036;Poço Dantas;Total - Federal  Estadual e Municipal;Total;214.15;225.66;255.48;257.7;285.32;265.94;;5.44;10.88;31.98;13.86;13.29;10.84;5.71;2.56;5.42;;8.01;8.16;22;18.71;8.01;18.98;7.85;;5.42;2.86;12.98;15.83;15.92;17.33;26.25;4.41;4.28;2.99;;5.71;18.96;15.7;21.83;26.11;7.33;4.36;;;;4.76;9.52;28.57;4.76;42.86;4.76;4.76;;;14.29;23.81;19.05;33.33;4.76;;4.76;;;;;;;;;;;;;;;;;;;;;;;;;4.76;9.52;28.57;4.76;42.86;4.76;4.76;;;14.29;23.81;19.05;33.33;4.76;;4.76;;;;
2023;25;Paraíba;2512036;Poço Dantas;Total - Federal  Estadual e Municipal;Urbana;234.74;240.77;258.27;257.43;285.32;265.94;;;;34.08;17.99;8.28;17.51;9.23;4.14;8.76;;4.14;;26.75;17.04;4.14;26.27;8.28;;8.76;4.62;12.68;16.84;12.79;16.95;25.77;6.44;4.16;4.36;;4.16;21.41;14.56;21.41;25.57;10.71;2.18;;;;4.76;9.52;28.57;4.76;42.86;4.76;4.76;;;14.29;23.81;19.05;33.33;4.76;;4.76;;;;;;;;;;;;;;;;;;;;;;;;;4.76;9.52;28.57;4.76;42.86;4.76;4.76;;;14.29;23.81;19.05;33.33;4.76;;4.76;;;;
2023;25;Paraíba;2512036;Poço Dantas;Total - Federal  Estadual e Municipal;Rural;180.7;201.11;249.4;258.29;;;;14.29;28.57;28.57;7.14;21.43;;;;;;14.29;21.43;14.29;21.43;14.29;7.14;7.14;;;;13.64;13.64;22.73;18.18;27.27;;4.55;;;9.09;13.64;18.18;22.73;27.27;;9.09;;;;;;;;;;;;;;;;;;;;;;;;;;;;;;;;;;;;;;;;;;;;;;;;;;;;;;;;;;;;;;;
2023;25;Paraíba;2512077;Poço de José de Moura;Total - Federal  Estadual  Municipal e Privada;Total;201.3;204.39;242.83;240.41;270.02;268.49;4.22;14.92;14.67;17.04;16.31;14.92;11.4;4.19;;2.33;6.77;6.08;23.33;12.81;16.31;6.3;18.17;10.23;;;;16.24;10.58;27.62;24.5;15.82;2.54;2.7;;;18.78;21.48;13.44;25.03;15.87;;2.7;2.7;;;15.79;10.95;26.32;18.63;20.2;5.26;2.84;;;19.06;18.21;15.79;14.51;26.74;2.84;2.84;;;;;;;;;;;;;;;;;;;;;;;;;15.79;10.95;26.32;18.63;20.2;5.26;2.84;;;19.06;18.21;15.79;14.51;26.74;2.84;2.84;;;;
2023;25;Paraíba;2512077;Poço de José de Moura;Total - Federal  Estadual  Municipal e Privada;Urbana;206.72;210.54;247.54;245.71;270.02;268.49;;14.75;17.31;14.75;16.66;14.75;12.8;5.77;;3.21;6.42;2.56;20.52;14.75;16.66;5.77;19.22;14.1;;;;14.07;10.39;25.54;25.32;17.53;3.46;3.68;;;17.53;21.21;14.29;17.97;21.65;;3.68;3.68;;;15.79;10.95;26.32;18.63;20.2;5.26;2.84;;;19.06;18.21;15.79;14.51;26.74;2.84;2.84;;;;;;;;;;;;;;;;;;;;;;;;;15.79;10.95;26.32;18.63;20.2;5.26;2.84;;;19.06;18.21;15.79;14.51;26.74;2.84;2.84;;;;
2023;25;Paraíba;2512077;Poço de José de Moura;Total - Federal  Estadual  Municipal e Privada;Rural;186.96;188.13;;;;;15.38;15.38;7.69;23.08;15.38;15.38;7.69;;;;7.69;15.38;30.77;7.69;15.38;7.69;15.38;;;;;;;;;;;;;;;;;;;;;;;;;;;;;;;;;;;;;;;;;;;;;;;;;;;;;;;;;;;;;;;;;;;;;;;;;;;;;;;;;;;
2023;25;Paraíba;2512077;Poço de José de Moura;Estadual;Total;;;;;270.02;268.49;;;;;;;;;;;;;;;;;;;;;;;;;;;;;;;;;;;;;;;;;15.79;10.95;26.32;18.63;20.2;5.26;2.84;;;19.06;18.21;15.79;14.51;26.74;2.84;2.84;;;;;;;;;;;;;;;;;;;;;;;;;15.79;10.95;26.32;18.63;20.2;5.26;2.84;;;19.06;18.21;15.79;14.51;26.74;2.84;2.84;;;;
2023;25;Paraíba;2512077;Poço de José de Moura;Estadual;Urbana;;;;;270.02;268.49;;;;;;;;;;;;;;;;;;;;;;;;;;;;;;;;;;;;;;;;;15.79;10.95;26.32;18.63;20.2;5.26;2.84;0;0;19.06;18.21;15.79;14.51;26.74;2.84;2.84;0;0;0;0;;;;;;;;;;;;;;;;;;;;;15.79;10.95;26.32;18.63;20.2;5.26;2.84;0;0;19.06;18.21;15.79;14.51;26.74;2.84;2.84;0;0;0;0
2023;25;Paraíba;2512077;Poço de José de Moura;Municipal;Total;201.3;204.39;242.83;240.41;;;4.22;14.92;14.67;17.04;16.31;14.92;11.4;4.19;;2.33;6.77;6.08;23.33;12.81;16.31;6.3;18.17;10.23;;;;16.24;10.58;27.62;24.5;15.82;2.54;2.7;;;18.78;21.48;13.44;25.03;15.87;;2.7;2.7;;;;;;;;;;;;;;;;;;;;;;;;;;;;;;;;;;;;;;;;;;;;;;;;;;;;;;;;;;;;;;
2023;25;Paraíba;2512077;Poço de José de Moura;Municipal;Urbana;206.72;210.54;247.54;245.71;;;0;14.75;17.31;14.75;16.66;14.75;12.8;5.77;0;3.21;6.42;2.56;20.52;14.75;16.66;5.77;19.22;14.1;0;0;0;14.07;10.39;25.54;25.32;17.53;3.46;3.68;0;0;17.53;21.21;14.29;17.97;21.65;0;3.68;3.68;0;0;;;;;;;;;;;;;;;;;;;;;;;;;;;;;;;;;;;;;;;;;;;;;;;;;;;;;;;;;;;;
2023;25;Paraíba;2512077;Poço de José de Moura;Municipal;Rural;186.96;188.13;;;;;15.38;15.38;7.69;23.08;15.38;15.38;7.69;0;0;0;7.69;15.38;30.77;7.69;15.38;7.69;15.38;0;0;0;0;;;;;;;;;;;;;;;;;;;;;;;;;;;;;;;;;;;;;;;;;;;;;;;;;;;;;;;;;;;;;;;;;;;;;;;;;;;;;;;
2023;25;Paraíba;2512077;Poço de José de Moura;Total - Estadual e Municipal;Total;201.3;204.39;242.83;240.41;270.02;268.49;4.22;14.92;14.67;17.04;16.31;14.92;11.4;4.19;;2.33;6.77;6.08;23.33;12.81;16.31;6.3;18.17;10.23;;;;16.24;10.58;27.62;24.5;15.82;2.54;2.7;;;18.78;21.48;13.44;25.03;15.87;;2.7;2.7;;;15.79;10.95;26.32;18.63;20.2;5.26;2.84;;;19.06;18.21;15.79;14.51;26.74;2.84;2.84;;;;;;;;;;;;;;;;;;;;;;;;;15.79;10.95;26.32;18.63;20.2;5.26;2.84;;;19.06;18.21;15.79;14.51;26.74;2.84;2.84;;;;
2023;25;Paraíba;2512077;Poço de José de Moura;Total - Estadual e Municipal;Urbana;206.72;210.54;247.54;245.71;270.02;268.49;;14.75;17.31;14.75;16.66;14.75;12.8;5.77;;3.21;6.42;2.56;20.52;14.75;16.66;5.77;19.22;14.1;;;;14.07;10.39;25.54;25.32;17.53;3.46;3.68;;;17.53;21.21;14.29;17.97;21.65;;3.68;3.68;;;15.79;10.95;26.32;18.63;20.2;5.26;2.84;;;19.06;18.21;15.79;14.51;26.74;2.84;2.84;;;;;;;;;;;;;;;;;;;;;;;;;15.79;10.95;26.32;18.63;20.2;5.26;2.84;;;19.06;18.21;15.79;14.51;26.74;2.84;2.84;;;;
2023;25;Paraíba;2512077;Poço de José de Moura;Total - Estadual e Municipal;Rural;186.96;188.13;;;;;15.38;15.38;7.69;23.08;15.38;15.38;7.69;;;;7.69;15.38;30.77;7.69;15.38;7.69;15.38;;;;;;;;;;;;;;;;;;;;;;;;;;;;;;;;;;;;;;;;;;;;;;;;;;;;;;;;;;;;;;;;;;;;;;;;;;;;;;;;;;;
2023;25;Paraíba;2512077;Poço de José de Moura;Total - Federal  Estadual e Municipal;Total;201.3;204.39;242.83;240.41;270.02;268.49;4.22;14.92;14.67;17.04;16.31;14.92;11.4;4.19;;2.33;6.77;6.08;23.33;12.81;16.31;6.3;18.17;10.23;;;;16.24;10.58;27.62;24.5;15.82;2.54;2.7;;;18.78;21.48;13.44;25.03;15.87;;2.7;2.7;;;15.79;10.95;26.32;18.63;20.2;5.26;2.84;;;19.06;18.21;15.79;14.51;26.74;2.84;2.84;;;;;;;;;;;;;;;;;;;;;;;;;15.79;10.95;26.32;18.63;20.2;5.26;2.84;;;19.06;18.21;15.79;14.51;26.74;2.84;2.84;;;;
2023;25;Paraíba;2512077;Poço de José de Moura;Total - Federal  Estadual e Municipal;Urbana;206.72;210.54;247.54;245.71;270.02;268.49;;14.75;17.31;14.75;16.66;14.75;12.8;5.77;;3.21;6.42;2.56;20.52;14.75;16.66;5.77;19.22;14.1;;;;14.07;10.39;25.54;25.32;17.53;3.46;3.68;;;17.53;21.21;14.29;17.97;21.65;;3.68;3.68;;;15.79;10.95;26.32;18.63;20.2;5.26;2.84;;;19.06;18.21;15.79;14.51;26.74;2.84;2.84;;;;;;;;;;;;;;;;;;;;;;;;;15.79;10.95;26.32;18.63;20.2;5.26;2.84;;;19.06;18.21;15.79;14.51;26.74;2.84;2.84;;;;
2023;25;Paraíba;2512077;Poço de José de Moura;Total - Federal  Estadual e Municipal;Rural;186.96;188.13;;;;;15.38;15.38;7.69;23.08;15.38;15.38;7.69;;;;7.69;15.38;30.77;7.69;15.38;7.69;15.38;;;;;;;;;;;;;;;;;;;;;;;;;;;;;;;;;;;;;;;;;;;;;;;;;;;;;;;;;;;;;;;;;;;;;;;;;;;;;;;;;;;
2023;25;Paraíba;2512101;Pombal;Total - Federal  Estadual  Municipal e Privada;Total;230.81;252.03;264.35;258.76;287.48;286.27;0.95;3.71;12.17;12.81;15.18;17.74;16.03;11.17;8.38;1.88;;2.2;5.93;8.01;13.95;16.26;20.16;15.19;11.16;4.02;3.12;12.85;8.46;16.05;18.43;16.34;17.17;8.37;2.33;;12.71;12.75;16.8;17.71;19.95;11.84;5.65;2.6;;;11.49;11.25;15.18;19.29;17.7;12.6;9.42;3.08;;11.94;18.59;17.16;14.55;12.28;12.96;6.87;1.12;2.65;1.86;;11.77;4.76;21.45;10.35;17.94;15.44;16.53;1.75;;16.69;11.43;18.45;16.53;11.94;10.18;8.26;4.92;1.59;;;11.54;10.09;16.3;17.69;17.74;13.11;10.69;2.85;;12.79;17.31;17.39;14.91;12.22;12.47;7.12;1.8;2.46;1.53;
2023;25;Paraíba;2512101;Pombal;Total - Federal  Estadual  Municipal e Privada;Urbana;230.81;252.03;264.35;258.76;287.48;286.27;0.95;3.71;12.17;12.81;15.18;17.74;16.03;11.17;8.38;1.88;;2.2;5.93;8.01;13.95;16.26;20.16;15.19;11.16;4.02;3.12;12.85;8.46;16.05;18.43;16.34;17.17;8.37;2.33;;12.71;12.75;16.8;17.71;19.95;11.84;5.65;2.6;;;11.49;11.25;15.18;19.29;17.7;12.6;9.42;3.08;;11.94;18.59;17.16;14.55;12.28;12.96;6.87;1.12;2.65;1.86;;11.77;4.76;21.45;10.35;17.94;15.44;16.53;1.75;;16.69;11.43;18.45;16.53;11.94;10.18;8.26;4.92;1.59;;;11.54;10.09;16.3;17.69;17.74;13.11;10.69;2.85;;12.79;17.31;17.39;14.91;12.22;12.47;7.12;1.8;2.46;1.53;
2023;25;Paraíba;2512101;Pombal;Estadual;Total;;;254.06;247.77;287.48;286.27;;;;;;;;;;;;;;;;;;;;;;18.06;12.58;13.67;16.17;16.97;15.01;5.49;2.06;;16.5;19.25;14.3;20;13.78;10.77;4;1.4;;;11.49;11.25;15.18;19.29;17.7;12.6;9.42;3.08;;11.94;18.59;17.16;14.55;12.28;12.96;6.87;1.12;2.65;1.86;;11.77;4.76;21.45;10.35;17.94;15.44;16.53;1.75;;16.69;11.43;18.45;16.53;11.94;10.18;8.26;4.92;1.59;;;11.54;10.09;16.3;17.69;17.74;13.11;10.69;2.85;;12.79;17.31;17.39;14.91;12.22;12.47;7.12;1.8;2.46;1.53;
2023;25;Paraíba;2512101;Pombal;Estadual;Urbana;;;254.06;247.77;287.48;286.27;;;;;;;;;;;;;;;;;;;;;;18.06;12.58;13.67;16.17;16.97;15.01;5.49;2.06;0;16.5;19.25;14.3;20;13.78;10.77;4;1.4;0;0;11.49;11.25;15.18;19.29;17.7;12.6;9.42;3.08;0;11.94;18.59;17.16;14.55;12.28;12.96;6.87;1.12;2.65;1.86;0;11.77;4.76;21.45;10.35;17.94;15.44;16.53;1.75;0;16.69;11.43;18.45;16.53;11.94;10.18;8.26;4.92;1.59;0;0;11.54;10.09;16.3;17.69;17.74;13.11;10.69;2.85;0;12.79;17.31;17.39;14.91;12.22;12.47;7.12;1.8;2.46;1.53;0
2023;25;Paraíba;2512101;Pombal;Municipal;Total;230.81;252.03;270.47;265.29;;;0.95;3.71;12.17;12.81;15.18;17.74;16.03;11.17;8.38;1.88;;2.2;5.93;8.01;13.95;16.26;20.16;15.19;11.16;4.02;3.12;9.75;6.01;17.46;19.78;15.97;18.46;10.08;2.49;;10.46;8.88;18.28;16.35;23.62;12.47;6.63;3.31;;;;;;;;;;;;;;;;;;;;;;;;;;;;;;;;;;;;;;;;;;;;;;;;;;;;;;;;;;;;;;
2023;25;Paraíba;2512101;Pombal;Municipal;Urbana;230.81;252.03;270.47;265.29;;;0.95;3.71;12.17;12.81;15.18;17.74;16.03;11.17;8.38;1.88;0;2.2;5.93;8.01;13.95;16.26;20.16;15.19;11.16;4.02;3.12;9.75;6.01;17.46;19.78;15.97;18.46;10.08;2.49;0;10.46;8.88;18.28;16.35;23.62;12.47;6.63;3.31;0;0;;;;;;;;;;;;;;;;;;;;;;;;;;;;;;;;;;;;;;;;;;;;;;;;;;;;;;;;;;;;
2023;25;Paraíba;2512101;Pombal;Total - Estadual e Municipal;Total;230.81;252.03;264.35;258.76;287.48;286.27;0.95;3.71;12.17;12.81;15.18;17.74;16.03;11.17;8.38;1.88;;2.2;5.93;8.01;13.95;16.26;20.16;15.19;11.16;4.02;3.12;12.85;8.46;16.05;18.43;16.34;17.17;8.37;2.33;;12.71;12.75;16.8;17.71;19.95;11.84;5.65;2.6;;;11.49;11.25;15.18;19.29;17.7;12.6;9.42;3.08;;11.94;18.59;17.16;14.55;12.28;12.96;6.87;1.12;2.65;1.86;;11.77;4.76;21.45;10.35;17.94;15.44;16.53;1.75;;16.69;11.43;18.45;16.53;11.94;10.18;8.26;4.92;1.59;;;11.54;10.09;16.3;17.69;17.74;13.11;10.69;2.85;;12.79;17.31;17.39;14.91;12.22;12.47;7.12;1.8;2.46;1.53;
2023;25;Paraíba;2512101;Pombal;Total - Estadual e Municipal;Urbana;230.81;252.03;264.35;258.76;287.48;286.27;0.95;3.71;12.17;12.81;15.18;17.74;16.03;11.17;8.38;1.88;;2.2;5.93;8.01;13.95;16.26;20.16;15.19;11.16;4.02;3.12;12.85;8.46;16.05;18.43;16.34;17.17;8.37;2.33;;12.71;12.75;16.8;17.71;19.95;11.84;5.65;2.6;;;11.49;11.25;15.18;19.29;17.7;12.6;9.42;3.08;;11.94;18.59;17.16;14.55;12.28;12.96;6.87;1.12;2.65;1.86;;11.77;4.76;21.45;10.35;17.94;15.44;16.53;1.75;;16.69;11.43;18.45;16.53;11.94;10.18;8.26;4.92;1.59;;;11.54;10.09;16.3;17.69;17.74;13.11;10.69;2.85;;12.79;17.31;17.39;14.91;12.22;12.47;7.12;1.8;2.46;1.53;
2023;25;Paraíba;2512101;Pombal;Total - Federal  Estadual e Municipal;Total;230.81;252.03;264.35;258.76;287.48;286.27;0.95;3.71;12.17;12.81;15.18;17.74;16.03;11.17;8.38;1.88;;2.2;5.93;8.01;13.95;16.26;20.16;15.19;11.16;4.02;3.12;12.85;8.46;16.05;18.43;16.34;17.17;8.37;2.33;;12.71;12.75;16.8;17.71;19.95;11.84;5.65;2.6;;;11.49;11.25;15.18;19.29;17.7;12.6;9.42;3.08;;11.94;18.59;17.16;14.55;12.28;12.96;6.87;1.12;2.65;1.86;;11.77;4.76;21.45;10.35;17.94;15.44;16.53;1.75;;16.69;11.43;18.45;16.53;11.94;10.18;8.26;4.92;1.59;;;11.54;10.09;16.3;17.69;17.74;13.11;10.69;2.85;;12.79;17.31;17.39;14.91;12.22;12.47;7.12;1.8;2.46;1.53;
2023;25;Paraíba;2512101;Pombal;Total - Federal  Estadual e Municipal;Urbana;230.81;252.03;264.35;258.76;287.48;286.27;0.95;3.71;12.17;12.81;15.18;17.74;16.03;11.17;8.38;1.88;;2.2;5.93;8.01;13.95;16.26;20.16;15.19;11.16;4.02;3.12;12.85;8.46;16.05;18.43;16.34;17.17;8.37;2.33;;12.71;12.75;16.8;17.71;19.95;11.84;5.65;2.6;;;11.49;11.25;15.18;19.29;17.7;12.6;9.42;3.08;;11.94;18.59;17.16;14.55;12.28;12.96;6.87;1.12;2.65;1.86;;11.77;4.76;21.45;10.35;17.94;15.44;16.53;1.75;;16.69;11.43;18.45;16.53;11.94;10.18;8.26;4.92;1.59;;;11.54;10.09;16.3;17.69;17.74;13.11;10.69;2.85;;12.79;17.31;17.39;14.91;12.22;12.47;7.12;1.8;2.46;1.53;
2023;25;Paraíba;2512200;Prata;Total - Federal  Estadual  Municipal e Privada;Total;201.76;210.35;246.74;246.78;;;7.66;10.51;15.4;19.4;18.15;8.88;10.84;4.62;3.08;1.47;7.64;7.18;7.84;14.91;16.74;25.97;16.72;3;;;;23.59;4.52;19.08;28.01;11.14;11.95;1.71;;;12.65;13.95;24.6;22.69;17.97;4.72;3.41;;;;;;;;;;;;;;;;;;;;;;;;25;18.75;12.5;12.5;15.63;12.5;3.13;;;25;25;25;12.5;6.25;6.25;;;;;;25;18.75;12.5;12.5;15.63;12.5;3.13;;;25;25;25;12.5;6.25;6.25;;;;;
2023;25;Paraíba;2512200;Prata;Total - Federal  Estadual  Municipal e Privada;Urbana;201.76;210.35;246.74;246.78;;;7.66;10.51;15.4;19.4;18.15;8.88;10.84;4.62;3.08;1.47;7.64;7.18;7.84;14.91;16.74;25.97;16.72;3;;;;23.59;4.52;19.08;28.01;11.14;11.95;1.71;;;12.65;13.95;24.6;22.69;17.97;4.72;3.41;;;;;;;;;;;;;;;;;;;;;;;;25;18.75;12.5;12.5;15.63;12.5;3.13;;;25;25;25;12.5;6.25;6.25;;;;;;25;18.75;12.5;12.5;15.63;12.5;3.13;;;25;25;25;12.5;6.25;6.25;;;;;
2023;25;Paraíba;2512200;Prata;Estadual;Total;;;261.39;255.11;;;;;;;;;;;;;;;;;;;;;;;;15.15;;15.15;36.36;9.09;21.21;3.03;;;9.09;6.06;30.3;24.24;21.21;3.03;6.06;;;;;;;;;;;;;;;;;;;;;;;;25;18.75;12.5;12.5;15.63;12.5;3.13;;;25;25;25;12.5;6.25;6.25;;;;;;25;18.75;12.5;12.5;15.63;12.5;3.13;;;25;25;25;12.5;6.25;6.25;;;;;
2023;25;Paraíba;2512200;Prata;Estadual;Urbana;;;261.39;255.11;;;;;;;;;;;;;;;;;;;;;;;;15.15;0;15.15;36.36;9.09;21.21;3.03;0;0;9.09;6.06;30.3;24.24;21.21;3.03;6.06;0;0;0;;;;;;;;;;;;;;;;;;;;;25;18.75;12.5;12.5;15.63;12.5;3.13;0;0;25;25;25;12.5;6.25;6.25;0;0;0;0;0;25;18.75;12.5;12.5;15.63;12.5;3.13;0;0;25;25;25;12.5;6.25;6.25;0;0;0;0;0
2023;25;Paraíba;2512200;Prata;Municipal;Total;201.76;210.35;227.82;236.03;;;7.66;10.51;15.4;19.4;18.15;8.88;10.84;4.62;3.08;1.47;7.64;7.18;7.84;14.91;16.74;25.97;16.72;3;;;;34.48;10.34;24.14;17.24;13.79;;;;;17.24;24.14;17.24;20.69;13.79;6.9;;;;;;;;;;;;;;;;;;;;;;;;;;;;;;;;;;;;;;;;;;;;;;;;;;;;;;;;;;;;;;;;
2023;25;Paraíba;2512200;Prata;Municipal;Urbana;201.76;210.35;227.82;236.03;;;7.66;10.51;15.4;19.4;18.15;8.88;10.84;4.62;3.08;1.47;7.64;7.18;7.84;14.91;16.74;25.97;16.72;3;0;0;0;34.48;10.34;24.14;17.24;13.79;0;0;0;0;17.24;24.14;17.24;20.69;13.79;6.9;0;0;0;0;;;;;;;;;;;;;;;;;;;;;;;;;;;;;;;;;;;;;;;;;;;;;;;;;;;;;;;;;;;;
2023;25;Paraíba;2512200;Prata;Total - Estadual e Municipal;Total;201.76;210.35;246.74;246.78;;;7.66;10.51;15.4;19.4;18.15;8.88;10.84;4.62;3.08;1.47;7.64;7.18;7.84;14.91;16.74;25.97;16.72;3;;;;23.59;4.52;19.08;28.01;11.14;11.95;1.71;;;12.65;13.95;24.6;22.69;17.97;4.72;3.41;;;;;;;;;;;;;;;;;;;;;;;;25;18.75;12.5;12.5;15.63;12.5;3.13;;;25;25;25;12.5;6.25;6.25;;;;;;25;18.75;12.5;12.5;15.63;12.5;3.13;;;25;25;25;12.5;6.25;6.25;;;;;
2023;25;Paraíba;2512200;Prata;Total - Estadual e Municipal;Urbana;201.76;210.35;246.74;246.78;;;7.66;10.51;15.4;19.4;18.15;8.88;10.84;4.62;3.08;1.47;7.64;7.18;7.84;14.91;16.74;25.97;16.72;3;;;;23.59;4.52;19.08;28.01;11.14;11.95;1.71;;;12.65;13.95;24.6;22.69;17.97;4.72;3.41;;;;;;;;;;;;;;;;;;;;;;;;25;18.75;12.5;12.5;15.63;12.5;3.13;;;25;25;25;12.5;6.25;6.25;;;;;;25;18.75;12.5;12.5;15.63;12.5;3.13;;;25;25;25;12.5;6.25;6.25;;;;;
2023;25;Paraíba;2512200;Prata;Total - Federal  Estadual e Municipal;Total;201.76;210.35;246.74;246.78;;;7.66;10.51;15.4;19.4;18.15;8.88;10.84;4.62;3.08;1.47;7.64;7.18;7.84;14.91;16.74;25.97;16.72;3;;;;23.59;4.52;19.08;28.01;11.14;11.95;1.71;;;12.65;13.95;24.6;22.69;17.97;4.72;3.41;;;;;;;;;;;;;;;;;;;;;;;;25;18.75;12.5;12.5;15.63;12.5;3.13;;;25;25;25;12.5;6.25;6.25;;;;;;25;18.75;12.5;12.5;15.63;12.5;3.13;;;25;25;25;12.5;6.25;6.25;;;;;
2023;25;Paraíba;2512200;Prata;Total - Federal  Estadual e Municipal;Urbana;201.76;210.35;246.74;246.78;;;7.66;10.51;15.4;19.4;18.15;8.88;10.84;4.62;3.08;1.47;7.64;7.18;7.84;14.91;16.74;25.97;16.72;3;;;;23.59;4.52;19.08;28.01;11.14;11.95;1.71;;;12.65;13.95;24.6;22.69;17.97;4.72;3.41;;;;;;;;;;;;;;;;;;;;;;;;25;18.75;12.5;12.5;15.63;12.5;3.13;;;25;25;25;12.5;6.25;6.25;;;;;;25;18.75;12.5;12.5;15.63;12.5;3.13;;;25;25;25;12.5;6.25;6.25;;;;;
2023;25;Paraíba;2512309;Princesa Isabel;Total - Federal  Estadual  Municipal e Privada;Total;243.98;264.78;257.56;263.83;269.61;267.97;1.11;2.27;3.97;10.75;9.64;25.98;19.18;16.44;9;1.66;;1.69;3.96;9.57;9.66;9.62;15.31;21.44;16.34;6.8;5.61;15.94;12.74;14.84;18.8;15.67;14.58;4.95;2.48;;11.59;11.48;15.27;16.13;21.48;12.91;7.09;3.66;0.41;;21.06;10.11;19.44;16.13;22.76;8.33;1.16;1;;21.14;15.2;16.44;26.85;12.81;2.16;4.4;1;;;;12.32;4.68;16.57;15.94;25.22;17.95;5.46;1.85;;7.72;12.65;21.41;22.39;15.79;9.21;7.88;0.92;2.02;;;16.47;7.26;17.93;16.03;24.05;13.39;3.42;1.45;;14.08;13.86;19.05;24.51;14.38;5.87;6.23;0.96;1.06;;
2023;25;Paraíba;2512309;Princesa Isabel;Total - Federal  Estadual  Municipal e Privada;Urbana;243.98;264.78;257.56;263.83;269.61;267.97;1.11;2.27;3.97;10.75;9.64;25.98;19.18;16.44;9;1.66;;1.69;3.96;9.57;9.66;9.62;15.31;21.44;16.34;6.8;5.61;15.94;12.74;14.84;18.8;15.67;14.58;4.95;2.48;;11.59;11.48;15.27;16.13;21.48;12.91;7.09;3.66;0.41;;21.06;10.11;19.44;16.13;22.76;8.33;1.16;1;;21.14;15.2;16.44;26.85;12.81;2.16;4.4;1;;;;12.32;4.68;16.57;15.94;25.22;17.95;5.46;1.85;;7.72;12.65;21.41;22.39;15.79;9.21;7.88;0.92;2.02;;;16.47;7.26;17.93;16.03;24.05;13.39;3.42;1.45;;14.08;13.86;19.05;24.51;14.38;5.87;6.23;0.96;1.06;;
2023;25;Paraíba;2512309;Princesa Isabel;Federal;Total;;;;;;;;;;;;;;;;;;;;;;;;;;;;;;;;;;;;;;;;;;;;;;;;;;;;;;;;;;;;;;;;;;;11.11;5.96;22.87;13.28;23.35;15.61;5.83;2;;1.98;11.76;32.46;19.41;9.65;11.61;7.3;1.83;4;;;11.11;5.96;22.87;13.28;23.35;15.61;5.83;2;;1.98;11.76;32.46;19.41;9.65;11.61;7.3;1.83;4;;
2023;25;Paraíba;2512309;Princesa Isabel;Federal;Urbana;;;;;;;;;;;;;;;;;;;;;;;;;;;;;;;;;;;;;;;;;;;;;;;;;;;;;;;;;;;;;;;;;;;11.11;5.96;22.87;13.28;23.35;15.61;5.83;2;0;1.98;11.76;32.46;19.41;9.65;11.61;7.3;1.83;4;0;0;11.11;5.96;22.87;13.28;23.35;15.61;5.83;2;0;1.98;11.76;32.46;19.41;9.65;11.61;7.3;1.83;4;0;0
2023;25;Paraíba;2512309;Princesa Isabel;Estadual;Total;211.7;221.22;253.79;258.1;269.61;267.97;;10.53;15.79;10.53;26.32;10.53;10.53;15.79;;;;5.26;10.53;21.05;26.32;15.79;5.26;10.53;;;5.26;20.73;11.8;13.48;16.58;16.15;16.18;1.69;3.38;;18.52;9.24;13.64;16.03;19.51;13.7;6.89;2.46;;;21.06;10.11;19.44;16.13;22.76;8.33;1.16;1;;21.14;15.2;16.44;26.85;12.81;2.16;4.4;1;;;;13.56;3.39;10.17;18.64;27.12;20.34;5.08;1.69;;13.56;13.56;10.17;25.42;22.03;6.78;8.47;;;;;18.4;7.72;16.15;17.02;24.31;12.59;2.55;1.25;;18.45;14.62;14.21;26.35;16.08;3.8;5.84;0.65;;;
2023;25;Paraíba;2512309;Princesa Isabel;Estadual;Urbana;211.7;221.22;253.79;258.1;269.61;267.97;0;10.53;15.79;10.53;26.32;10.53;10.53;15.79;0;0;0;5.26;10.53;21.05;26.32;15.79;5.26;10.53;0;0;5.26;20.73;11.8;13.48;16.58;16.15;16.18;1.69;3.38;0;18.52;9.24;13.64;16.03;19.51;13.7;6.89;2.46;0;0;21.06;10.11;19.44;16.13;22.76;8.33;1.16;1;0;21.14;15.2;16.44;26.85;12.81;2.16;4.4;1;0;0;0;13.56;3.39;10.17;18.64;27.12;20.34;5.08;1.69;0;13.56;13.56;10.17;25.42;22.03;6.78;8.47;0;0;0;0;18.4;7.72;16.15;17.02;24.31;12.59;2.55;1.25;0;18.45;14.62;14.21;26.35;16.08;3.8;5.84;0.65;0;0;0
2023;25;Paraíba;2512309;Princesa Isabel;Municipal;Total;247.92;270.09;261.23;269.42;;;1.24;1.27;2.53;10.78;7.6;27.86;20.24;16.52;10.1;1.86;;1.26;3.17;8.17;7.64;8.87;16.53;22.77;18.33;7.62;5.65;11.26;13.65;16.16;20.96;15.2;13.02;8.13;1.61;;4.83;13.66;16.85;16.22;23.4;12.13;7.28;4.83;0.8;;;;;;;;;;;;;;;;;;;;;;;;;;;;;;;;;;;;;;;;;;;;;;;;;;;;;;;;;;;;;
2023;25;Paraíba;2512309;Princesa Isabel;Municipal;Urbana;247.92;270.09;261.23;269.42;;;1.24;1.27;2.53;10.78;7.6;27.86;20.24;16.52;10.1;1.86;0;1.26;3.17;8.17;7.64;8.87;16.53;22.77;18.33;7.62;5.65;11.26;13.65;16.16;20.96;15.2;13.02;8.13;1.61;0;4.83;13.66;16.85;16.22;23.4;12.13;7.28;4.83;0.8;0;;;;;;;;;;;;;;;;;;;;;;;;;;;;;;;;;;;;;;;;;;;;;;;;;;;;;;;;;;;;
2023;25;Paraíba;2512309;Princesa Isabel;Total - Estadual e Municipal;Total;243.98;264.78;257.56;263.83;269.61;267.97;1.11;2.27;3.97;10.75;9.64;25.98;19.18;16.44;9;1.66;;1.69;3.96;9.57;9.66;9.62;15.31;21.44;16.34;6.8;5.61;15.94;12.74;14.84;18.8;15.67;14.58;4.95;2.48;;11.59;11.48;15.27;16.13;21.48;12.91;7.09;3.66;0.41;;21.06;10.11;19.44;16.13;22.76;8.33;1.16;1;;21.14;15.2;16.44;26.85;12.81;2.16;4.4;1;;;;13.56;3.39;10.17;18.64;27.12;20.34;5.08;1.69;;13.56;13.56;10.17;25.42;22.03;6.78;8.47;;;;;18.4;7.72;16.15;17.02;24.31;12.59;2.55;1.25;;18.45;14.62;14.21;26.35;16.08;3.8;5.84;0.65;;;
2023;25;Paraíba;2512309;Princesa Isabel;Total - Estadual e Municipal;Urbana;243.98;264.78;257.56;263.83;269.61;267.97;1.11;2.27;3.97;10.75;9.64;25.98;19.18;16.44;9;1.66;;1.69;3.96;9.57;9.66;9.62;15.31;21.44;16.34;6.8;5.61;15.94;12.74;14.84;18.8;15.67;14.58;4.95;2.48;;11.59;11.48;15.27;16.13;21.48;12.91;7.09;3.66;0.41;;21.06;10.11;19.44;16.13;22.76;8.33;1.16;1;;21.14;15.2;16.44;26.85;12.81;2.16;4.4;1;;;;13.56;3.39;10.17;18.64;27.12;20.34;5.08;1.69;;13.56;13.56;10.17;25.42;22.03;6.78;8.47;;;;;18.4;7.72;16.15;17.02;24.31;12.59;2.55;1.25;;18.45;14.62;14.21;26.35;16.08;3.8;5.84;0.65;;;
2023;25;Paraíba;2512309;Princesa Isabel;Total - Federal  Estadual e Municipal;Total;243.98;264.78;257.56;263.83;269.61;267.97;1.11;2.27;3.97;10.75;9.64;25.98;19.18;16.44;9;1.66;;1.69;3.96;9.57;9.66;9.62;15.31;21.44;16.34;6.8;5.61;15.94;12.74;14.84;18.8;15.67;14.58;4.95;2.48;;11.59;11.48;15.27;16.13;21.48;12.91;7.09;3.66;0.41;;21.06;10.11;19.44;16.13;22.76;8.33;1.16;1;;21.14;15.2;16.44;26.85;12.81;2.16;4.4;1;;;;12.32;4.68;16.57;15.94;25.22;17.95;5.46;1.85;;7.72;12.65;21.41;22.39;15.79;9.21;7.88;0.92;2.02;;;16.47;7.26;17.93;16.03;24.05;13.39;3.42;1.45;;14.08;13.86;19.05;24.51;14.38;5.87;6.23;0.96;1.06;;
2023;25;Paraíba;2512309;Princesa Isabel;Total - Federal  Estadual e Municipal;Urbana;243.98;264.78;257.56;263.83;269.61;267.97;1.11;2.27;3.97;10.75;9.64;25.98;19.18;16.44;9;1.66;;1.69;3.96;9.57;9.66;9.62;15.31;21.44;16.34;6.8;5.61;15.94;12.74;14.84;18.8;15.67;14.58;4.95;2.48;;11.59;11.48;15.27;16.13;21.48;12.91;7.09;3.66;0.41;;21.06;10.11;19.44;16.13;22.76;8.33;1.16;1;;21.14;15.2;16.44;26.85;12.81;2.16;4.4;1;;;;12.32;4.68;16.57;15.94;25.22;17.95;5.46;1.85;;7.72;12.65;21.41;22.39;15.79;9.21;7.88;0.92;2.02;;;16.47;7.26;17.93;16.03;24.05;13.39;3.42;1.45;;14.08;13.86;19.05;24.51;14.38;5.87;6.23;0.96;1.06;;
2023;25;Paraíba;2512408;Puxinanã;Total - Federal  Estadual  Municipal e Privada;Total;199.1;212.98;239.98;238.87;271;264.82;8.53;10.62;16.45;18.05;15.06;16.75;5.88;5.8;1.72;1.14;1.86;6.63;10.84;20.35;26.83;11.56;12.17;7.44;1.76;;0.57;22.26;16.54;18;18.34;15.15;5.71;3.63;0.37;;18.94;23.48;18.36;18.19;13.02;5.88;1.03;1.1;;;15.25;17.34;19.88;20.44;16.54;4.92;5.14;0.48;;20.27;17.33;23;16.62;12.54;9.28;0.96;;;;;17.88;3.03;20.45;17.73;20.45;17.58;2.88;;;14.85;23.79;23.48;17.42;17.58;;2.88;;;;;15.6;15.44;19.96;20.08;17.07;6.6;4.84;0.42;;19.55;18.19;23.06;16.73;13.21;8.04;1.21;;;;
2023;25;Paraíba;2512408;Puxinanã;Total - Federal  Estadual  Municipal e Privada;Urbana;201.2;210.9;235.02;235.31;268.54;262.22;9.74;8.44;13.79;21.08;16.25;16.25;4.52;6.32;1.81;1.81;2.94;8.59;10.48;19.04;24.63;12.64;11.74;8.13;0.91;;0.9;28.35;17.55;14.06;15;16.17;5.57;3.3;;;22.34;23.28;17.63;17.11;12.8;5.73;;1.1;;;15.14;16.56;23.64;21.43;14.94;5.14;2.42;0.73;;21;19.76;20.65;19.73;9.58;8.55;0.73;;;;;17.88;3.03;20.45;17.73;20.45;17.58;2.88;;;14.85;23.79;23.48;17.42;17.58;;2.88;;;;;15.66;13.99;23.04;20.73;15.98;7.5;2.51;0.59;;19.84;20.52;21.19;19.29;11.09;6.93;1.14;;;;
2023;25;Paraíba;2512408;Puxinanã;Total - Federal  Estadual  Municipal e Privada;Rural;195.47;216.57;242.37;240.58;275.72;269.81;6.46;14.38;21.04;12.81;13.02;17.6;8.23;4.9;1.56;;;3.23;11.46;22.6;30.63;9.69;12.92;6.25;3.23;;;19.33;16.05;19.9;19.95;14.65;5.78;3.79;0.55;;17.29;23.57;18.72;18.71;13.13;5.96;1.53;1.09;;;15.46;18.86;12.67;18.55;19.63;4.48;10.36;;;18.86;12.67;27.51;10.66;18.24;10.66;1.39;;;;;;;;;;;;;;;;;;;;;;;;;15.46;18.86;12.67;18.55;19.63;4.48;10.36;;;18.86;12.67;27.51;10.66;18.24;10.66;1.39;;;;
2023;25;Paraíba;2512408;Puxinanã;Estadual;Total;;;235.79;235.69;271;264.82;;;;;;;;;;;;;;;;;;;;;;26.93;17.21;16.44;13.1;19.17;4.49;2.65;;;22.09;22.85;17.27;18.91;12.36;5.64;;0.88;;;15.25;17.34;19.88;20.44;16.54;4.92;5.14;0.48;;20.27;17.33;23;16.62;12.54;9.28;0.96;;;;;17.88;3.03;20.45;17.73;20.45;17.58;2.88;;;14.85;23.79;23.48;17.42;17.58;;2.88;;;;;15.6;15.44;19.96;20.08;17.07;6.6;4.84;0.42;;19.55;18.19;23.06;16.73;13.21;8.04;1.21;;;;
2023;25;Paraíba;2512408;Puxinanã;Estadual;Urbana;;;235.02;235.31;268.54;262.22;;;;;;;;;;;;;;;;;;;;;;28.35;17.55;14.06;15;16.17;5.57;3.3;0;0;22.34;23.28;17.63;17.11;12.8;5.73;0;1.1;0;0;15.14;16.56;23.64;21.43;14.94;5.14;2.42;0.73;0;21;19.76;20.65;19.73;9.58;8.55;0.73;0;0;0;0;17.88;3.03;20.45;17.73;20.45;17.58;2.88;0;0;14.85;23.79;23.48;17.42;17.58;0;2.88;0;0;0;0;15.66;13.99;23.04;20.73;15.98;7.5;2.51;0.59;0;19.84;20.52;21.19;19.29;11.09;6.93;1.14;0;0;0;0
2023;25;Paraíba;2512408;Puxinanã;Estadual;Rural;;;238.96;237.23;275.72;269.81;;;;;;;;;;;;;;;;;;;;;;21.05;15.79;26.32;5.26;31.58;0;0;0;0;21.05;21.05;15.79;26.32;10.53;5.26;0;0;0;0;15.46;18.86;12.67;18.55;19.63;4.48;10.36;0;0;18.86;12.67;27.51;10.66;18.24;10.66;1.39;0;0;0;0;;;;;;;;;;;;;;;;;;;;;15.46;18.86;12.67;18.55;19.63;4.48;10.36;0;0;18.86;12.67;27.51;10.66;18.24;10.66;1.39;0;0;0;0
2023;25;Paraíba;2512408;Puxinanã;Municipal;Total;199.1;212.98;242.82;241.03;;;8.53;10.62;16.45;18.05;15.06;16.75;5.88;5.8;1.72;1.14;1.86;6.63;10.84;20.35;26.83;11.56;12.17;7.44;1.76;;0.57;19.11;16.09;19.06;21.88;12.42;6.54;4.28;0.62;;16.8;23.91;19.1;17.7;13.47;6.05;1.73;1.24;;;;;;;;;;;;;;;;;;;;;;;;;;;;;;;;;;;;;;;;;;;;;;;;;;;;;;;;;;;;;;
2023;25;Paraíba;2512408;Puxinanã;Municipal;Urbana;201.2;210.9;;;;;9.74;8.44;13.79;21.08;16.25;16.25;4.52;6.32;1.81;1.81;2.94;8.59;10.48;19.04;24.63;12.64;11.74;8.13;0.91;0;0.9;;;;;;;;;;;;;;;;;;;;;;;;;;;;;;;;;;;;;;;;;;;;;;;;;;;;;;;;;;;;;;;;;;;;;;;;;;;;;;;
2023;25;Paraíba;2512408;Puxinanã;Municipal;Rural;195.47;216.57;242.82;241.03;;;6.46;14.38;21.04;12.81;13.02;17.6;8.23;4.9;1.56;0;0;3.23;11.46;22.6;30.63;9.69;12.92;6.25;3.23;0;0;19.11;16.09;19.06;21.88;12.42;6.54;4.28;0.62;0;16.8;23.91;19.1;17.7;13.47;6.05;1.73;1.24;0;0;;;;;;;;;;;;;;;;;;;;;;;;;;;;;;;;;;;;;;;;;;;;;;;;;;;;;;;;;;;;
2023;25;Paraíba;2512408;Puxinanã;Total - Estadual e Municipal;Total;199.1;212.98;239.98;238.87;271;264.82;8.53;10.62;16.45;18.05;15.06;16.75;5.88;5.8;1.72;1.14;1.86;6.63;10.84;20.35;26.83;11.56;12.17;7.44;1.76;;0.57;22.26;16.54;18;18.34;15.15;5.71;3.63;0.37;;18.94;23.48;18.36;18.19;13.02;5.88;1.03;1.1;;;15.25;17.34;19.88;20.44;16.54;4.92;5.14;0.48;;20.27;17.33;23;16.62;12.54;9.28;0.96;;;;;17.88;3.03;20.45;17.73;20.45;17.58;2.88;;;14.85;23.79;23.48;17.42;17.58;;2.88;;;;;15.6;15.44;19.96;20.08;17.07;6.6;4.84;0.42;;19.55;18.19;23.06;16.73;13.21;8.04;1.21;;;;
2023;25;Paraíba;2512408;Puxinanã;Total - Estadual e Municipal;Urbana;201.2;210.9;235.02;235.31;268.54;262.22;9.74;8.44;13.79;21.08;16.25;16.25;4.52;6.32;1.81;1.81;2.94;8.59;10.48;19.04;24.63;12.64;11.74;8.13;0.91;;0.9;28.35;17.55;14.06;15;16.17;5.57;3.3;;;22.34;23.28;17.63;17.11;12.8;5.73;;1.1;;;15.14;16.56;23.64;21.43;14.94;5.14;2.42;0.73;;21;19.76;20.65;19.73;9.58;8.55;0.73;;;;;17.88;3.03;20.45;17.73;20.45;17.58;2.88;;;14.85;23.79;23.48;17.42;17.58;;2.88;;;;;15.66;13.99;23.04;20.73;15.98;7.5;2.51;0.59;;19.84;20.52;21.19;19.29;11.09;6.93;1.14;;;;
2023;25;Paraíba;2512408;Puxinanã;Total - Estadual e Municipal;Rural;195.47;216.57;242.37;240.58;275.72;269.81;6.46;14.38;21.04;12.81;13.02;17.6;8.23;4.9;1.56;;;3.23;11.46;22.6;30.63;9.69;12.92;6.25;3.23;;;19.33;16.05;19.9;19.95;14.65;5.78;3.79;0.55;;17.29;23.57;18.72;18.71;13.13;5.96;1.53;1.09;;;15.46;18.86;12.67;18.55;19.63;4.48;10.36;;;18.86;12.67;27.51;10.66;18.24;10.66;1.39;;;;;;;;;;;;;;;;;;;;;;;;;15.46;18.86;12.67;18.55;19.63;4.48;10.36;;;18.86;12.67;27.51;10.66;18.24;10.66;1.39;;;;
2023;25;Paraíba;2512408;Puxinanã;Total - Federal  Estadual e Municipal;Total;199.1;212.98;239.98;238.87;271;264.82;8.53;10.62;16.45;18.05;15.06;16.75;5.88;5.8;1.72;1.14;1.86;6.63;10.84;20.35;26.83;11.56;12.17;7.44;1.76;;0.57;22.26;16.54;18;18.34;15.15;5.71;3.63;0.37;;18.94;23.48;18.36;18.19;13.02;5.88;1.03;1.1;;;15.25;17.34;19.88;20.44;16.54;4.92;5.14;0.48;;20.27;17.33;23;16.62;12.54;9.28;0.96;;;;;17.88;3.03;20.45;17.73;20.45;17.58;2.88;;;14.85;23.79;23.48;17.42;17.58;;2.88;;;;;15.6;15.44;19.96;20.08;17.07;6.6;4.84;0.42;;19.55;18.19;23.06;16.73;13.21;8.04;1.21;;;;
2023;25;Paraíba;2512408;Puxinanã;Total - Federal  Estadual e Municipal;Urbana;201.2;210.9;235.02;235.31;268.54;262.22;9.74;8.44;13.79;21.08;16.25;16.25;4.52;6.32;1.81;1.81;2.94;8.59;10.48;19.04;24.63;12.64;11.74;8.13;0.91;;0.9;28.35;17.55;14.06;15;16.17;5.57;3.3;;;22.34;23.28;17.63;17.11;12.8;5.73;;1.1;;;15.14;16.56;23.64;21.43;14.94;5.14;2.42;0.73;;21;19.76;20.65;19.73;9.58;8.55;0.73;;;;;17.88;3.03;20.45;17.73;20.45;17.58;2.88;;;14.85;23.79;23.48;17.42;17.58;;2.88;;;;;15.66;13.99;23.04;20.73;15.98;7.5;2.51;0.59;;19.84;20.52;21.19;19.29;11.09;6.93;1.14;;;;
2023;25;Paraíba;2512408;Puxinanã;Total - Federal  Estadual e Municipal;Rural;195.47;216.57;242.37;240.58;275.72;269.81;6.46;14.38;21.04;12.81;13.02;17.6;8.23;4.9;1.56;;;3.23;11.46;22.6;30.63;9.69;12.92;6.25;3.23;;;19.33;16.05;19.9;19.95;14.65;5.78;3.79;0.55;;17.29;23.57;18.72;18.71;13.13;5.96;1.53;1.09;;;15.46;18.86;12.67;18.55;19.63;4.48;10.36;;;18.86;12.67;27.51;10.66;18.24;10.66;1.39;;;;;;;;;;;;;;;;;;;;;;;;;15.46;18.86;12.67;18.55;19.63;4.48;10.36;;;18.86;12.67;27.51;10.66;18.24;10.66;1.39;;;;
2023;25;Paraíba;2512507;Queimadas;Total - Federal  Estadual  Municipal e Privada;Total;250.52;284.09;270.1;273.2;262.08;256.77;0.21;2.77;5.17;6.98;13.22;20.5;17.35;18.06;10.09;5.64;0.2;0.6;2.01;3.31;11.09;9.8;13.56;15.93;16.8;13.22;13.49;7.69;8.38;15.67;21.19;21.29;14.77;7.47;3.54;;6.68;12.34;12.18;20.9;18.43;14.45;7.7;4.64;1.97;0.71;22.78;15.57;21.07;20.33;10.8;7.86;0.89;0.69;;26.74;22;18.9;17.44;9.12;4.34;0.6;0.85;;;;15.18;14.16;17.67;25.36;14.08;10.53;2.42;0.6;;18.31;20.81;22.14;20.58;11.71;4.11;1.2;1.14;;;;20.27;15.11;19.95;21.99;11.89;8.74;1.4;0.66;;23.96;21.61;19.97;18.47;9.97;4.26;0.8;0.95;;;
2023;25;Paraíba;2512507;Queimadas;Total - Federal  Estadual  Municipal e Privada;Urbana;249.35;284;270.4;272.99;259.1;251.79;0.61;2.28;4.57;7.6;13.67;23.27;15.55;15.69;11.48;5.28;;1.15;1.11;3.26;11.41;10.78;11.47;19.72;15.6;13.28;12.23;6.98;8.88;15.37;21.65;22.25;13.48;7.76;3.62;;7.24;12.64;11.62;21.33;18.65;13.23;7.56;4.55;2.27;0.9;23.9;17.38;23.24;18.38;7.83;6.97;1.05;1.25;;30.47;25.74;15.45;15.64;7.99;3.66;;1.05;;;;15.18;14.16;17.67;25.36;14.08;10.53;2.42;0.6;;18.31;20.81;22.14;20.58;11.71;4.11;1.2;1.14;;;;19.8;15.87;20.62;21.66;10.77;8.65;1.69;0.94;;24.76;23.43;18.6;17.97;9.74;3.87;0.56;1.09;;;
2023;25;Paraíba;2512507;Queimadas;Total - Federal  Estadual  Municipal e Privada;Rural;251.15;284.13;269.06;273.99;265.8;262.97;;3.03;5.5;6.64;12.98;19.01;18.32;19.33;9.34;5.84;0.31;0.31;2.5;3.33;10.92;9.27;14.68;13.88;17.44;13.19;14.17;10.21;6.59;16.73;19.53;17.82;19.39;6.44;3.29;;4.64;11.24;14.22;19.36;17.63;18.84;8.2;4.98;0.89;;21.38;13.32;18.36;22.76;14.5;8.96;0.71;;;22.11;17.35;23.19;19.67;10.53;5.19;1.36;0.61;;;;;;;;;;;;;;;;;;;;;;;;21.38;13.32;18.36;22.76;14.5;8.96;0.71;;;22.11;17.35;23.19;19.67;10.53;5.19;1.36;0.61;;;
2023;25;Paraíba;2512507;Queimadas;Estadual;Total;;;263.83;253.42;262.08;256.77;;;;;;;;;;;;;;;;;;;;;;7.24;8.84;17.71;29.24;16.18;17.17;1.24;2.38;;9.85;22.98;12.49;22.39;15.02;16.03;1.24;;;;22.78;15.57;21.07;20.33;10.8;7.86;0.89;0.69;;26.74;22;18.9;17.44;9.12;4.34;0.6;0.85;;;;15.18;14.16;17.67;25.36;14.08;10.53;2.42;0.6;;18.31;20.81;22.14;20.58;11.71;4.11;1.2;1.14;;;;20.27;15.11;19.95;21.99;11.89;8.74;1.4;0.66;;23.96;21.61;19.97;18.47;9.97;4.26;0.8;0.95;;;
2023;25;Paraíba;2512507;Queimadas;Estadual;Urbana;;;263.83;253.42;259.1;251.79;;;;;;;;;;;;;;;;;;;;;;7.24;8.84;17.71;29.24;16.18;17.17;1.24;2.38;0;9.85;22.98;12.49;22.39;15.02;16.03;1.24;0;0;0;23.9;17.38;23.24;18.38;7.83;6.97;1.05;1.25;0;30.47;25.74;15.45;15.64;7.99;3.66;0;1.05;0;0;0;15.18;14.16;17.67;25.36;14.08;10.53;2.42;0.6;0;18.31;20.81;22.14;20.58;11.71;4.11;1.2;1.14;0;0;0;19.8;15.87;20.62;21.66;10.77;8.65;1.69;0.94;0;24.76;23.43;18.6;17.97;9.74;3.87;0.56;1.09;0;0;0
2023;25;Paraíba;2512507;Queimadas;Estadual;Rural;;;;;265.8;262.97;;;;;;;;;;;;;;;;;;;;;;;;;;;;;;;;;;;;;;;;;21.38;13.32;18.36;22.76;14.5;8.96;0.71;0;0;22.11;17.35;23.19;19.67;10.53;5.19;1.36;0.61;0;0;0;;;;;;;;;;;;;;;;;;;;;21.38;13.32;18.36;22.76;14.5;8.96;0.71;0;0;22.11;17.35;23.19;19.67;10.53;5.19;1.36;0.61;0;0;0
2023;25;Paraíba;2512507;Queimadas;Municipal;Total;250.52;284.09;271.16;276.54;;;0.21;2.77;5.17;6.98;13.22;20.5;17.35;18.06;10.09;5.64;0.2;0.6;2.01;3.31;11.09;9.8;13.56;15.93;16.8;13.22;13.49;7.76;8.31;15.33;19.84;22.15;14.36;8.52;3.74;;6.14;10.55;12.13;20.65;19.01;14.18;8.78;5.42;2.3;0.83;;;;;;;;;;;;;;;;;;;;;;;;;;;;;;;;;;;;;;;;;;;;;;;;;;;;;;;;;;;;
2023;25;Paraíba;2512507;Queimadas;Municipal;Urbana;249.35;284;271.88;277.4;;;0.61;2.28;4.57;7.6;13.67;23.27;15.55;15.69;11.48;5.28;0;1.15;1.11;3.26;11.41;10.78;11.47;19.72;15.6;13.28;12.23;6.93;8.89;14.85;19.94;23.63;12.65;9.23;3.89;0;6.66;10.31;11.42;21.09;19.47;12.6;8.98;5.57;2.78;1.11;;;;;;;;;;;;;;;;;;;;;;;;;;;;;;;;;;;;;;;;;;;;;;;;;;;;;;;;;;;;
2023;25;Paraíba;2512507;Queimadas;Municipal;Rural;251.15;284.13;269.06;273.99;;;0;3.03;5.5;6.64;12.98;19.01;18.32;19.33;9.34;5.84;0.31;0.31;2.5;3.33;10.92;9.27;14.68;13.88;17.44;13.19;14.17;10.21;6.59;16.73;19.53;17.82;19.39;6.44;3.29;0;4.64;11.24;14.22;19.36;17.63;18.84;8.2;4.98;0.89;0;;;;;;;;;;;;;;;;;;;;;;;;;;;;;;;;;;;;;;;;;;;;;;;;;;;;;;;;;;;;
2023;25;Paraíba;2512507;Queimadas;Total - Estadual e Municipal;Total;250.52;284.09;270.1;273.2;262.08;256.77;0.21;2.77;5.17;6.98;13.22;20.5;17.35;18.06;10.09;5.64;0.2;0.6;2.01;3.31;11.09;9.8;13.56;15.93;16.8;13.22;13.49;7.69;8.38;15.67;21.19;21.29;14.77;7.47;3.54;;6.68;12.34;12.18;20.9;18.43;14.45;7.7;4.64;1.97;0.71;22.78;15.57;21.07;20.33;10.8;7.86;0.89;0.69;;26.74;22;18.9;17.44;9.12;4.34;0.6;0.85;;;;15.18;14.16;17.67;25.36;14.08;10.53;2.42;0.6;;18.31;20.81;22.14;20.58;11.71;4.11;1.2;1.14;;;;20.27;15.11;19.95;21.99;11.89;8.74;1.4;0.66;;23.96;21.61;19.97;18.47;9.97;4.26;0.8;0.95;;;
2023;25;Paraíba;2512507;Queimadas;Total - Estadual e Municipal;Urbana;249.35;284;270.4;272.99;259.1;251.79;0.61;2.28;4.57;7.6;13.67;23.27;15.55;15.69;11.48;5.28;;1.15;1.11;3.26;11.41;10.78;11.47;19.72;15.6;13.28;12.23;6.98;8.88;15.37;21.65;22.25;13.48;7.76;3.62;;7.24;12.64;11.62;21.33;18.65;13.23;7.56;4.55;2.27;0.9;23.9;17.38;23.24;18.38;7.83;6.97;1.05;1.25;;30.47;25.74;15.45;15.64;7.99;3.66;;1.05;;;;15.18;14.16;17.67;25.36;14.08;10.53;2.42;0.6;;18.31;20.81;22.14;20.58;11.71;4.11;1.2;1.14;;;;19.8;15.87;20.62;21.66;10.77;8.65;1.69;0.94;;24.76;23.43;18.6;17.97;9.74;3.87;0.56;1.09;;;
2023;25;Paraíba;2512507;Queimadas;Total - Estadual e Municipal;Rural;251.15;284.13;269.06;273.99;265.8;262.97;;3.03;5.5;6.64;12.98;19.01;18.32;19.33;9.34;5.84;0.31;0.31;2.5;3.33;10.92;9.27;14.68;13.88;17.44;13.19;14.17;10.21;6.59;16.73;19.53;17.82;19.39;6.44;3.29;;4.64;11.24;14.22;19.36;17.63;18.84;8.2;4.98;0.89;;21.38;13.32;18.36;22.76;14.5;8.96;0.71;;;22.11;17.35;23.19;19.67;10.53;5.19;1.36;0.61;;;;;;;;;;;;;;;;;;;;;;;;21.38;13.32;18.36;22.76;14.5;8.96;0.71;;;22.11;17.35;23.19;19.67;10.53;5.19;1.36;0.61;;;
2023;25;Paraíba;2512507;Queimadas;Total - Federal  Estadual e Municipal;Total;250.52;284.09;270.1;273.2;262.08;256.77;0.21;2.77;5.17;6.98;13.22;20.5;17.35;18.06;10.09;5.64;0.2;0.6;2.01;3.31;11.09;9.8;13.56;15.93;16.8;13.22;13.49;7.69;8.38;15.67;21.19;21.29;14.77;7.47;3.54;;6.68;12.34;12.18;20.9;18.43;14.45;7.7;4.64;1.97;0.71;22.78;15.57;21.07;20.33;10.8;7.86;0.89;0.69;;26.74;22;18.9;17.44;9.12;4.34;0.6;0.85;;;;15.18;14.16;17.67;25.36;14.08;10.53;2.42;0.6;;18.31;20.81;22.14;20.58;11.71;4.11;1.2;1.14;;;;20.27;15.11;19.95;21.99;11.89;8.74;1.4;0.66;;23.96;21.61;19.97;18.47;9.97;4.26;0.8;0.95;;;
2023;25;Paraíba;2512507;Queimadas;Total - Federal  Estadual e Municipal;Urbana;249.35;284;270.4;272.99;259.1;251.79;0.61;2.28;4.57;7.6;13.67;23.27;15.55;15.69;11.48;5.28;;1.15;1.11;3.26;11.41;10.78;11.47;19.72;15.6;13.28;12.23;6.98;8.88;15.37;21.65;22.25;13.48;7.76;3.62;;7.24;12.64;11.62;21.33;18.65;13.23;7.56;4.55;2.27;0.9;23.9;17.38;23.24;18.38;7.83;6.97;1.05;1.25;;30.47;25.74;15.45;15.64;7.99;3.66;;1.05;;;;15.18;14.16;17.67;25.36;14.08;10.53;2.42;0.6;;18.31;20.81;22.14;20.58;11.71;4.11;1.2;1.14;;;;19.8;15.87;20.62;21.66;10.77;8.65;1.69;0.94;;24.76;23.43;18.6;17.97;9.74;3.87;0.56;1.09;;;
2023;25;Paraíba;2512507;Queimadas;Total - Federal  Estadual e Municipal;Rural;251.15;284.13;269.06;273.99;265.8;262.97;;3.03;5.5;6.64;12.98;19.01;18.32;19.33;9.34;5.84;0.31;0.31;2.5;3.33;10.92;9.27;14.68;13.88;17.44;13.19;14.17;10.21;6.59;16.73;19.53;17.82;19.39;6.44;3.29;;4.64;11.24;14.22;19.36;17.63;18.84;8.2;4.98;0.89;;21.38;13.32;18.36;22.76;14.5;8.96;0.71;;;22.11;17.35;23.19;19.67;10.53;5.19;1.36;0.61;;;;;;;;;;;;;;;;;;;;;;;;21.38;13.32;18.36;22.76;14.5;8.96;0.71;;;22.11;17.35;23.19;19.67;10.53;5.19;1.36;0.61;;;
2023;25;Paraíba;2512606;Quixaba;Total - Federal  Estadual  Municipal e Privada;Total;199.93;206.54;239.81;247.81;;;5.56;16.67;11.11;11.11;22.22;22.22;5.56;5.56;;;;22.22;11.11;11.11;11.11;22.22;11.11;11.11;;;;38.76;2.77;13.85;15.08;6.15;11.08;12.31;;;17.85;15.69;21.84;14.46;15.08;6.15;5.54;;3.38;;;;;;;;;;;;;;;;;;;;;;;;;;;;;;;;;;;;;;;;;;;;;;;;;;;;;;;;;;;;;
2023;25;Paraíba;2512606;Quixaba;Total - Federal  Estadual  Municipal e Privada;Urbana;199.93;206.54;239.81;247.81;;;5.56;16.67;11.11;11.11;22.22;22.22;5.56;5.56;;;;22.22;11.11;11.11;11.11;22.22;11.11;11.11;;;;38.76;2.77;13.85;15.08;6.15;11.08;12.31;;;17.85;15.69;21.84;14.46;15.08;6.15;5.54;;3.38;;;;;;;;;;;;;;;;;;;;;;;;;;;;;;;;;;;;;;;;;;;;;;;;;;;;;;;;;;;;;
2023;25;Paraíba;2512606;Quixaba;Municipal;Total;199.93;206.54;239.81;247.81;;;5.56;16.67;11.11;11.11;22.22;22.22;5.56;5.56;;;;22.22;11.11;11.11;11.11;22.22;11.11;11.11;;;;38.76;2.77;13.85;15.08;6.15;11.08;12.31;;;17.85;15.69;21.84;14.46;15.08;6.15;5.54;;3.38;;;;;;;;;;;;;;;;;;;;;;;;;;;;;;;;;;;;;;;;;;;;;;;;;;;;;;;;;;;;;
2023;25;Paraíba;2512606;Quixaba;Municipal;Urbana;199.93;206.54;239.81;247.81;;;5.56;16.67;11.11;11.11;22.22;22.22;5.56;5.56;0;0;0;22.22;11.11;11.11;11.11;22.22;11.11;11.11;0;0;0;38.76;2.77;13.85;15.08;6.15;11.08;12.31;0;0;17.85;15.69;21.84;14.46;15.08;6.15;5.54;0;3.38;0;;;;;;;;;;;;;;;;;;;;;;;;;;;;;;;;;;;;;;;;;;;;;;;;;;;;;;;;;;;;
2023;25;Paraíba;2512606;Quixaba;Total - Estadual e Municipal;Total;199.93;206.54;239.81;247.81;;;5.56;16.67;11.11;11.11;22.22;22.22;5.56;5.56;;;;22.22;11.11;11.11;11.11;22.22;11.11;11.11;;;;38.76;2.77;13.85;15.08;6.15;11.08;12.31;;;17.85;15.69;21.84;14.46;15.08;6.15;5.54;;3.38;;;;;;;;;;;;;;;;;;;;;;;;;;;;;;;;;;;;;;;;;;;;;;;;;;;;;;;;;;;;;
2023;25;Paraíba;2512606;Quixaba;Total - Estadual e Municipal;Urbana;199.93;206.54;239.81;247.81;;;5.56;16.67;11.11;11.11;22.22;22.22;5.56;5.56;;;;22.22;11.11;11.11;11.11;22.22;11.11;11.11;;;;38.76;2.77;13.85;15.08;6.15;11.08;12.31;;;17.85;15.69;21.84;14.46;15.08;6.15;5.54;;3.38;;;;;;;;;;;;;;;;;;;;;;;;;;;;;;;;;;;;;;;;;;;;;;;;;;;;;;;;;;;;;
2023;25;Paraíba;2512606;Quixaba;Total - Federal  Estadual e Municipal;Total;199.93;206.54;239.81;247.81;;;5.56;16.67;11.11;11.11;22.22;22.22;5.56;5.56;;;;22.22;11.11;11.11;11.11;22.22;11.11;11.11;;;;38.76;2.77;13.85;15.08;6.15;11.08;12.31;;;17.85;15.69;21.84;14.46;15.08;6.15;5.54;;3.38;;;;;;;;;;;;;;;;;;;;;;;;;;;;;;;;;;;;;;;;;;;;;;;;;;;;;;;;;;;;;
2023;25;Paraíba;2512606;Quixaba;Total - Federal  Estadual e Municipal;Urbana;199.93;206.54;239.81;247.81;;;5.56;16.67;11.11;11.11;22.22;22.22;5.56;5.56;;;;22.22;11.11;11.11;11.11;22.22;11.11;11.11;;;;38.76;2.77;13.85;15.08;6.15;11.08;12.31;;;17.85;15.69;21.84;14.46;15.08;6.15;5.54;;3.38;;;;;;;;;;;;;;;;;;;;;;;;;;;;;;;;;;;;;;;;;;;;;;;;;;;;;;;;;;;;;
2023;25;Paraíba;2512705;Remígio;Total - Federal  Estadual  Municipal e Privada;Total;184.94;193.55;234.42;233.63;265.75;256.88;7.26;20.67;18.12;18.55;15.86;7.03;9.34;2.66;;0.52;6.37;12.51;17.11;24.24;15.3;11.94;8.42;3.04;1.06;;;26.58;17.09;16.5;19.43;12.64;5.56;2.2;;;24.79;17.7;24.51;14.61;9.45;7.18;0.37;1.06;0.33;;21.16;11.96;17.55;28.13;13;6.98;1.22;;;25.68;23.15;17.62;21.71;5.74;4.82;1.29;;;;;20;26.67;13.33;23.33;10;6.67;;;;36.67;26.67;16.67;16.67;3.33;;;;;;;20.96;14.47;16.83;27.31;12.49;6.93;1.01;;;27.55;23.75;17.46;20.85;5.33;3.99;1.07;;;;
2023;25;Paraíba;2512705;Remígio;Total - Federal  Estadual  Municipal e Privada;Urbana;188.61;196;234.31;234.04;265.75;256.88;5.92;19.94;16.87;18.75;16.76;8.27;9.74;3.13;;0.61;6.84;9.56;16.93;25.38;14.34;13.46;9.32;3.58;0.59;;;26.76;17.17;16.16;19.24;12.9;5.85;1.92;;;24.48;17.42;25.77;14.17;9.15;7.15;0.38;1.12;0.35;;21.16;11.96;17.55;28.13;13;6.98;1.22;;;25.68;23.15;17.62;21.71;5.74;4.82;1.29;;;;;20;26.67;13.33;23.33;10;6.67;;;;36.67;26.67;16.67;16.67;3.33;;;;;;;20.96;14.47;16.83;27.31;12.49;6.93;1.01;;;27.55;23.75;17.46;20.85;5.33;3.99;1.07;;;;
2023;25;Paraíba;2512705;Remígio;Total - Federal  Estadual  Municipal e Privada;Rural;164.2;179.67;236.59;225.78;;;14.81;24.81;25.19;17.41;10.74;;7.04;;;;3.7;29.26;18.15;17.78;20.74;3.33;3.33;;3.7;;;23.08;15.38;23.08;23.08;7.69;;7.69;;;30.77;23.08;;23.08;15.38;7.69;;;;;;;;;;;;;;;;;;;;;;;;;;;;;;;;;;;;;;;;;;;;;;;;;;;;;;;;;;;;;;;;
2023;25;Paraíba;2512705;Remígio;Estadual;Total;;;257.42;246.3;265.75;256.88;;;;;;;;;;;;;;;;;;;;;;17.57;8.11;16.22;16.21;20.27;14.87;6.75;;;20.27;14.86;16.21;14.86;17.57;12.17;1.35;2.7;;;21.16;11.96;17.55;28.13;13;6.98;1.22;;;25.68;23.15;17.62;21.71;5.74;4.82;1.29;;;;;20;26.67;13.33;23.33;10;6.67;;;;36.67;26.67;16.67;16.67;3.33;;;;;;;20.96;14.47;16.83;27.31;12.49;6.93;1.01;;;27.55;23.75;17.46;20.85;5.33;3.99;1.07;;;;
2023;25;Paraíba;2512705;Remígio;Estadual;Urbana;;;257.42;246.3;265.75;256.88;;;;;;;;;;;;;;;;;;;;;;17.57;8.11;16.22;16.21;20.27;14.87;6.75;0;0;20.27;14.86;16.21;14.86;17.57;12.17;1.35;2.7;0;0;21.16;11.96;17.55;28.13;13;6.98;1.22;0;0;25.68;23.15;17.62;21.71;5.74;4.82;1.29;0;0;0;0;20;26.67;13.33;23.33;10;6.67;0;0;0;36.67;26.67;16.67;16.67;3.33;0;0;0;0;0;0;20.96;14.47;16.83;27.31;12.49;6.93;1.01;0;0;27.55;23.75;17.46;20.85;5.33;3.99;1.07;0;0;0;0
2023;25;Paraíba;2512705;Remígio;Municipal;Total;184.94;193.55;225.88;228.93;;;7.26;20.67;18.12;18.55;15.86;7.03;9.34;2.66;;0.52;6.37;12.51;17.11;24.24;15.3;11.94;8.42;3.04;1.06;;;29.92;20.42;16.61;20.62;9.81;2.11;0.52;;;26.47;18.75;27.59;14.51;6.44;5.32;;0.45;0.45;;;;;;;;;;;;;;;;;;;;;;;;;;;;;;;;;;;;;;;;;;;;;;;;;;;;;;;;;;;;;
2023;25;Paraíba;2512705;Remígio;Municipal;Urbana;188.61;196;225.11;229.16;;;5.92;19.94;16.87;18.75;16.76;8.27;9.74;3.13;0;0.61;6.84;9.56;16.93;25.38;14.34;13.46;9.32;3.58;0.59;0;0;30.41;20.78;16.14;20.44;9.97;2.26;0;0;0;26.16;18.44;29.57;13.9;5.8;5.15;0;0.49;0.49;0;;;;;;;;;;;;;;;;;;;;;;;;;;;;;;;;;;;;;;;;;;;;;;;;;;;;;;;;;;;;
2023;25;Paraíba;2512705;Remígio;Municipal;Rural;164.2;179.67;236.59;225.78;;;14.81;24.81;25.19;17.41;10.74;0;7.04;0;0;0;3.7;29.26;18.15;17.78;20.74;3.33;3.33;0;3.7;0;0;23.08;15.38;23.08;23.08;7.69;0;7.69;0;0;30.77;23.08;0;23.08;15.38;7.69;0;0;0;0;;;;;;;;;;;;;;;;;;;;;;;;;;;;;;;;;;;;;;;;;;;;;;;;;;;;;;;;;;;;
2023;25;Paraíba;2512705;Remígio;Total - Estadual e Municipal;Total;184.94;193.55;234.42;233.63;265.75;256.88;7.26;20.67;18.12;18.55;15.86;7.03;9.34;2.66;;0.52;6.37;12.51;17.11;24.24;15.3;11.94;8.42;3.04;1.06;;;26.58;17.09;16.5;19.43;12.64;5.56;2.2;;;24.79;17.7;24.51;14.61;9.45;7.18;0.37;1.06;0.33;;21.16;11.96;17.55;28.13;13;6.98;1.22;;;25.68;23.15;17.62;21.71;5.74;4.82;1.29;;;;;20;26.67;13.33;23.33;10;6.67;;;;36.67;26.67;16.67;16.67;3.33;;;;;;;20.96;14.47;16.83;27.31;12.49;6.93;1.01;;;27.55;23.75;17.46;20.85;5.33;3.99;1.07;;;;
2023;25;Paraíba;2512705;Remígio;Total - Estadual e Municipal;Urbana;188.61;196;234.31;234.04;265.75;256.88;5.92;19.94;16.87;18.75;16.76;8.27;9.74;3.13;;0.61;6.84;9.56;16.93;25.38;14.34;13.46;9.32;3.58;0.59;;;26.76;17.17;16.16;19.24;12.9;5.85;1.92;;;24.48;17.42;25.77;14.17;9.15;7.15;0.38;1.12;0.35;;21.16;11.96;17.55;28.13;13;6.98;1.22;;;25.68;23.15;17.62;21.71;5.74;4.82;1.29;;;;;20;26.67;13.33;23.33;10;6.67;;;;36.67;26.67;16.67;16.67;3.33;;;;;;;20.96;14.47;16.83;27.31;12.49;6.93;1.01;;;27.55;23.75;17.46;20.85;5.33;3.99;1.07;;;;
2023;25;Paraíba;2512705;Remígio;Total - Estadual e Municipal;Rural;164.2;179.67;236.59;225.78;;;14.81;24.81;25.19;17.41;10.74;;7.04;;;;3.7;29.26;18.15;17.78;20.74;3.33;3.33;;3.7;;;23.08;15.38;23.08;23.08;7.69;;7.69;;;30.77;23.08;;23.08;15.38;7.69;;;;;;;;;;;;;;;;;;;;;;;;;;;;;;;;;;;;;;;;;;;;;;;;;;;;;;;;;;;;;;;;
2023;25;Paraíba;2512705;Remígio;Total - Federal  Estadual e Municipal;Total;184.94;193.55;234.42;233.63;265.75;256.88;7.26;20.67;18.12;18.55;15.86;7.03;9.34;2.66;;0.52;6.37;12.51;17.11;24.24;15.3;11.94;8.42;3.04;1.06;;;26.58;17.09;16.5;19.43;12.64;5.56;2.2;;;24.79;17.7;24.51;14.61;9.45;7.18;0.37;1.06;0.33;;21.16;11.96;17.55;28.13;13;6.98;1.22;;;25.68;23.15;17.62;21.71;5.74;4.82;1.29;;;;;20;26.67;13.33;23.33;10;6.67;;;;36.67;26.67;16.67;16.67;3.33;;;;;;;20.96;14.47;16.83;27.31;12.49;6.93;1.01;;;27.55;23.75;17.46;20.85;5.33;3.99;1.07;;;;
2023;25;Paraíba;2512705;Remígio;Total - Federal  Estadual e Municipal;Urbana;188.61;196;234.31;234.04;265.75;256.88;5.92;19.94;16.87;18.75;16.76;8.27;9.74;3.13;;0.61;6.84;9.56;16.93;25.38;14.34;13.46;9.32;3.58;0.59;;;26.76;17.17;16.16;19.24;12.9;5.85;1.92;;;24.48;17.42;25.77;14.17;9.15;7.15;0.38;1.12;0.35;;21.16;11.96;17.55;28.13;13;6.98;1.22;;;25.68;23.15;17.62;21.71;5.74;4.82;1.29;;;;;20;26.67;13.33;23.33;10;6.67;;;;36.67;26.67;16.67;16.67;3.33;;;;;;;20.96;14.47;16.83;27.31;12.49;6.93;1.01;;;27.55;23.75;17.46;20.85;5.33;3.99;1.07;;;;
2023;25;Paraíba;2512705;Remígio;Total - Federal  Estadual e Municipal;Rural;164.2;179.67;236.59;225.78;;;14.81;24.81;25.19;17.41;10.74;;7.04;;;;3.7;29.26;18.15;17.78;20.74;3.33;3.33;;3.7;;;23.08;15.38;23.08;23.08;7.69;;7.69;;;30.77;23.08;;23.08;15.38;7.69;;;;;;;;;;;;;;;;;;;;;;;;;;;;;;;;;;;;;;;;;;;;;;;;;;;;;;;;;;;;;;;;
2023;25;Paraíba;2512721;Pedro Régis;Total - Federal  Estadual  Municipal e Privada;Total;160.37;174.55;252.24;241.25;285.08;264.5;14.16;35.29;21.35;13.07;10.24;3.92;;1.96;;;5.88;17.86;27.67;23.31;18.52;6.75;;;;;;19.19;14.87;16.97;7.45;21.3;12.3;3.8;4.11;;22.11;17.91;12.8;21.24;16.85;6.56;2.52;;;;12.12;9.09;21.21;12.12;27.27;3.03;15.15;;;18.18;21.21;21.21;18.18;12.12;6.06;3.03;;;;;;;;;;;;;;;;;;;;;;;;;12.12;9.09;21.21;12.12;27.27;3.03;15.15;;;18.18;21.21;21.21;18.18;12.12;6.06;3.03;;;;
2023;25;Paraíba;2512721;Pedro Régis;Total - Federal  Estadual  Municipal e Privada;Urbana;166.11;175.05;269.31;249.33;285.08;264.5;20.69;24.14;20.69;10.34;13.79;6.9;;3.45;;;10.34;10.34;27.59;24.14;24.14;3.45;;;;;;13.19;4.56;19.3;8.15;24.35;17.75;6.11;6.6;;21.82;9.12;12.71;24.35;21.34;8.63;2.04;;;;12.12;9.09;21.21;12.12;27.27;3.03;15.15;;;18.18;21.21;21.21;18.18;12.12;6.06;3.03;;;;;;;;;;;;;;;;;;;;;;;;;12.12;9.09;21.21;12.12;27.27;3.03;15.15;;;18.18;21.21;21.21;18.18;12.12;6.06;3.03;;;;
2023;25;Paraíba;2512721;Pedro Régis;Total - Federal  Estadual  Municipal e Privada;Rural;152.81;173.89;224.09;227.91;;;5.56;50;22.22;16.67;5.56;;;;;;;27.78;27.78;22.22;11.11;11.11;;;;;;29.07;31.88;13.13;6.31;16.29;3.33;;;;22.59;32.4;12.96;16.11;9.46;3.15;3.33;;;;;;;;;;;;;;;;;;;;;;;;;;;;;;;;;;;;;;;;;;;;;;;;;;;;;;;;;;;;;;;
2023;25;Paraíba;2512721;Pedro Régis;Estadual;Total;;;;;285.08;264.5;;;;;;;;;;;;;;;;;;;;;;;;;;;;;;;;;;;;;;;;;12.12;9.09;21.21;12.12;27.27;3.03;15.15;;;18.18;21.21;21.21;18.18;12.12;6.06;3.03;;;;;;;;;;;;;;;;;;;;;;;;;12.12;9.09;21.21;12.12;27.27;3.03;15.15;;;18.18;21.21;21.21;18.18;12.12;6.06;3.03;;;;
2023;25;Paraíba;2512721;Pedro Régis;Estadual;Urbana;;;;;285.08;264.5;;;;;;;;;;;;;;;;;;;;;;;;;;;;;;;;;;;;;;;;;12.12;9.09;21.21;12.12;27.27;3.03;15.15;0;0;18.18;21.21;21.21;18.18;12.12;6.06;3.03;0;0;0;0;;;;;;;;;;;;;;;;;;;;;12.12;9.09;21.21;12.12;27.27;3.03;15.15;0;0;18.18;21.21;21.21;18.18;12.12;6.06;3.03;0;0;0;0
2023;25;Paraíba;2512721;Pedro Régis;Municipal;Total;160.37;174.55;247.51;240.5;;;14.16;35.29;21.35;13.07;10.24;3.92;;1.96;;;5.88;17.86;27.67;23.31;18.52;6.75;;;;;;20.16;16.71;17.38;9.36;18.88;9.54;4.78;3.19;;21.87;18.55;14.11;18.79;17.23;6.27;3.17;;;;;;;;;;;;;;;;;;;;;;;;;;;;;;;;;;;;;;;;;;;;;;;;;;;;;;;;;;;;;;;
2023;25;Paraíba;2512721;Pedro Régis;Municipal;Urbana;166.11;175.05;268.64;251.86;;;20.69;24.14;20.69;10.34;13.79;6.9;0;3.45;0;0;10.34;10.34;27.59;24.14;24.14;3.45;0;0;0;0;0;12.12;3.03;21.21;12.12;21.21;15.15;9.09;6.06;0;21.21;6.06;15.15;21.21;24.24;9.09;3.03;0;0;0;;;;;;;;;;;;;;;;;;;;;;;;;;;;;;;;;;;;;;;;;;;;;;;;;;;;;;;;;;;;
2023;25;Paraíba;2512721;Pedro Régis;Municipal;Rural;152.81;173.89;224.09;227.91;;;5.56;50;22.22;16.67;5.56;0;0;0;0;0;0;27.78;27.78;22.22;11.11;11.11;0;0;0;0;0;29.07;31.88;13.13;6.31;16.29;3.33;0;0;0;22.59;32.4;12.96;16.11;9.46;3.15;3.33;0;0;0;;;;;;;;;;;;;;;;;;;;;;;;;;;;;;;;;;;;;;;;;;;;;;;;;;;;;;;;;;;;
2023;25;Paraíba;2512721;Pedro Régis;Total - Estadual e Municipal;Total;160.37;174.55;252.24;241.25;285.08;264.5;14.16;35.29;21.35;13.07;10.24;3.92;;1.96;;;5.88;17.86;27.67;23.31;18.52;6.75;;;;;;19.19;14.87;16.97;7.45;21.3;12.3;3.8;4.11;;22.11;17.91;12.8;21.24;16.85;6.56;2.52;;;;12.12;9.09;21.21;12.12;27.27;3.03;15.15;;;18.18;21.21;21.21;18.18;12.12;6.06;3.03;;;;;;;;;;;;;;;;;;;;;;;;;12.12;9.09;21.21;12.12;27.27;3.03;15.15;;;18.18;21.21;21.21;18.18;12.12;6.06;3.03;;;;
2023;25;Paraíba;2512721;Pedro Régis;Total - Estadual e Municipal;Urbana;166.11;175.05;269.31;249.33;285.08;264.5;20.69;24.14;20.69;10.34;13.79;6.9;;3.45;;;10.34;10.34;27.59;24.14;24.14;3.45;;;;;;13.19;4.56;19.3;8.15;24.35;17.75;6.11;6.6;;21.82;9.12;12.71;24.35;21.34;8.63;2.04;;;;12.12;9.09;21.21;12.12;27.27;3.03;15.15;;;18.18;21.21;21.21;18.18;12.12;6.06;3.03;;;;;;;;;;;;;;;;;;;;;;;;;12.12;9.09;21.21;12.12;27.27;3.03;15.15;;;18.18;21.21;21.21;18.18;12.12;6.06;3.03;;;;
2023;25;Paraíba;2512721;Pedro Régis;Total - Estadual e Municipal;Rural;152.81;173.89;224.09;227.91;;;5.56;50;22.22;16.67;5.56;;;;;;;27.78;27.78;22.22;11.11;11.11;;;;;;29.07;31.88;13.13;6.31;16.29;3.33;;;;22.59;32.4;12.96;16.11;9.46;3.15;3.33;;;;;;;;;;;;;;;;;;;;;;;;;;;;;;;;;;;;;;;;;;;;;;;;;;;;;;;;;;;;;;;
2023;25;Paraíba;2512721;Pedro Régis;Total - Federal  Estadual e Municipal;Total;160.37;174.55;252.24;241.25;285.08;264.5;14.16;35.29;21.35;13.07;10.24;3.92;;1.96;;;5.88;17.86;27.67;23.31;18.52;6.75;;;;;;19.19;14.87;16.97;7.45;21.3;12.3;3.8;4.11;;22.11;17.91;12.8;21.24;16.85;6.56;2.52;;;;12.12;9.09;21.21;12.12;27.27;3.03;15.15;;;18.18;21.21;21.21;18.18;12.12;6.06;3.03;;;;;;;;;;;;;;;;;;;;;;;;;12.12;9.09;21.21;12.12;27.27;3.03;15.15;;;18.18;21.21;21.21;18.18;12.12;6.06;3.03;;;;
2023;25;Paraíba;2512721;Pedro Régis;Total - Federal  Estadual e Municipal;Urbana;166.11;175.05;269.31;249.33;285.08;264.5;20.69;24.14;20.69;10.34;13.79;6.9;;3.45;;;10.34;10.34;27.59;24.14;24.14;3.45;;;;;;13.19;4.56;19.3;8.15;24.35;17.75;6.11;6.6;;21.82;9.12;12.71;24.35;21.34;8.63;2.04;;;;12.12;9.09;21.21;12.12;27.27;3.03;15.15;;;18.18;21.21;21.21;18.18;12.12;6.06;3.03;;;;;;;;;;;;;;;;;;;;;;;;;12.12;9.09;21.21;12.12;27.27;3.03;15.15;;;18.18;21.21;21.21;18.18;12.12;6.06;3.03;;;;
2023;25;Paraíba;2512721;Pedro Régis;Total - Federal  Estadual e Municipal;Rural;152.81;173.89;224.09;227.91;;;5.56;50;22.22;16.67;5.56;;;;;;;27.78;27.78;22.22;11.11;11.11;;;;;;29.07;31.88;13.13;6.31;16.29;3.33;;;;22.59;32.4;12.96;16.11;9.46;3.15;3.33;;;;;;;;;;;;;;;;;;;;;;;;;;;;;;;;;;;;;;;;;;;;;;;;;;;;;;;;;;;;;;;
2023;25;Paraíba;2512747;Riachão;Total - Federal  Estadual  Municipal e Privada;Total;217.54;248.87;255.05;250.45;265.6;244.35;;8.7;21.74;13.04;4.35;26.09;8.7;8.7;8.7;;4.35;;;8.7;21.74;21.74;8.7;26.09;;4.35;4.35;10.34;13.79;24.14;24.14;13.79;10.34;;3.45;;10.34;17.24;27.59;20.69;6.9;10.34;6.9;;;;11.76;35.29;17.65;;29.41;;5.88;;;23.53;35.29;17.65;23.53;;;;;;;;;;;;;;;;;;;;;;;;;;;;11.76;35.29;17.65;;29.41;;5.88;;;23.53;35.29;17.65;23.53;;;;;;;
2023;25;Paraíba;2512747;Riachão;Total - Federal  Estadual  Municipal e Privada;Urbana;217.54;248.87;255.05;250.45;265.6;244.35;;8.7;21.74;13.04;4.35;26.09;8.7;8.7;8.7;;4.35;;;8.7;21.74;21.74;8.7;26.09;;4.35;4.35;10.34;13.79;24.14;24.14;13.79;10.34;;3.45;;10.34;17.24;27.59;20.69;6.9;10.34;6.9;;;;11.76;35.29;17.65;;29.41;;5.88;;;23.53;35.29;17.65;23.53;;;;;;;;;;;;;;;;;;;;;;;;;;;;11.76;35.29;17.65;;29.41;;5.88;;;23.53;35.29;17.65;23.53;;;;;;;
2023;25;Paraíba;2512747;Riachão;Estadual;Total;;;;;265.6;244.35;;;;;;;;;;;;;;;;;;;;;;;;;;;;;;;;;;;;;;;;;11.76;35.29;17.65;;29.41;;5.88;;;23.53;35.29;17.65;23.53;;;;;;;;;;;;;;;;;;;;;;;;;;;;11.76;35.29;17.65;;29.41;;5.88;;;23.53;35.29;17.65;23.53;;;;;;;
2023;25;Paraíba;2512747;Riachão;Estadual;Urbana;;;;;265.6;244.35;;;;;;;;;;;;;;;;;;;;;;;;;;;;;;;;;;;;;;;;;11.76;35.29;17.65;0;29.41;0;5.88;0;0;23.53;35.29;17.65;23.53;0;0;0;0;0;0;0;;;;;;;;;;;;;;;;;;;;;11.76;35.29;17.65;0;29.41;0;5.88;0;0;23.53;35.29;17.65;23.53;0;0;0;0;0;0;0
2023;25;Paraíba;2512747;Riachão;Municipal;Total;217.54;248.87;255.05;250.45;;;;8.7;21.74;13.04;4.35;26.09;8.7;8.7;8.7;;4.35;;;8.7;21.74;21.74;8.7;26.09;;4.35;4.35;10.34;13.79;24.14;24.14;13.79;10.34;;3.45;;10.34;17.24;27.59;20.69;6.9;10.34;6.9;;;;;;;;;;;;;;;;;;;;;;;;;;;;;;;;;;;;;;;;;;;;;;;;;;;;;;;;;;;;;;;
2023;25;Paraíba;2512747;Riachão;Municipal;Urbana;217.54;248.87;255.05;250.45;;;0;8.7;21.74;13.04;4.35;26.09;8.7;8.7;8.7;0;4.35;0;0;8.7;21.74;21.74;8.7;26.09;0;4.35;4.35;10.34;13.79;24.14;24.14;13.79;10.34;0;3.45;0;10.34;17.24;27.59;20.69;6.9;10.34;6.9;0;0;0;;;;;;;;;;;;;;;;;;;;;;;;;;;;;;;;;;;;;;;;;;;;;;;;;;;;;;;;;;;;
2023;25;Paraíba;2512747;Riachão;Total - Estadual e Municipal;Total;217.54;248.87;255.05;250.45;265.6;244.35;;8.7;21.74;13.04;4.35;26.09;8.7;8.7;8.7;;4.35;;;8.7;21.74;21.74;8.7;26.09;;4.35;4.35;10.34;13.79;24.14;24.14;13.79;10.34;;3.45;;10.34;17.24;27.59;20.69;6.9;10.34;6.9;;;;11.76;35.29;17.65;;29.41;;5.88;;;23.53;35.29;17.65;23.53;;;;;;;;;;;;;;;;;;;;;;;;;;;;11.76;35.29;17.65;;29.41;;5.88;;;23.53;35.29;17.65;23.53;;;;;;;
2023;25;Paraíba;2512747;Riachão;Total - Estadual e Municipal;Urbana;217.54;248.87;255.05;250.45;265.6;244.35;;8.7;21.74;13.04;4.35;26.09;8.7;8.7;8.7;;4.35;;;8.7;21.74;21.74;8.7;26.09;;4.35;4.35;10.34;13.79;24.14;24.14;13.79;10.34;;3.45;;10.34;17.24;27.59;20.69;6.9;10.34;6.9;;;;11.76;35.29;17.65;;29.41;;5.88;;;23.53;35.29;17.65;23.53;;;;;;;;;;;;;;;;;;;;;;;;;;;;11.76;35.29;17.65;;29.41;;5.88;;;23.53;35.29;17.65;23.53;;;;;;;
2023;25;Paraíba;2512747;Riachão;Total - Federal  Estadual e Municipal;Total;217.54;248.87;255.05;250.45;265.6;244.35;;8.7;21.74;13.04;4.35;26.09;8.7;8.7;8.7;;4.35;;;8.7;21.74;21.74;8.7;26.09;;4.35;4.35;10.34;13.79;24.14;24.14;13.79;10.34;;3.45;;10.34;17.24;27.59;20.69;6.9;10.34;6.9;;;;11.76;35.29;17.65;;29.41;;5.88;;;23.53;35.29;17.65;23.53;;;;;;;;;;;;;;;;;;;;;;;;;;;;11.76;35.29;17.65;;29.41;;5.88;;;23.53;35.29;17.65;23.53;;;;;;;
2023;25;Paraíba;2512747;Riachão;Total - Federal  Estadual e Municipal;Urbana;217.54;248.87;255.05;250.45;265.6;244.35;;8.7;21.74;13.04;4.35;26.09;8.7;8.7;8.7;;4.35;;;8.7;21.74;21.74;8.7;26.09;;4.35;4.35;10.34;13.79;24.14;24.14;13.79;10.34;;3.45;;10.34;17.24;27.59;20.69;6.9;10.34;6.9;;;;11.76;35.29;17.65;;29.41;;5.88;;;23.53;35.29;17.65;23.53;;;;;;;;;;;;;;;;;;;;;;;;;;;;11.76;35.29;17.65;;29.41;;5.88;;;23.53;35.29;17.65;23.53;;;;;;;
2023;25;Paraíba;2512754;Riachão do Bacamarte;Total - Federal  Estadual  Municipal e Privada;Total;152.62;181.06;230.52;221.37;251.87;253.66;19.52;36.19;21.43;11.43;11.43;;;;;;3.33;18.1;21.43;29.05;21.43;3.33;;3.33;;;;28.21;13.7;28.53;14.57;10.4;1.27;3.32;;;31.2;28.2;15.73;10.78;11.19;2.91;;;;;34.7;8.59;18.37;28.15;7.75;2.45;;;;23.67;34.29;15.92;13.48;2.45;10.2;;;;;;;;;;;;;;;;;;;;;;;;;;34.7;8.59;18.37;28.15;7.75;2.45;;;;23.67;34.29;15.92;13.48;2.45;10.2;;;;;
2023;25;Paraíba;2512754;Riachão do Bacamarte;Total - Federal  Estadual  Municipal e Privada;Urbana;152.62;181.06;227.36;224.29;251.87;253.66;19.52;36.19;21.43;11.43;11.43;;;;;;3.33;18.1;21.43;29.05;21.43;3.33;;3.33;;;;30.48;13.04;32.56;10.85;8.69;;4.38;;;26.08;30.46;17.38;10.85;13.06;2.17;;;;;34.7;8.59;18.37;28.15;7.75;2.45;;;;23.67;34.29;15.92;13.48;2.45;10.2;;;;;;;;;;;;;;;;;;;;;;;;;;34.7;8.59;18.37;28.15;7.75;2.45;;;;23.67;34.29;15.92;13.48;2.45;10.2;;;;;
2023;25;Paraíba;2512754;Riachão do Bacamarte;Total - Federal  Estadual  Municipal e Privada;Rural;;;240.51;212.16;;;;;;;;;;;;;;;;;;;;;;;;21.05;15.79;15.79;26.32;15.79;5.26;;;;47.37;21.05;10.53;10.53;5.26;5.26;;;;;;;;;;;;;;;;;;;;;;;;;;;;;;;;;;;;;;;;;;;;;;;;;;;;;;;;;;;;;;;;
2023;25;Paraíba;2512754;Riachão do Bacamarte;Estadual;Total;;;;;251.87;253.66;;;;;;;;;;;;;;;;;;;;;;;;;;;;;;;;;;;;;;;;;34.7;8.59;18.37;28.15;7.75;2.45;;;;23.67;34.29;15.92;13.48;2.45;10.2;;;;;;;;;;;;;;;;;;;;;;;;;;34.7;8.59;18.37;28.15;7.75;2.45;;;;23.67;34.29;15.92;13.48;2.45;10.2;;;;;
2023;25;Paraíba;2512754;Riachão do Bacamarte;Estadual;Urbana;;;;;251.87;253.66;;;;;;;;;;;;;;;;;;;;;;;;;;;;;;;;;;;;;;;;;34.7;8.59;18.37;28.15;7.75;2.45;0;0;0;23.67;34.29;15.92;13.48;2.45;10.2;0;0;0;0;0;;;;;;;;;;;;;;;;;;;;;34.7;8.59;18.37;28.15;7.75;2.45;0;0;0;23.67;34.29;15.92;13.48;2.45;10.2;0;0;0;0;0
2023;25;Paraíba;2512754;Riachão do Bacamarte;Municipal;Total;152.62;181.06;230.52;221.37;;;19.52;36.19;21.43;11.43;11.43;;;;;;3.33;18.1;21.43;29.05;21.43;3.33;;3.33;;;;28.21;13.7;28.53;14.57;10.4;1.27;3.32;;;31.2;28.2;15.73;10.78;11.19;2.91;;;;;;;;;;;;;;;;;;;;;;;;;;;;;;;;;;;;;;;;;;;;;;;;;;;;;;;;;;;;;;;;
2023;25;Paraíba;2512754;Riachão do Bacamarte;Municipal;Urbana;152.62;181.06;227.36;224.29;;;19.52;36.19;21.43;11.43;11.43;0;0;0;0;0;3.33;18.1;21.43;29.05;21.43;3.33;0;3.33;0;0;0;30.48;13.04;32.56;10.85;8.69;0;4.38;0;0;26.08;30.46;17.38;10.85;13.06;2.17;0;0;0;0;;;;;;;;;;;;;;;;;;;;;;;;;;;;;;;;;;;;;;;;;;;;;;;;;;;;;;;;;;;;
2023;25;Paraíba;2512754;Riachão do Bacamarte;Municipal;Rural;;;240.51;212.16;;;;;;;;;;;;;;;;;;;;;;;;21.05;15.79;15.79;26.32;15.79;5.26;0;0;0;47.37;21.05;10.53;10.53;5.26;5.26;0;0;0;0;;;;;;;;;;;;;;;;;;;;;;;;;;;;;;;;;;;;;;;;;;;;;;;;;;;;;;;;;;;;
2023;25;Paraíba;2512754;Riachão do Bacamarte;Total - Estadual e Municipal;Total;152.62;181.06;230.52;221.37;251.87;253.66;19.52;36.19;21.43;11.43;11.43;;;;;;3.33;18.1;21.43;29.05;21.43;3.33;;3.33;;;;28.21;13.7;28.53;14.57;10.4;1.27;3.32;;;31.2;28.2;15.73;10.78;11.19;2.91;;;;;34.7;8.59;18.37;28.15;7.75;2.45;;;;23.67;34.29;15.92;13.48;2.45;10.2;;;;;;;;;;;;;;;;;;;;;;;;;;34.7;8.59;18.37;28.15;7.75;2.45;;;;23.67;34.29;15.92;13.48;2.45;10.2;;;;;
2023;25;Paraíba;2512754;Riachão do Bacamarte;Total - Estadual e Municipal;Urbana;152.62;181.06;227.36;224.29;251.87;253.66;19.52;36.19;21.43;11.43;11.43;;;;;;3.33;18.1;21.43;29.05;21.43;3.33;;3.33;;;;30.48;13.04;32.56;10.85;8.69;;4.38;;;26.08;30.46;17.38;10.85;13.06;2.17;;;;;34.7;8.59;18.37;28.15;7.75;2.45;;;;23.67;34.29;15.92;13.48;2.45;10.2;;;;;;;;;;;;;;;;;;;;;;;;;;34.7;8.59;18.37;28.15;7.75;2.45;;;;23.67;34.29;15.92;13.48;2.45;10.2;;;;;
2023;25;Paraíba;2512754;Riachão do Bacamarte;Total - Estadual e Municipal;Rural;;;240.51;212.16;;;;;;;;;;;;;;;;;;;;;;;;21.05;15.79;15.79;26.32;15.79;5.26;;;;47.37;21.05;10.53;10.53;5.26;5.26;;;;;;;;;;;;;;;;;;;;;;;;;;;;;;;;;;;;;;;;;;;;;;;;;;;;;;;;;;;;;;;;
2023;25;Paraíba;2512754;Riachão do Bacamarte;Total - Federal  Estadual e Municipal;Total;152.62;181.06;230.52;221.37;251.87;253.66;19.52;36.19;21.43;11.43;11.43;;;;;;3.33;18.1;21.43;29.05;21.43;3.33;;3.33;;;;28.21;13.7;28.53;14.57;10.4;1.27;3.32;;;31.2;28.2;15.73;10.78;11.19;2.91;;;;;34.7;8.59;18.37;28.15;7.75;2.45;;;;23.67;34.29;15.92;13.48;2.45;10.2;;;;;;;;;;;;;;;;;;;;;;;;;;34.7;8.59;18.37;28.15;7.75;2.45;;;;23.67;34.29;15.92;13.48;2.45;10.2;;;;;
2023;25;Paraíba;2512754;Riachão do Bacamarte;Total - Federal  Estadual e Municipal;Urbana;152.62;181.06;227.36;224.29;251.87;253.66;19.52;36.19;21.43;11.43;11.43;;;;;;3.33;18.1;21.43;29.05;21.43;3.33;;3.33;;;;30.48;13.04;32.56;10.85;8.69;;4.38;;;26.08;30.46;17.38;10.85;13.06;2.17;;;;;34.7;8.59;18.37;28.15;7.75;2.45;;;;23.67;34.29;15.92;13.48;2.45;10.2;;;;;;;;;;;;;;;;;;;;;;;;;;34.7;8.59;18.37;28.15;7.75;2.45;;;;23.67;34.29;15.92;13.48;2.45;10.2;;;;;
2023;25;Paraíba;2512754;Riachão do Bacamarte;Total - Federal  Estadual e Municipal;Rural;;;240.51;212.16;;;;;;;;;;;;;;;;;;;;;;;;21.05;15.79;15.79;26.32;15.79;5.26;;;;47.37;21.05;10.53;10.53;5.26;5.26;;;;;;;;;;;;;;;;;;;;;;;;;;;;;;;;;;;;;;;;;;;;;;;;;;;;;;;;;;;;;;;;
2023;25;Paraíba;2512762;Riachão do Poço;Total - Federal  Estadual  Municipal e Privada;Total;173.58;186.55;221.06;212.93;257.07;264.19;14.22;19.2;18.67;20.71;11.47;13.51;2.22;;;;7.2;16.62;13.87;27.91;18.49;6.67;9.24;;;;;35.61;25.58;12.5;16.28;5.76;4.28;;;;37.83;25.08;18.83;9.87;7.07;;1.32;;;;35.19;15.93;12.09;17.23;10.28;4.63;4.63;;;16.44;23.39;26.21;21.87;7.46;;;4.63;;;;;;;;;;;;;;;;;;;;;;;;35.19;15.93;12.09;17.23;10.28;4.63;4.63;;;16.44;23.39;26.21;21.87;7.46;;;4.63;;;
2023;25;Paraíba;2512762;Riachão do Poço;Total - Federal  Estadual  Municipal e Privada;Urbana;156.12;173.6;221.06;212.93;257.07;264.19;20;32;20;16;8;4;;;;;12;24;12;28;16;;8;;;;;35.61;25.58;12.5;16.28;5.76;4.28;;;;37.83;25.08;18.83;9.87;7.07;;1.32;;;;35.19;15.93;12.09;17.23;10.28;4.63;4.63;;;16.44;23.39;26.21;21.87;7.46;;;4.63;;;;;;;;;;;;;;;;;;;;;;;;35.19;15.93;12.09;17.23;10.28;4.63;4.63;;;16.44;23.39;26.21;21.87;7.46;;;4.63;;;
2023;25;Paraíba;2512762;Riachão do Poço;Total - Federal  Estadual  Municipal e Privada;Rural;199.78;205.98;;;;;5.56;;16.67;27.78;16.67;27.78;5.56;;;;;5.56;16.67;27.78;22.22;16.67;11.11;;;;;;;;;;;;;;;;;;;;;;;;;;;;;;;;;;;;;;;;;;;;;;;;;;;;;;;;;;;;;;;;;;;;;;;;;;;;;;;;;;;
2023;25;Paraíba;2512762;Riachão do Poço;Estadual;Total;;;;;257.07;264.19;;;;;;;;;;;;;;;;;;;;;;;;;;;;;;;;;;;;;;;;;35.19;15.93;12.09;17.23;10.28;4.63;4.63;;;16.44;23.39;26.21;21.87;7.46;;;4.63;;;;;;;;;;;;;;;;;;;;;;;;35.19;15.93;12.09;17.23;10.28;4.63;4.63;;;16.44;23.39;26.21;21.87;7.46;;;4.63;;;
2023;25;Paraíba;2512762;Riachão do Poço;Estadual;Urbana;;;;;257.07;264.19;;;;;;;;;;;;;;;;;;;;;;;;;;;;;;;;;;;;;;;;;35.19;15.93;12.09;17.23;10.28;4.63;4.63;0;0;16.44;23.39;26.21;21.87;7.46;0;0;4.63;0;0;0;;;;;;;;;;;;;;;;;;;;;35.19;15.93;12.09;17.23;10.28;4.63;4.63;0;0;16.44;23.39;26.21;21.87;7.46;0;0;4.63;0;0;0
2023;25;Paraíba;2512762;Riachão do Poço;Municipal;Total;173.58;186.55;221.06;212.93;;;14.22;19.2;18.67;20.71;11.47;13.51;2.22;;;;7.2;16.62;13.87;27.91;18.49;6.67;9.24;;;;;35.61;25.58;12.5;16.28;5.76;4.28;;;;37.83;25.08;18.83;9.87;7.07;;1.32;;;;;;;;;;;;;;;;;;;;;;;;;;;;;;;;;;;;;;;;;;;;;;;;;;;;;;;;;;;;;;;
2023;25;Paraíba;2512762;Riachão do Poço;Municipal;Urbana;156.12;173.6;221.06;212.93;;;20;32;20;16;8;4;0;0;0;0;12;24;12;28;16;0;8;0;0;0;0;35.61;25.58;12.5;16.28;5.76;4.28;0;0;0;37.83;25.08;18.83;9.87;7.07;0;1.32;0;0;0;;;;;;;;;;;;;;;;;;;;;;;;;;;;;;;;;;;;;;;;;;;;;;;;;;;;;;;;;;;;
2023;25;Paraíba;2512762;Riachão do Poço;Municipal;Rural;199.78;205.98;;;;;5.56;0;16.67;27.78;16.67;27.78;5.56;0;0;0;0;5.56;16.67;27.78;22.22;16.67;11.11;0;0;0;0;;;;;;;;;;;;;;;;;;;;;;;;;;;;;;;;;;;;;;;;;;;;;;;;;;;;;;;;;;;;;;;;;;;;;;;;;;;;;;;
2023;25;Paraíba;2512762;Riachão do Poço;Total - Estadual e Municipal;Total;173.58;186.55;221.06;212.93;257.07;264.19;14.22;19.2;18.67;20.71;11.47;13.51;2.22;;;;7.2;16.62;13.87;27.91;18.49;6.67;9.24;;;;;35.61;25.58;12.5;16.28;5.76;4.28;;;;37.83;25.08;18.83;9.87;7.07;;1.32;;;;35.19;15.93;12.09;17.23;10.28;4.63;4.63;;;16.44;23.39;26.21;21.87;7.46;;;4.63;;;;;;;;;;;;;;;;;;;;;;;;35.19;15.93;12.09;17.23;10.28;4.63;4.63;;;16.44;23.39;26.21;21.87;7.46;;;4.63;;;
2023;25;Paraíba;2512762;Riachão do Poço;Total - Estadual e Municipal;Urbana;156.12;173.6;221.06;212.93;257.07;264.19;20;32;20;16;8;4;;;;;12;24;12;28;16;;8;;;;;35.61;25.58;12.5;16.28;5.76;4.28;;;;37.83;25.08;18.83;9.87;7.07;;1.32;;;;35.19;15.93;12.09;17.23;10.28;4.63;4.63;;;16.44;23.39;26.21;21.87;7.46;;;4.63;;;;;;;;;;;;;;;;;;;;;;;;35.19;15.93;12.09;17.23;10.28;4.63;4.63;;;16.44;23.39;26.21;21.87;7.46;;;4.63;;;
2023;25;Paraíba;2512762;Riachão do Poço;Total - Estadual e Municipal;Rural;199.78;205.98;;;;;5.56;;16.67;27.78;16.67;27.78;5.56;;;;;5.56;16.67;27.78;22.22;16.67;11.11;;;;;;;;;;;;;;;;;;;;;;;;;;;;;;;;;;;;;;;;;;;;;;;;;;;;;;;;;;;;;;;;;;;;;;;;;;;;;;;;;;;
2023;25;Paraíba;2512762;Riachão do Poço;Total - Federal  Estadual e Municipal;Total;173.58;186.55;221.06;212.93;257.07;264.19;14.22;19.2;18.67;20.71;11.47;13.51;2.22;;;;7.2;16.62;13.87;27.91;18.49;6.67;9.24;;;;;35.61;25.58;12.5;16.28;5.76;4.28;;;;37.83;25.08;18.83;9.87;7.07;;1.32;;;;35.19;15.93;12.09;17.23;10.28;4.63;4.63;;;16.44;23.39;26.21;21.87;7.46;;;4.63;;;;;;;;;;;;;;;;;;;;;;;;35.19;15.93;12.09;17.23;10.28;4.63;4.63;;;16.44;23.39;26.21;21.87;7.46;;;4.63;;;
2023;25;Paraíba;2512762;Riachão do Poço;Total - Federal  Estadual e Municipal;Urbana;156.12;173.6;221.06;212.93;257.07;264.19;20;32;20;16;8;4;;;;;12;24;12;28;16;;8;;;;;35.61;25.58;12.5;16.28;5.76;4.28;;;;37.83;25.08;18.83;9.87;7.07;;1.32;;;;35.19;15.93;12.09;17.23;10.28;4.63;4.63;;;16.44;23.39;26.21;21.87;7.46;;;4.63;;;;;;;;;;;;;;;;;;;;;;;;35.19;15.93;12.09;17.23;10.28;4.63;4.63;;;16.44;23.39;26.21;21.87;7.46;;;4.63;;;
2023;25;Paraíba;2512762;Riachão do Poço;Total - Federal  Estadual e Municipal;Rural;199.78;205.98;;;;;5.56;;16.67;27.78;16.67;27.78;5.56;;;;;5.56;16.67;27.78;22.22;16.67;11.11;;;;;;;;;;;;;;;;;;;;;;;;;;;;;;;;;;;;;;;;;;;;;;;;;;;;;;;;;;;;;;;;;;;;;;;;;;;;;;;;;;;
2023;25;Paraíba;2512788;Riacho de Santo Antônio;Total - Federal  Estadual  Municipal e Privada;Total;169.11;178.01;244.28;239.57;;;11.11;22.22;22.22;29.63;7.41;7.41;;;;;3.7;29.63;11.11;33.33;7.41;7.41;3.7;3.7;;;;20.69;10.34;27.59;17.24;13.79;3.45;3.45;3.45;;17.24;20.69;24.14;10.34;20.69;3.45;3.45;;;;;;;;;;;;;;;;;;;;;;;;;;;;;;;;;;;;;;;;;;;;;;;;;;;;;;;;;;;;;;;
2023;25;Paraíba;2512788;Riacho de Santo Antônio;Total - Federal  Estadual  Municipal e Privada;Urbana;169.11;178.01;244.28;239.57;;;11.11;22.22;22.22;29.63;7.41;7.41;;;;;3.7;29.63;11.11;33.33;7.41;7.41;3.7;3.7;;;;20.69;10.34;27.59;17.24;13.79;3.45;3.45;3.45;;17.24;20.69;24.14;10.34;20.69;3.45;3.45;;;;;;;;;;;;;;;;;;;;;;;;;;;;;;;;;;;;;;;;;;;;;;;;;;;;;;;;;;;;;;;
2023;25;Paraíba;2512788;Riacho de Santo Antônio;Municipal;Total;169.11;178.01;244.28;239.57;;;11.11;22.22;22.22;29.63;7.41;7.41;;;;;3.7;29.63;11.11;33.33;7.41;7.41;3.7;3.7;;;;20.69;10.34;27.59;17.24;13.79;3.45;3.45;3.45;;17.24;20.69;24.14;10.34;20.69;3.45;3.45;;;;;;;;;;;;;;;;;;;;;;;;;;;;;;;;;;;;;;;;;;;;;;;;;;;;;;;;;;;;;;;
2023;25;Paraíba;2512788;Riacho de Santo Antônio;Municipal;Urbana;169.11;178.01;244.28;239.57;;;11.11;22.22;22.22;29.63;7.41;7.41;0;0;0;0;3.7;29.63;11.11;33.33;7.41;7.41;3.7;3.7;0;0;0;20.69;10.34;27.59;17.24;13.79;3.45;3.45;3.45;0;17.24;20.69;24.14;10.34;20.69;3.45;3.45;0;0;0;;;;;;;;;;;;;;;;;;;;;;;;;;;;;;;;;;;;;;;;;;;;;;;;;;;;;;;;;;;;
2023;25;Paraíba;2512788;Riacho de Santo Antônio;Total - Estadual e Municipal;Total;169.11;178.01;244.28;239.57;;;11.11;22.22;22.22;29.63;7.41;7.41;;;;;3.7;29.63;11.11;33.33;7.41;7.41;3.7;3.7;;;;20.69;10.34;27.59;17.24;13.79;3.45;3.45;3.45;;17.24;20.69;24.14;10.34;20.69;3.45;3.45;;;;;;;;;;;;;;;;;;;;;;;;;;;;;;;;;;;;;;;;;;;;;;;;;;;;;;;;;;;;;;;
2023;25;Paraíba;2512788;Riacho de Santo Antônio;Total - Estadual e Municipal;Urbana;169.11;178.01;244.28;239.57;;;11.11;22.22;22.22;29.63;7.41;7.41;;;;;3.7;29.63;11.11;33.33;7.41;7.41;3.7;3.7;;;;20.69;10.34;27.59;17.24;13.79;3.45;3.45;3.45;;17.24;20.69;24.14;10.34;20.69;3.45;3.45;;;;;;;;;;;;;;;;;;;;;;;;;;;;;;;;;;;;;;;;;;;;;;;;;;;;;;;;;;;;;;;
2023;25;Paraíba;2512788;Riacho de Santo Antônio;Total - Federal  Estadual e Municipal;Total;169.11;178.01;244.28;239.57;;;11.11;22.22;22.22;29.63;7.41;7.41;;;;;3.7;29.63;11.11;33.33;7.41;7.41;3.7;3.7;;;;20.69;10.34;27.59;17.24;13.79;3.45;3.45;3.45;;17.24;20.69;24.14;10.34;20.69;3.45;3.45;;;;;;;;;;;;;;;;;;;;;;;;;;;;;;;;;;;;;;;;;;;;;;;;;;;;;;;;;;;;;;;
2023;25;Paraíba;2512788;Riacho de Santo Antônio;Total - Federal  Estadual e Municipal;Urbana;169.11;178.01;244.28;239.57;;;11.11;22.22;22.22;29.63;7.41;7.41;;;;;3.7;29.63;11.11;33.33;7.41;7.41;3.7;3.7;;;;20.69;10.34;27.59;17.24;13.79;3.45;3.45;3.45;;17.24;20.69;24.14;10.34;20.69;3.45;3.45;;;;;;;;;;;;;;;;;;;;;;;;;;;;;;;;;;;;;;;;;;;;;;;;;;;;;;;;;;;;;;;
2023;25;Paraíba;2512804;Riacho dos Cavalos;Total - Federal  Estadual  Municipal e Privada;Total;214.62;230.89;246.63;253.46;;;2.7;12.41;13.92;11.16;20.59;11.98;13.47;4.1;5.55;4.12;4.29;9.92;8.23;8.38;11.18;10.54;21.64;17.71;3.86;2.8;1.43;12.77;22.16;17.95;19.24;16.45;10.17;1.27;;;11.55;19.3;15.47;18.09;19.08;11.53;3.76;1.22;;;;;;;;;;;;;;;;;;;;;;;;26.67;10;33.33;20;6.67;3.33;;;6.67;23.33;13.33;26.67;23.33;3.33;3.33;;;;;;26.67;10;33.33;20;6.67;3.33;;;6.67;23.33;13.33;26.67;23.33;3.33;3.33;;;;
2023;25;Paraíba;2512804;Riacho dos Cavalos;Total - Federal  Estadual  Municipal e Privada;Urbana;214.62;230.89;246.63;253.46;;;2.7;12.41;13.92;11.16;20.59;11.98;13.47;4.1;5.55;4.12;4.29;9.92;8.23;8.38;11.18;10.54;21.64;17.71;3.86;2.8;1.43;12.77;22.16;17.95;19.24;16.45;10.17;1.27;;;11.55;19.3;15.47;18.09;19.08;11.53;3.76;1.22;;;;;;;;;;;;;;;;;;;;;;;;26.67;10;33.33;20;6.67;3.33;;;6.67;23.33;13.33;26.67;23.33;3.33;3.33;;;;;;26.67;10;33.33;20;6.67;3.33;;;6.67;23.33;13.33;26.67;23.33;3.33;3.33;;;;
2023;25;Paraíba;2512804;Riacho dos Cavalos;Estadual;Total;;;;;;;;;;;;;;;;;;;;;;;;;;;;;;;;;;;;;;;;;;;;;;;;;;;;;;;;;;;;;;;;;;;;26.67;10;33.33;20;6.67;3.33;;;6.67;23.33;13.33;26.67;23.33;3.33;3.33;;;;;;26.67;10;33.33;20;6.67;3.33;;;6.67;23.33;13.33;26.67;23.33;3.33;3.33;;;;
2023;25;Paraíba;2512804;Riacho dos Cavalos;Estadual;Urbana;;;;;;;;;;;;;;;;;;;;;;;;;;;;;;;;;;;;;;;;;;;;;;;;;;;;;;;;;;;;;;;;;;;0;26.67;10;33.33;20;6.67;3.33;0;0;6.67;23.33;13.33;26.67;23.33;3.33;3.33;0;0;0;0;0;26.67;10;33.33;20;6.67;3.33;0;0;6.67;23.33;13.33;26.67;23.33;3.33;3.33;0;0;0;0
2023;25;Paraíba;2512804;Riacho dos Cavalos;Municipal;Total;214.62;230.89;246.63;253.46;;;2.7;12.41;13.92;11.16;20.59;11.98;13.47;4.1;5.55;4.12;4.29;9.92;8.23;8.38;11.18;10.54;21.64;17.71;3.86;2.8;1.43;12.77;22.16;17.95;19.24;16.45;10.17;1.27;;;11.55;19.3;15.47;18.09;19.08;11.53;3.76;1.22;;;;;;;;;;;;;;;;;;;;;;;;;;;;;;;;;;;;;;;;;;;;;;;;;;;;;;;;;;;;;;
2023;25;Paraíba;2512804;Riacho dos Cavalos;Municipal;Urbana;214.62;230.89;246.63;253.46;;;2.7;12.41;13.92;11.16;20.59;11.98;13.47;4.1;5.55;4.12;4.29;9.92;8.23;8.38;11.18;10.54;21.64;17.71;3.86;2.8;1.43;12.77;22.16;17.95;19.24;16.45;10.17;1.27;0;0;11.55;19.3;15.47;18.09;19.08;11.53;3.76;1.22;0;0;;;;;;;;;;;;;;;;;;;;;;;;;;;;;;;;;;;;;;;;;;;;;;;;;;;;;;;;;;;;
2023;25;Paraíba;2512804;Riacho dos Cavalos;Total - Estadual e Municipal;Total;214.62;230.89;246.63;253.46;;;2.7;12.41;13.92;11.16;20.59;11.98;13.47;4.1;5.55;4.12;4.29;9.92;8.23;8.38;11.18;10.54;21.64;17.71;3.86;2.8;1.43;12.77;22.16;17.95;19.24;16.45;10.17;1.27;;;11.55;19.3;15.47;18.09;19.08;11.53;3.76;1.22;;;;;;;;;;;;;;;;;;;;;;;;26.67;10;33.33;20;6.67;3.33;;;6.67;23.33;13.33;26.67;23.33;3.33;3.33;;;;;;26.67;10;33.33;20;6.67;3.33;;;6.67;23.33;13.33;26.67;23.33;3.33;3.33;;;;
2023;25;Paraíba;2512804;Riacho dos Cavalos;Total - Estadual e Municipal;Urbana;214.62;230.89;246.63;253.46;;;2.7;12.41;13.92;11.16;20.59;11.98;13.47;4.1;5.55;4.12;4.29;9.92;8.23;8.38;11.18;10.54;21.64;17.71;3.86;2.8;1.43;12.77;22.16;17.95;19.24;16.45;10.17;1.27;;;11.55;19.3;15.47;18.09;19.08;11.53;3.76;1.22;;;;;;;;;;;;;;;;;;;;;;;;26.67;10;33.33;20;6.67;3.33;;;6.67;23.33;13.33;26.67;23.33;3.33;3.33;;;;;;26.67;10;33.33;20;6.67;3.33;;;6.67;23.33;13.33;26.67;23.33;3.33;3.33;;;;
2023;25;Paraíba;2512804;Riacho dos Cavalos;Total - Federal  Estadual e Municipal;Total;214.62;230.89;246.63;253.46;;;2.7;12.41;13.92;11.16;20.59;11.98;13.47;4.1;5.55;4.12;4.29;9.92;8.23;8.38;11.18;10.54;21.64;17.71;3.86;2.8;1.43;12.77;22.16;17.95;19.24;16.45;10.17;1.27;;;11.55;19.3;15.47;18.09;19.08;11.53;3.76;1.22;;;;;;;;;;;;;;;;;;;;;;;;26.67;10;33.33;20;6.67;3.33;;;6.67;23.33;13.33;26.67;23.33;3.33;3.33;;;;;;26.67;10;33.33;20;6.67;3.33;;;6.67;23.33;13.33;26.67;23.33;3.33;3.33;;;;
2023;25;Paraíba;2512804;Riacho dos Cavalos;Total - Federal  Estadual e Municipal;Urbana;214.62;230.89;246.63;253.46;;;2.7;12.41;13.92;11.16;20.59;11.98;13.47;4.1;5.55;4.12;4.29;9.92;8.23;8.38;11.18;10.54;21.64;17.71;3.86;2.8;1.43;12.77;22.16;17.95;19.24;16.45;10.17;1.27;;;11.55;19.3;15.47;18.09;19.08;11.53;3.76;1.22;;;;;;;;;;;;;;;;;;;;;;;;26.67;10;33.33;20;6.67;3.33;;;6.67;23.33;13.33;26.67;23.33;3.33;3.33;;;;;;26.67;10;33.33;20;6.67;3.33;;;6.67;23.33;13.33;26.67;23.33;3.33;3.33;;;;
2023;25;Paraíba;2512903;Rio Tinto;Total - Federal  Estadual  Municipal e Privada;Total;184.22;191.25;234.71;226.9;257.7;255.91;6.62;23.68;18.94;15.42;13.97;9.6;8.42;2.6;0.75;;4.79;13.59;20.89;19.28;19.28;13.07;5.1;2.51;1.5;;;24.84;19.98;21.48;13.9;10.68;5.72;2.51;0.9;;28.02;19.89;20.5;13.72;13.89;3.58;0.4;;;;26.38;22.22;16.01;18.54;9.01;2.98;4.15;0.7;;24.39;24.19;20;20.26;4.77;4.81;0.88;;0.7;;;9.09;12.12;21.21;9.09;24.24;18.18;6.06;;;15.15;12.12;33.33;15.15;15.15;3.03;6.06;;;;;23.15;20.33;16.98;16.78;11.85;5.82;4.51;0.57;;22.67;21.93;22.49;19.31;6.71;4.48;1.85;;0.57;;
2023;25;Paraíba;2512903;Rio Tinto;Total - Federal  Estadual  Municipal e Privada;Urbana;190.87;195.35;237.14;225.68;259.11;256.11;2.28;22.57;16.9;17.24;15.63;12.15;9.43;3.79;;;4.94;10.1;18.28;19.61;23.16;14.77;5.41;2.76;0.98;;;24.09;20.77;18.67;14.78;10.57;7.11;2.82;1.2;;27.76;20.76;19.94;14.58;13.78;2.66;0.53;;;;25.4;20.82;17.59;18.58;9;3.28;4.56;0.77;;25;22.09;21.98;19.57;4.34;5.29;0.97;;0.77;;;9.09;12.12;21.21;9.09;24.24;18.18;6.06;;;15.15;12.12;33.33;15.15;15.15;3.03;6.06;;;;;22.11;19.07;18.32;16.67;12.07;6.28;4.86;0.61;;23.02;20.08;24.27;18.68;6.52;4.83;1.99;;0.61;;
2023;25;Paraíba;2512903;Rio Tinto;Total - Federal  Estadual  Municipal e Privada;Rural;177.29;186.99;227.46;230.52;243.42;253.86;11.14;24.84;21.06;13.53;12.24;6.94;7.37;1.36;1.52;;4.65;17.21;23.62;18.93;15.24;11.3;4.77;2.25;2.04;;;27.09;17.59;29.88;11.27;11;1.58;1.58;;;28.82;17.3;22.18;11.13;14.22;6.34;;;;;36.36;36.36;;18.18;9.09;;;;;18.18;45.45;;27.27;9.09;;;;;;;;;;;;;;;;;;;;;;;;;;;36.36;36.36;;18.18;9.09;;;;;18.18;45.45;;27.27;9.09;;;;;;
2023;25;Paraíba;2512903;Rio Tinto;Estadual;Total;176.24;182.62;231.16;221.24;257.7;255.91;3.96;22.72;26.19;16.24;22.82;4.29;3.79;;;;1.97;22.28;22.69;18.67;20.31;12.11;;1.97;;;;29.15;18.7;21.7;12.92;9.47;5.75;1.54;0.77;;31.31;22.96;13.7;15.08;15.42;1.54;;;;;26.38;22.22;16.01;18.54;9.01;2.98;4.15;0.7;;24.39;24.19;20;20.26;4.77;4.81;0.88;;0.7;;;9.09;12.12;21.21;9.09;24.24;18.18;6.06;;;15.15;12.12;33.33;15.15;15.15;3.03;6.06;;;;;23.15;20.33;16.98;16.78;11.85;5.82;4.51;0.57;;22.67;21.93;22.49;19.31;6.71;4.48;1.85;;0.57;;
2023;25;Paraíba;2512903;Rio Tinto;Estadual;Urbana;173.24;179.06;233.85;222.11;259.11;256.11;3.67;25.97;22.29;18.49;22.23;7.35;0;0;0;0;0;22.35;25.9;25.78;14.82;11.15;0;0;0;0;0;27.97;17.43;22.12;12.47;10.39;6.87;1.84;0.92;0;31.39;21.76;12.47;16.07;16.47;1.84;0;0;0;0;25.4;20.82;17.59;18.58;9;3.28;4.56;0.77;0;25;22.09;21.98;19.57;4.34;5.29;0.97;0;0.77;0;0;9.09;12.12;21.21;9.09;24.24;18.18;6.06;0;0;15.15;12.12;33.33;15.15;15.15;3.03;6.06;0;0;0;0;22.11;19.07;18.32;16.67;12.07;6.28;4.86;0.61;0;23.02;20.08;24.27;18.68;6.52;4.83;1.99;0;0.61;0;0
2023;25;Paraíba;2512903;Rio Tinto;Estadual;Rural;180.45;187.59;217.32;216.77;243.42;253.86;4.36;18.18;31.64;13.09;23.64;0;9.09;0;0;0;4.73;22.18;18.18;8.73;28;13.45;0;4.73;0;0;0;35.22;25.22;19.57;15.22;4.78;0;0;0;0;30.87;29.13;20;10;10;0;0;0;0;0;36.36;36.36;0;18.18;9.09;0;0;0;0;18.18;45.45;0;27.27;9.09;0;0;0;0;0;0;;;;;;;;;;;;;;;;;;;;;36.36;36.36;0;18.18;9.09;0;0;0;0;18.18;45.45;0;27.27;9.09;0;0;0;0;0;0
2023;25;Paraíba;2512903;Rio Tinto;Municipal;Total;186.21;193.41;238.24;232.51;;;7.29;23.92;17.12;15.22;11.76;10.93;9.58;3.25;0.93;;5.5;11.41;20.45;19.43;19.02;13.31;6.37;2.64;1.87;;;20.56;21.24;21.26;14.87;11.87;5.69;3.47;1.03;;24.77;16.84;27.26;12.37;12.37;5.6;0.79;;;;;;;;;;;;;;;;;;;;;;;;;;;;;;;;;;;;;;;;;;;;;;;;;;;;;;;;;;;;;;;
2023;25;Paraíba;2512903;Rio Tinto;Municipal;Urbana;196.1;200.18;241.26;230.16;;;1.87;21.56;15.3;16.87;13.68;13.58;12.22;4.92;0;0;6.4;6.47;16.02;17.78;25.63;15.85;7.02;3.58;1.27;0;0;19.22;24.97;14.33;17.68;10.79;7.4;4.04;1.56;0;23.2;19.5;29.31;12.72;10.39;3.68;1.2;0;0;0;;;;;;;;;;;;;;;;;;;;;;;;;;;;;;;;;;;;;;;;;;;;;;;;;;;;;;;;;;;;
2023;25;Paraíba;2512903;Rio Tinto;Municipal;Rural;176.65;186.87;232.32;237.11;;;12.53;26.2;18.89;13.62;9.9;8.36;7.01;1.64;1.84;0;4.63;16.2;24.73;21.02;12.63;10.86;5.74;1.74;2.46;0;0;23.19;13.94;34.83;9.38;13.98;2.34;2.34;0;0;27.84;11.64;23.23;11.68;16.24;9.38;0;0;0;0;;;;;;;;;;;;;;;;;;;;;;;;;;;;;;;;;;;;;;;;;;;;;;;;;;;;;;;;;;;;
2023;25;Paraíba;2512903;Rio Tinto;Total - Estadual e Municipal;Total;184.22;191.25;234.71;226.9;257.7;255.91;6.62;23.68;18.94;15.42;13.97;9.6;8.42;2.6;0.75;;4.79;13.59;20.89;19.28;19.28;13.07;5.1;2.51;1.5;;;24.84;19.98;21.48;13.9;10.68;5.72;2.51;0.9;;28.02;19.89;20.5;13.72;13.89;3.58;0.4;;;;26.38;22.22;16.01;18.54;9.01;2.98;4.15;0.7;;24.39;24.19;20;20.26;4.77;4.81;0.88;;0.7;;;9.09;12.12;21.21;9.09;24.24;18.18;6.06;;;15.15;12.12;33.33;15.15;15.15;3.03;6.06;;;;;23.15;20.33;16.98;16.78;11.85;5.82;4.51;0.57;;22.67;21.93;22.49;19.31;6.71;4.48;1.85;;0.57;;
2023;25;Paraíba;2512903;Rio Tinto;Total - Estadual e Municipal;Urbana;190.87;195.35;237.14;225.68;259.11;256.11;2.28;22.57;16.9;17.24;15.63;12.15;9.43;3.79;;;4.94;10.1;18.28;19.61;23.16;14.77;5.41;2.76;0.98;;;24.09;20.77;18.67;14.78;10.57;7.11;2.82;1.2;;27.76;20.76;19.94;14.58;13.78;2.66;0.53;;;;25.4;20.82;17.59;18.58;9;3.28;4.56;0.77;;25;22.09;21.98;19.57;4.34;5.29;0.97;;0.77;;;9.09;12.12;21.21;9.09;24.24;18.18;6.06;;;15.15;12.12;33.33;15.15;15.15;3.03;6.06;;;;;22.11;19.07;18.32;16.67;12.07;6.28;4.86;0.61;;23.02;20.08;24.27;18.68;6.52;4.83;1.99;;0.61;;
2023;25;Paraíba;2512903;Rio Tinto;Total - Estadual e Municipal;Rural;177.29;186.99;227.46;230.52;243.42;253.86;11.14;24.84;21.06;13.53;12.24;6.94;7.37;1.36;1.52;;4.65;17.21;23.62;18.93;15.24;11.3;4.77;2.25;2.04;;;27.09;17.59;29.88;11.27;11;1.58;1.58;;;28.82;17.3;22.18;11.13;14.22;6.34;;;;;36.36;36.36;;18.18;9.09;;;;;18.18;45.45;;27.27;9.09;;;;;;;;;;;;;;;;;;;;;;;;;;;36.36;36.36;;18.18;9.09;;;;;18.18;45.45;;27.27;9.09;;;;;;
2023;25;Paraíba;2512903;Rio Tinto;Total - Federal  Estadual e Municipal;Total;184.22;191.25;234.71;226.9;257.7;255.91;6.62;23.68;18.94;15.42;13.97;9.6;8.42;2.6;0.75;;4.79;13.59;20.89;19.28;19.28;13.07;5.1;2.51;1.5;;;24.84;19.98;21.48;13.9;10.68;5.72;2.51;0.9;;28.02;19.89;20.5;13.72;13.89;3.58;0.4;;;;26.38;22.22;16.01;18.54;9.01;2.98;4.15;0.7;;24.39;24.19;20;20.26;4.77;4.81;0.88;;0.7;;;9.09;12.12;21.21;9.09;24.24;18.18;6.06;;;15.15;12.12;33.33;15.15;15.15;3.03;6.06;;;;;23.15;20.33;16.98;16.78;11.85;5.82;4.51;0.57;;22.67;21.93;22.49;19.31;6.71;4.48;1.85;;0.57;;
2023;25;Paraíba;2512903;Rio Tinto;Total - Federal  Estadual e Municipal;Urbana;190.87;195.35;237.14;225.68;259.11;256.11;2.28;22.57;16.9;17.24;15.63;12.15;9.43;3.79;;;4.94;10.1;18.28;19.61;23.16;14.77;5.41;2.76;0.98;;;24.09;20.77;18.67;14.78;10.57;7.11;2.82;1.2;;27.76;20.76;19.94;14.58;13.78;2.66;0.53;;;;25.4;20.82;17.59;18.58;9;3.28;4.56;0.77;;25;22.09;21.98;19.57;4.34;5.29;0.97;;0.77;;;9.09;12.12;21.21;9.09;24.24;18.18;6.06;;;15.15;12.12;33.33;15.15;15.15;3.03;6.06;;;;;22.11;19.07;18.32;16.67;12.07;6.28;4.86;0.61;;23.02;20.08;24.27;18.68;6.52;4.83;1.99;;0.61;;
2023;25;Paraíba;2512903;Rio Tinto;Total - Federal  Estadual e Municipal;Rural;177.29;186.99;227.46;230.52;243.42;253.86;11.14;24.84;21.06;13.53;12.24;6.94;7.37;1.36;1.52;;4.65;17.21;23.62;18.93;15.24;11.3;4.77;2.25;2.04;;;27.09;17.59;29.88;11.27;11;1.58;1.58;;;28.82;17.3;22.18;11.13;14.22;6.34;;;;;36.36;36.36;;18.18;9.09;;;;;18.18;45.45;;27.27;9.09;;;;;;;;;;;;;;;;;;;;;;;;;;;36.36;36.36;;18.18;9.09;;;;;18.18;45.45;;27.27;9.09;;;;;;
2023;25;Paraíba;2513000;Salgadinho;Total - Federal  Estadual  Municipal e Privada;Total;199.45;211.77;236.18;235.07;257.17;255.19;2.46;13.4;2.87;36.57;28.96;5.74;7.37;;2.63;;;2.63;23.88;18.13;15.68;17.96;10.65;11.07;;;;21.33;11.6;25.6;23.73;11.87;5.87;;;;25.33;21.33;23.87;7.87;7.73;8;5.87;;;;28.27;19.57;13.03;17.39;13.04;6.52;;2.17;;28.28;19.56;15.2;21.75;13.04;;2.17;;;;;;;;;;;;;;;;;;;;;;;;;28.27;19.57;13.03;17.39;13.04;6.52;;2.17;;28.28;19.56;15.2;21.75;13.04;;2.17;;;;
2023;25;Paraíba;2513000;Salgadinho;Total - Federal  Estadual  Municipal e Privada;Urbana;208.94;216.88;235.13;235.17;257.17;255.19;6.67;;;46.67;26.67;;20;;;;;;20;20;13.33;26.67;13.33;6.67;;;;20.2;17.58;26.67;17.78;11.92;5.86;;;;26.26;26.26;14.95;8.89;8.69;9.09;5.86;;;;28.27;19.57;13.03;17.39;13.04;6.52;;2.17;;28.28;19.56;15.2;21.75;13.04;;2.17;;;;;;;;;;;;;;;;;;;;;;;;;28.27;19.57;13.03;17.39;13.04;6.52;;2.17;;28.28;19.56;15.2;21.75;13.04;;2.17;;;;
2023;25;Paraíba;2513000;Salgadinho;Total - Federal  Estadual  Municipal e Privada;Rural;193.91;208.79;238.22;234.88;;;;21.21;4.55;30.68;30.3;9.09;;;4.17;;;4.17;26.14;17.05;17.05;12.88;9.09;13.64;;;;23.53;;23.53;35.29;11.76;5.88;;;;23.53;11.76;41.18;5.88;5.88;5.88;5.88;;;;;;;;;;;;;;;;;;;;;;;;;;;;;;;;;;;;;;;;;;;;;;;;;;;;;;;;;;;;;;;
2023;25;Paraíba;2513000;Salgadinho;Estadual;Total;;;;;257.17;255.19;;;;;;;;;;;;;;;;;;;;;;;;;;;;;;;;;;;;;;;;;28.27;19.57;13.03;17.39;13.04;6.52;;2.17;;28.28;19.56;15.2;21.75;13.04;;2.17;;;;;;;;;;;;;;;;;;;;;;;;;28.27;19.57;13.03;17.39;13.04;6.52;;2.17;;28.28;19.56;15.2;21.75;13.04;;2.17;;;;
2023;25;Paraíba;2513000;Salgadinho;Estadual;Urbana;;;;;257.17;255.19;;;;;;;;;;;;;;;;;;;;;;;;;;;;;;;;;;;;;;;;;28.27;19.57;13.03;17.39;13.04;6.52;0;2.17;0;28.28;19.56;15.2;21.75;13.04;0;2.17;0;0;0;0;;;;;;;;;;;;;;;;;;;;;28.27;19.57;13.03;17.39;13.04;6.52;0;2.17;0;28.28;19.56;15.2;21.75;13.04;0;2.17;0;0;0;0
2023;25;Paraíba;2513000;Salgadinho;Municipal;Total;199.45;211.77;236.18;235.07;;;2.46;13.4;2.87;36.57;28.96;5.74;7.37;;2.63;;;2.63;23.88;18.13;15.68;17.96;10.65;11.07;;;;21.33;11.6;25.6;23.73;11.87;5.87;;;;25.33;21.33;23.87;7.87;7.73;8;5.87;;;;;;;;;;;;;;;;;;;;;;;;;;;;;;;;;;;;;;;;;;;;;;;;;;;;;;;;;;;;;;;
2023;25;Paraíba;2513000;Salgadinho;Municipal;Urbana;208.94;216.88;235.13;235.17;;;6.67;0;0;46.67;26.67;0;20;0;0;0;0;0;20;20;13.33;26.67;13.33;6.67;0;0;0;20.2;17.58;26.67;17.78;11.92;5.86;0;0;0;26.26;26.26;14.95;8.89;8.69;9.09;5.86;0;0;0;;;;;;;;;;;;;;;;;;;;;;;;;;;;;;;;;;;;;;;;;;;;;;;;;;;;;;;;;;;;
2023;25;Paraíba;2513000;Salgadinho;Municipal;Rural;193.91;208.79;238.22;234.88;;;0;21.21;4.55;30.68;30.3;9.09;0;0;4.17;0;0;4.17;26.14;17.05;17.05;12.88;9.09;13.64;0;0;0;23.53;0;23.53;35.29;11.76;5.88;0;0;0;23.53;11.76;41.18;5.88;5.88;5.88;5.88;0;0;0;;;;;;;;;;;;;;;;;;;;;;;;;;;;;;;;;;;;;;;;;;;;;;;;;;;;;;;;;;;;
2023;25;Paraíba;2513000;Salgadinho;Total - Estadual e Municipal;Total;199.45;211.77;236.18;235.07;257.17;255.19;2.46;13.4;2.87;36.57;28.96;5.74;7.37;;2.63;;;2.63;23.88;18.13;15.68;17.96;10.65;11.07;;;;21.33;11.6;25.6;23.73;11.87;5.87;;;;25.33;21.33;23.87;7.87;7.73;8;5.87;;;;28.27;19.57;13.03;17.39;13.04;6.52;;2.17;;28.28;19.56;15.2;21.75;13.04;;2.17;;;;;;;;;;;;;;;;;;;;;;;;;28.27;19.57;13.03;17.39;13.04;6.52;;2.17;;28.28;19.56;15.2;21.75;13.04;;2.17;;;;
2023;25;Paraíba;2513000;Salgadinho;Total - Estadual e Municipal;Urbana;208.94;216.88;235.13;235.17;257.17;255.19;6.67;;;46.67;26.67;;20;;;;;;20;20;13.33;26.67;13.33;6.67;;;;20.2;17.58;26.67;17.78;11.92;5.86;;;;26.26;26.26;14.95;8.89;8.69;9.09;5.86;;;;28.27;19.57;13.03;17.39;13.04;6.52;;2.17;;28.28;19.56;15.2;21.75;13.04;;2.17;;;;;;;;;;;;;;;;;;;;;;;;;28.27;19.57;13.03;17.39;13.04;6.52;;2.17;;28.28;19.56;15.2;21.75;13.04;;2.17;;;;
2023;25;Paraíba;2513000;Salgadinho;Total - Estadual e Municipal;Rural;193.91;208.79;238.22;234.88;;;;21.21;4.55;30.68;30.3;9.09;;;4.17;;;4.17;26.14;17.05;17.05;12.88;9.09;13.64;;;;23.53;;23.53;35.29;11.76;5.88;;;;23.53;11.76;41.18;5.88;5.88;5.88;5.88;;;;;;;;;;;;;;;;;;;;;;;;;;;;;;;;;;;;;;;;;;;;;;;;;;;;;;;;;;;;;;;
2023;25;Paraíba;2513000;Salgadinho;Total - Federal  Estadual e Municipal;Total;199.45;211.77;236.18;235.07;257.17;255.19;2.46;13.4;2.87;36.57;28.96;5.74;7.37;;2.63;;;2.63;23.88;18.13;15.68;17.96;10.65;11.07;;;;21.33;11.6;25.6;23.73;11.87;5.87;;;;25.33;21.33;23.87;7.87;7.73;8;5.87;;;;28.27;19.57;13.03;17.39;13.04;6.52;;2.17;;28.28;19.56;15.2;21.75;13.04;;2.17;;;;;;;;;;;;;;;;;;;;;;;;;28.27;19.57;13.03;17.39;13.04;6.52;;2.17;;28.28;19.56;15.2;21.75;13.04;;2.17;;;;
2023;25;Paraíba;2513000;Salgadinho;Total - Federal  Estadual e Municipal;Urbana;208.94;216.88;235.13;235.17;257.17;255.19;6.67;;;46.67;26.67;;20;;;;;;20;20;13.33;26.67;13.33;6.67;;;;20.2;17.58;26.67;17.78;11.92;5.86;;;;26.26;26.26;14.95;8.89;8.69;9.09;5.86;;;;28.27;19.57;13.03;17.39;13.04;6.52;;2.17;;28.28;19.56;15.2;21.75;13.04;;2.17;;;;;;;;;;;;;;;;;;;;;;;;;28.27;19.57;13.03;17.39;13.04;6.52;;2.17;;28.28;19.56;15.2;21.75;13.04;;2.17;;;;
2023;25;Paraíba;2513000;Salgadinho;Total - Federal  Estadual e Municipal;Rural;193.91;208.79;238.22;234.88;;;;21.21;4.55;30.68;30.3;9.09;;;4.17;;;4.17;26.14;17.05;17.05;12.88;9.09;13.64;;;;23.53;;23.53;35.29;11.76;5.88;;;;23.53;11.76;41.18;5.88;5.88;5.88;5.88;;;;;;;;;;;;;;;;;;;;;;;;;;;;;;;;;;;;;;;;;;;;;;;;;;;;;;;;;;;;;;;
2023;25;Paraíba;2513109;Salgado de São Félix;Total - Federal  Estadual  Municipal e Privada;Total;163.67;176.53;216.95;211.59;243.41;245.75;16.96;28.91;22.74;11.6;8.13;9.01;1.23;1.42;;;7.76;14.3;26.21;28.05;17.14;2.47;4.07;;;;;40.34;18.08;16.3;13.92;7.23;4.12;;;;42.76;18.37;20.33;9.53;5.42;1.8;1.79;;;;38.36;18.93;18.08;11.43;10.78;2.42;;;;29.64;33.06;15.32;13.35;6.79;0.89;0.95;;;;;;;;;;;;;;;;;;;;;;;;;38.36;18.93;18.08;11.43;10.78;2.42;;;;29.64;33.06;15.32;13.35;6.79;0.89;0.95;;;;
2023;25;Paraíba;2513109;Salgado de São Félix;Total - Federal  Estadual  Municipal e Privada;Urbana;162.8;177.8;234.86;224.01;246.91;255.87;14.64;29.17;29.17;7.38;12.14;5;;2.5;;;7.14;12.14;24.4;34.17;17.14;;5;;;;;28.18;13.05;21;18.94;5.56;13.27;;;;34.05;16.8;18.96;11.24;13.16;3.85;1.93;;;;28.89;23.97;20.35;14.98;10.18;1.64;;;;20.47;28.54;20.12;20.58;6.9;1.64;1.75;;;;;;;;;;;;;;;;;;;;;;;;;28.89;23.97;20.35;14.98;10.18;1.64;;;;20.47;28.54;20.12;20.58;6.9;1.64;1.75;;;;
2023;25;Paraíba;2513109;Salgado de São Félix;Total - Federal  Estadual  Municipal e Privada;Rural;164.81;174.85;208.87;206;;;20;28.57;14.29;17.14;2.86;14.29;2.86;;;;8.57;17.14;28.57;20;17.14;5.71;2.86;;;;;45.83;20.35;14.18;11.65;7.98;;;;;46.68;19.07;20.95;8.76;1.93;0.88;1.72;;;;;;;;;;;;;;;;;;;;;;;;;;;;;;;;;;;;;;;;;;;;;;;;;;;;;;;;;;;;;;;
2023;25;Paraíba;2513109;Salgado de São Félix;Estadual;Total;;;221.41;213.57;243.41;245.75;;;;;;;;;;;;;;;;;;;;;;36.43;17.26;17.36;18.59;4.73;5.64;;;;45.44;14.55;20.39;6.99;7.02;2.25;3.36;;;;38.36;18.93;18.08;11.43;10.78;2.42;;;;29.64;33.06;15.32;13.35;6.79;0.89;0.95;;;;;;;;;;;;;;;;;;;;;;;;;38.36;18.93;18.08;11.43;10.78;2.42;;;;29.64;33.06;15.32;13.35;6.79;0.89;0.95;;;;
2023;25;Paraíba;2513109;Salgado de São Félix;Estadual;Urbana;;;239.01;224.88;246.91;255.87;;;;;;;;;;;;;;;;;;;;;;24.28;9.08;27.29;21.2;3.03;15.14;0;0;0;36.37;12.12;21.22;9.1;12.11;6.05;3.04;0;0;0;28.89;23.97;20.35;14.98;10.18;1.64;0;0;0;20.47;28.54;20.12;20.58;6.9;1.64;1.75;0;0;0;0;;;;;;;;;;;;;;;;;;;;;28.89;23.97;20.35;14.98;10.18;1.64;0;0;0;20.47;28.54;20.12;20.58;6.9;1.64;1.75;0;0;0;0
2023;25;Paraíba;2513109;Salgado de São Félix;Estadual;Rural;;;210.97;206.86;;;;;;;;;;;;;;;;;;;;;;;;43.64;22.11;11.47;17.05;5.73;0;0;0;0;50.83;15.98;19.9;5.73;4;0;3.56;0;0;0;;;;;;;;;;;;;;;;;;;;;;;;;;;;;;;;;;;;;;;;;;;;;;;;;;;;;;;;;;;;
2023;25;Paraíba;2513109;Salgado de São Félix;Municipal;Total;163.67;176.53;211.9;209.35;;;16.96;28.91;22.74;11.6;8.13;9.01;1.23;1.42;;;7.76;14.3;26.21;28.05;17.14;2.47;4.07;;;;;44.78;19.02;15.11;8.62;10.06;2.41;;;;39.71;22.7;20.26;12.42;3.61;1.3;;;;;;;;;;;;;;;;;;;;;;;;;;;;;;;;;;;;;;;;;;;;;;;;;;;;;;;;;;;;;;;;
2023;25;Paraíba;2513109;Salgado de São Félix;Municipal;Urbana;162.8;177.8;227.6;222.47;;;14.64;29.17;29.17;7.38;12.14;5;0;2.5;0;0;7.14;12.14;24.4;34.17;17.14;0;5;0;0;0;0;35;20;10;15;10;10;0;0;0;30;25;15;15;15;0;0;0;0;0;;;;;;;;;;;;;;;;;;;;;;;;;;;;;;;;;;;;;;;;;;;;;;;;;;;;;;;;;;;;
2023;25;Paraíba;2513109;Salgado de São Félix;Municipal;Rural;164.81;174.85;206.92;205.19;;;20;28.57;14.29;17.14;2.86;14.29;2.86;0;0;0;8.57;17.14;28.57;20;17.14;5.71;2.86;0;0;0;0;47.89;18.71;16.73;6.59;10.09;0;0;0;0;42.8;21.97;21.93;11.6;0;1.71;0;0;0;0;;;;;;;;;;;;;;;;;;;;;;;;;;;;;;;;;;;;;;;;;;;;;;;;;;;;;;;;;;;;
2023;25;Paraíba;2513109;Salgado de São Félix;Total - Estadual e Municipal;Total;163.67;176.53;216.95;211.59;243.41;245.75;16.96;28.91;22.74;11.6;8.13;9.01;1.23;1.42;;;7.76;14.3;26.21;28.05;17.14;2.47;4.07;;;;;40.34;18.08;16.3;13.92;7.23;4.12;;;;42.76;18.37;20.33;9.53;5.42;1.8;1.79;;;;38.36;18.93;18.08;11.43;10.78;2.42;;;;29.64;33.06;15.32;13.35;6.79;0.89;0.95;;;;;;;;;;;;;;;;;;;;;;;;;38.36;18.93;18.08;11.43;10.78;2.42;;;;29.64;33.06;15.32;13.35;6.79;0.89;0.95;;;;
2023;25;Paraíba;2513109;Salgado de São Félix;Total - Estadual e Municipal;Urbana;162.8;177.8;234.86;224.01;246.91;255.87;14.64;29.17;29.17;7.38;12.14;5;;2.5;;;7.14;12.14;24.4;34.17;17.14;;5;;;;;28.18;13.05;21;18.94;5.56;13.27;;;;34.05;16.8;18.96;11.24;13.16;3.85;1.93;;;;28.89;23.97;20.35;14.98;10.18;1.64;;;;20.47;28.54;20.12;20.58;6.9;1.64;1.75;;;;;;;;;;;;;;;;;;;;;;;;;28.89;23.97;20.35;14.98;10.18;1.64;;;;20.47;28.54;20.12;20.58;6.9;1.64;1.75;;;;
2023;25;Paraíba;2513109;Salgado de São Félix;Total - Estadual e Municipal;Rural;164.81;174.85;208.87;206;;;20;28.57;14.29;17.14;2.86;14.29;2.86;;;;8.57;17.14;28.57;20;17.14;5.71;2.86;;;;;45.83;20.35;14.18;11.65;7.98;;;;;46.68;19.07;20.95;8.76;1.93;0.88;1.72;;;;;;;;;;;;;;;;;;;;;;;;;;;;;;;;;;;;;;;;;;;;;;;;;;;;;;;;;;;;;;;
2023;25;Paraíba;2513109;Salgado de São Félix;Total - Federal  Estadual e Municipal;Total;163.67;176.53;216.95;211.59;243.41;245.75;16.96;28.91;22.74;11.6;8.13;9.01;1.23;1.42;;;7.76;14.3;26.21;28.05;17.14;2.47;4.07;;;;;40.34;18.08;16.3;13.92;7.23;4.12;;;;42.76;18.37;20.33;9.53;5.42;1.8;1.79;;;;38.36;18.93;18.08;11.43;10.78;2.42;;;;29.64;33.06;15.32;13.35;6.79;0.89;0.95;;;;;;;;;;;;;;;;;;;;;;;;;38.36;18.93;18.08;11.43;10.78;2.42;;;;29.64;33.06;15.32;13.35;6.79;0.89;0.95;;;;
2023;25;Paraíba;2513109;Salgado de São Félix;Total - Federal  Estadual e Municipal;Urbana;162.8;177.8;234.86;224.01;246.91;255.87;14.64;29.17;29.17;7.38;12.14;5;;2.5;;;7.14;12.14;24.4;34.17;17.14;;5;;;;;28.18;13.05;21;18.94;5.56;13.27;;;;34.05;16.8;18.96;11.24;13.16;3.85;1.93;;;;28.89;23.97;20.35;14.98;10.18;1.64;;;;20.47;28.54;20.12;20.58;6.9;1.64;1.75;;;;;;;;;;;;;;;;;;;;;;;;;28.89;23.97;20.35;14.98;10.18;1.64;;;;20.47;28.54;20.12;20.58;6.9;1.64;1.75;;;;
2023;25;Paraíba;2513109;Salgado de São Félix;Total - Federal  Estadual e Municipal;Rural;164.81;174.85;208.87;206;;;20;28.57;14.29;17.14;2.86;14.29;2.86;;;;8.57;17.14;28.57;20;17.14;5.71;2.86;;;;;45.83;20.35;14.18;11.65;7.98;;;;;46.68;19.07;20.95;8.76;1.93;0.88;1.72;;;;;;;;;;;;;;;;;;;;;;;;;;;;;;;;;;;;;;;;;;;;;;;;;;;;;;;;;;;;;;;
2023;25;Paraíba;2513158;Santa Cecília;Total - Federal  Estadual  Municipal e Privada;Total;190.73;199.77;257.01;259.14;265.8;267.89;11.9;13.58;13.37;22.51;10.34;16.34;4.49;4.55;1.46;1.46;4.49;8.98;14.94;23.81;23.92;8.98;10.44;;4.44;;;13.36;11.88;16.5;22.91;12.69;15.25;5.18;2.23;;9.9;13.76;15.85;26.05;17.31;10.08;3.88;3.17;;;18.17;15;24.89;15.04;18.2;8.7;;;;16.2;16.97;22.92;24.12;11.87;6.34;1.58;;;;;;;;;;;;;;;;;;;;;;;;;18.17;15;24.89;15.04;18.2;8.7;;;;16.2;16.97;22.92;24.12;11.87;6.34;1.58;;;;
2023;25;Paraíba;2513158;Santa Cecília;Total - Federal  Estadual  Municipal e Privada;Urbana;187.73;195.1;257.11;259.22;265.8;267.89;14.55;11.04;16.34;20.11;12.63;14.42;3.64;3.7;1.79;1.79;5.49;10.98;16.4;25.4;21.83;5.42;10.91;;3.57;;;11.57;14.07;13.87;24.3;15.02;15.22;4.72;1.23;;10.31;16.29;11.69;26.6;16.25;11.93;4.6;2.34;;;18.17;15;24.89;15.04;18.2;8.7;;;;16.2;16.97;22.92;24.12;11.87;6.34;1.58;;;;;;;;;;;;;;;;;;;;;;;;;18.17;15;24.89;15.04;18.2;8.7;;;;16.2;16.97;22.92;24.12;11.87;6.34;1.58;;;;
2023;25;Paraíba;2513158;Santa Cecília;Total - Federal  Estadual  Municipal e Privada;Rural;204.24;220.83;256.46;258.74;;;;25;;33.33;;25;8.33;8.33;;;;;8.33;16.67;33.33;25;8.33;;8.33;;;23.08;;30.77;15.38;;15.38;7.69;7.69;;7.69;;38.46;23.08;23.08;;;7.69;;;;;;;;;;;;;;;;;;;;;;;;;;;;;;;;;;;;;;;;;;;;;;;;;;;;;;;;;;;;;;
2023;25;Paraíba;2513158;Santa Cecília;Estadual;Total;;;;;265.8;267.89;;;;;;;;;;;;;;;;;;;;;;;;;;;;;;;;;;;;;;;;;18.17;15;24.89;15.04;18.2;8.7;;;;16.2;16.97;22.92;24.12;11.87;6.34;1.58;;;;;;;;;;;;;;;;;;;;;;;;;18.17;15;24.89;15.04;18.2;8.7;;;;16.2;16.97;22.92;24.12;11.87;6.34;1.58;;;;
2023;25;Paraíba;2513158;Santa Cecília;Estadual;Urbana;;;;;265.8;267.89;;;;;;;;;;;;;;;;;;;;;;;;;;;;;;;;;;;;;;;;;18.17;15;24.89;15.04;18.2;8.7;0;0;0;16.2;16.97;22.92;24.12;11.87;6.34;1.58;0;0;0;0;;;;;;;;;;;;;;;;;;;;;18.17;15;24.89;15.04;18.2;8.7;0;0;0;16.2;16.97;22.92;24.12;11.87;6.34;1.58;0;0;0;0
2023;25;Paraíba;2513158;Santa Cecília;Municipal;Total;190.73;199.77;257.01;259.14;;;11.9;13.58;13.37;22.51;10.34;16.34;4.49;4.55;1.46;1.46;4.49;8.98;14.94;23.81;23.92;8.98;10.44;;4.44;;;13.36;11.88;16.5;22.91;12.69;15.25;5.18;2.23;;9.9;13.76;15.85;26.05;17.31;10.08;3.88;3.17;;;;;;;;;;;;;;;;;;;;;;;;;;;;;;;;;;;;;;;;;;;;;;;;;;;;;;;;;;;;;;
2023;25;Paraíba;2513158;Santa Cecília;Municipal;Urbana;187.73;195.1;257.11;259.22;;;14.55;11.04;16.34;20.11;12.63;14.42;3.64;3.7;1.79;1.79;5.49;10.98;16.4;25.4;21.83;5.42;10.91;0;3.57;0;0;11.57;14.07;13.87;24.3;15.02;15.22;4.72;1.23;0;10.31;16.29;11.69;26.6;16.25;11.93;4.6;2.34;0;0;;;;;;;;;;;;;;;;;;;;;;;;;;;;;;;;;;;;;;;;;;;;;;;;;;;;;;;;;;;;
2023;25;Paraíba;2513158;Santa Cecília;Municipal;Rural;204.24;220.83;256.46;258.74;;;0;25;0;33.33;0;25;8.33;8.33;0;0;0;0;8.33;16.67;33.33;25;8.33;0;8.33;0;0;23.08;0;30.77;15.38;0;15.38;7.69;7.69;0;7.69;0;38.46;23.08;23.08;0;0;7.69;0;0;;;;;;;;;;;;;;;;;;;;;;;;;;;;;;;;;;;;;;;;;;;;;;;;;;;;;;;;;;;;
2023;25;Paraíba;2513158;Santa Cecília;Total - Estadual e Municipal;Total;190.73;199.77;257.01;259.14;265.8;267.89;11.9;13.58;13.37;22.51;10.34;16.34;4.49;4.55;1.46;1.46;4.49;8.98;14.94;23.81;23.92;8.98;10.44;;4.44;;;13.36;11.88;16.5;22.91;12.69;15.25;5.18;2.23;;9.9;13.76;15.85;26.05;17.31;10.08;3.88;3.17;;;18.17;15;24.89;15.04;18.2;8.7;;;;16.2;16.97;22.92;24.12;11.87;6.34;1.58;;;;;;;;;;;;;;;;;;;;;;;;;18.17;15;24.89;15.04;18.2;8.7;;;;16.2;16.97;22.92;24.12;11.87;6.34;1.58;;;;
2023;25;Paraíba;2513158;Santa Cecília;Total - Estadual e Municipal;Urbana;187.73;195.1;257.11;259.22;265.8;267.89;14.55;11.04;16.34;20.11;12.63;14.42;3.64;3.7;1.79;1.79;5.49;10.98;16.4;25.4;21.83;5.42;10.91;;3.57;;;11.57;14.07;13.87;24.3;15.02;15.22;4.72;1.23;;10.31;16.29;11.69;26.6;16.25;11.93;4.6;2.34;;;18.17;15;24.89;15.04;18.2;8.7;;;;16.2;16.97;22.92;24.12;11.87;6.34;1.58;;;;;;;;;;;;;;;;;;;;;;;;;18.17;15;24.89;15.04;18.2;8.7;;;;16.2;16.97;22.92;24.12;11.87;6.34;1.58;;;;
2023;25;Paraíba;2513158;Santa Cecília;Total - Estadual e Municipal;Rural;204.24;220.83;256.46;258.74;;;;25;;33.33;;25;8.33;8.33;;;;;8.33;16.67;33.33;25;8.33;;8.33;;;23.08;;30.77;15.38;;15.38;7.69;7.69;;7.69;;38.46;23.08;23.08;;;7.69;;;;;;;;;;;;;;;;;;;;;;;;;;;;;;;;;;;;;;;;;;;;;;;;;;;;;;;;;;;;;;
2023;25;Paraíba;2513158;Santa Cecília;Total - Federal  Estadual e Municipal;Total;190.73;199.77;257.01;259.14;265.8;267.89;11.9;13.58;13.37;22.51;10.34;16.34;4.49;4.55;1.46;1.46;4.49;8.98;14.94;23.81;23.92;8.98;10.44;;4.44;;;13.36;11.88;16.5;22.91;12.69;15.25;5.18;2.23;;9.9;13.76;15.85;26.05;17.31;10.08;3.88;3.17;;;18.17;15;24.89;15.04;18.2;8.7;;;;16.2;16.97;22.92;24.12;11.87;6.34;1.58;;;;;;;;;;;;;;;;;;;;;;;;;18.17;15;24.89;15.04;18.2;8.7;;;;16.2;16.97;22.92;24.12;11.87;6.34;1.58;;;;
2023;25;Paraíba;2513158;Santa Cecília;Total - Federal  Estadual e Municipal;Urbana;187.73;195.1;257.11;259.22;265.8;267.89;14.55;11.04;16.34;20.11;12.63;14.42;3.64;3.7;1.79;1.79;5.49;10.98;16.4;25.4;21.83;5.42;10.91;;3.57;;;11.57;14.07;13.87;24.3;15.02;15.22;4.72;1.23;;10.31;16.29;11.69;26.6;16.25;11.93;4.6;2.34;;;18.17;15;24.89;15.04;18.2;8.7;;;;16.2;16.97;22.92;24.12;11.87;6.34;1.58;;;;;;;;;;;;;;;;;;;;;;;;;18.17;15;24.89;15.04;18.2;8.7;;;;16.2;16.97;22.92;24.12;11.87;6.34;1.58;;;;
2023;25;Paraíba;2513158;Santa Cecília;Total - Federal  Estadual e Municipal;Rural;204.24;220.83;256.46;258.74;;;;25;;33.33;;25;8.33;8.33;;;;;8.33;16.67;33.33;25;8.33;;8.33;;;23.08;;30.77;15.38;;15.38;7.69;7.69;;7.69;;38.46;23.08;23.08;;;7.69;;;;;;;;;;;;;;;;;;;;;;;;;;;;;;;;;;;;;;;;;;;;;;;;;;;;;;;;;;;;;;
2023;25;Paraíba;2513208;Santa Cruz;Total - Federal  Estadual  Municipal e Privada;Total;221;232.5;257.58;257.31;;;8.79;7.55;9.78;8.73;13.13;12.91;17.31;10.96;9.82;1.03;2.17;5.43;14.22;6.66;13.02;15.34;15.19;20.47;5.32;2.17;;20.21;4.09;14.19;19.14;22.29;14.69;1.28;4.11;;15.96;10.04;12.3;23.65;15.17;16.04;6.83;;;;;;;;;;;;;;;;;;;;;;;;20.73;16.25;9.24;18.91;20.87;9.38;2.38;2.24;;11.48;11.76;25.49;14.01;23.11;9.38;2.38;2.38;;;;20.73;16.25;9.24;18.91;20.87;9.38;2.38;2.24;;11.48;11.76;25.49;14.01;23.11;9.38;2.38;2.38;;;
2023;25;Paraíba;2513208;Santa Cruz;Total - Federal  Estadual  Municipal e Privada;Urbana;212.94;221.76;257.58;257.31;;;12.66;7.22;10.79;9.16;16.3;7.38;16.38;12.73;7.38;;1.79;5.43;21.66;9.16;10.95;14.67;16.38;16.3;1.86;1.79;;20.21;4.09;14.19;19.14;22.29;14.69;1.28;4.11;;15.96;10.04;12.3;23.65;15.17;16.04;6.83;;;;;;;;;;;;;;;;;;;;;;;;20.73;16.25;9.24;18.91;20.87;9.38;2.38;2.24;;11.48;11.76;25.49;14.01;23.11;9.38;2.38;2.38;;;;20.73;16.25;9.24;18.91;20.87;9.38;2.38;2.24;;11.48;11.76;25.49;14.01;23.11;9.38;2.38;2.38;;;
2023;25;Paraíba;2513208;Santa Cruz;Total - Federal  Estadual  Municipal e Privada;Rural;233.55;249.21;;;;;2.78;8.06;8.19;8.06;8.19;21.53;18.75;8.19;13.61;2.64;2.78;5.42;2.64;2.78;16.25;16.39;13.33;26.94;10.69;2.78;;;;;;;;;;;;;;;;;;;;;;;;;;;;;;;;;;;;;;;;;;;;;;;;;;;;;;;;;;;;;;;;;;;;;;;;;;;;;;;;
2023;25;Paraíba;2513208;Santa Cruz;Estadual;Total;202.24;218.11;266.33;278.48;;;15.63;9.38;15.63;6.25;18.75;3.13;15.63;12.5;3.13;;3.13;6.25;28.13;6.25;9.38;9.38;15.63;18.75;;3.13;;9.52;6.49;13.85;25.54;25.97;12.55;3.03;3.03;;6.49;3.03;12.55;29.87;12.99;22.08;12.99;;;;;;;;;;;;;;;;;;;;;;;;20.73;16.25;9.24;18.91;20.87;9.38;2.38;2.24;;11.48;11.76;25.49;14.01;23.11;9.38;2.38;2.38;;;;20.73;16.25;9.24;18.91;20.87;9.38;2.38;2.24;;11.48;11.76;25.49;14.01;23.11;9.38;2.38;2.38;;;
2023;25;Paraíba;2513208;Santa Cruz;Estadual;Urbana;202.24;218.11;266.33;278.48;;;15.63;9.38;15.63;6.25;18.75;3.13;15.63;12.5;3.13;0;3.13;6.25;28.13;6.25;9.38;9.38;15.63;18.75;0;3.13;0;9.52;6.49;13.85;25.54;25.97;12.55;3.03;3.03;0;6.49;3.03;12.55;29.87;12.99;22.08;12.99;0;0;0;;;;;;;;;;;;;;;;;;;;;20.73;16.25;9.24;18.91;20.87;9.38;2.38;2.24;0;11.48;11.76;25.49;14.01;23.11;9.38;2.38;2.38;0;0;0;20.73;16.25;9.24;18.91;20.87;9.38;2.38;2.24;0;11.48;11.76;25.49;14.01;23.11;9.38;2.38;2.38;0;0;0
2023;25;Paraíba;2513208;Santa Cruz;Municipal;Total;231.01;240.18;251.16;241.77;;;5.14;6.57;6.66;10.05;10.13;18.13;18.21;10.13;13.38;1.58;1.67;4.99;6.8;6.88;14.97;18.53;14.96;21.38;8.16;1.67;;28.05;2.32;14.44;14.44;19.59;16.26;;4.9;;22.91;15.19;12.12;19.09;16.76;11.62;2.32;;;;;;;;;;;;;;;;;;;;;;;;;;;;;;;;;;;;;;;;;;;;;;;;;;;;;;;;;;;;;;;
2023;25;Paraíba;2513208;Santa Cruz;Municipal;Urbana;227.2;226.63;251.16;241.77;;;8.7;4.35;4.35;13.04;13.04;13.04;17.39;13.04;13.04;0;0;4.35;13.04;13.04;13.04;21.74;17.39;13.04;4.35;0;0;28.05;2.32;14.44;14.44;19.59;16.26;0;4.9;0;22.91;15.19;12.12;19.09;16.76;11.62;2.32;0;0;0;;;;;;;;;;;;;;;;;;;;;;;;;;;;;;;;;;;;;;;;;;;;;;;;;;;;;;;;;;;;
2023;25;Paraíba;2513208;Santa Cruz;Municipal;Rural;233.55;249.21;;;;;2.78;8.06;8.19;8.06;8.19;21.53;18.75;8.19;13.61;2.64;2.78;5.42;2.64;2.78;16.25;16.39;13.33;26.94;10.69;2.78;0;;;;;;;;;;;;;;;;;;;;;;;;;;;;;;;;;;;;;;;;;;;;;;;;;;;;;;;;;;;;;;;;;;;;;;;;;;;;;;;
2023;25;Paraíba;2513208;Santa Cruz;Total - Estadual e Municipal;Total;221;232.5;257.58;257.31;;;8.79;7.55;9.78;8.73;13.13;12.91;17.31;10.96;9.82;1.03;2.17;5.43;14.22;6.66;13.02;15.34;15.19;20.47;5.32;2.17;;20.21;4.09;14.19;19.14;22.29;14.69;1.28;4.11;;15.96;10.04;12.3;23.65;15.17;16.04;6.83;;;;;;;;;;;;;;;;;;;;;;;;20.73;16.25;9.24;18.91;20.87;9.38;2.38;2.24;;11.48;11.76;25.49;14.01;23.11;9.38;2.38;2.38;;;;20.73;16.25;9.24;18.91;20.87;9.38;2.38;2.24;;11.48;11.76;25.49;14.01;23.11;9.38;2.38;2.38;;;
2023;25;Paraíba;2513208;Santa Cruz;Total - Estadual e Municipal;Urbana;212.94;221.76;257.58;257.31;;;12.66;7.22;10.79;9.16;16.3;7.38;16.38;12.73;7.38;;1.79;5.43;21.66;9.16;10.95;14.67;16.38;16.3;1.86;1.79;;20.21;4.09;14.19;19.14;22.29;14.69;1.28;4.11;;15.96;10.04;12.3;23.65;15.17;16.04;6.83;;;;;;;;;;;;;;;;;;;;;;;;20.73;16.25;9.24;18.91;20.87;9.38;2.38;2.24;;11.48;11.76;25.49;14.01;23.11;9.38;2.38;2.38;;;;20.73;16.25;9.24;18.91;20.87;9.38;2.38;2.24;;11.48;11.76;25.49;14.01;23.11;9.38;2.38;2.38;;;
2023;25;Paraíba;2513208;Santa Cruz;Total - Estadual e Municipal;Rural;233.55;249.21;;;;;2.78;8.06;8.19;8.06;8.19;21.53;18.75;8.19;13.61;2.64;2.78;5.42;2.64;2.78;16.25;16.39;13.33;26.94;10.69;2.78;;;;;;;;;;;;;;;;;;;;;;;;;;;;;;;;;;;;;;;;;;;;;;;;;;;;;;;;;;;;;;;;;;;;;;;;;;;;;;;;
2023;25;Paraíba;2513208;Santa Cruz;Total - Federal  Estadual e Municipal;Total;221;232.5;257.58;257.31;;;8.79;7.55;9.78;8.73;13.13;12.91;17.31;10.96;9.82;1.03;2.17;5.43;14.22;6.66;13.02;15.34;15.19;20.47;5.32;2.17;;20.21;4.09;14.19;19.14;22.29;14.69;1.28;4.11;;15.96;10.04;12.3;23.65;15.17;16.04;6.83;;;;;;;;;;;;;;;;;;;;;;;;20.73;16.25;9.24;18.91;20.87;9.38;2.38;2.24;;11.48;11.76;25.49;14.01;23.11;9.38;2.38;2.38;;;;20.73;16.25;9.24;18.91;20.87;9.38;2.38;2.24;;11.48;11.76;25.49;14.01;23.11;9.38;2.38;2.38;;;
2023;25;Paraíba;2513208;Santa Cruz;Total - Federal  Estadual e Municipal;Urbana;212.94;221.76;257.58;257.31;;;12.66;7.22;10.79;9.16;16.3;7.38;16.38;12.73;7.38;;1.79;5.43;21.66;9.16;10.95;14.67;16.38;16.3;1.86;1.79;;20.21;4.09;14.19;19.14;22.29;14.69;1.28;4.11;;15.96;10.04;12.3;23.65;15.17;16.04;6.83;;;;;;;;;;;;;;;;;;;;;;;;20.73;16.25;9.24;18.91;20.87;9.38;2.38;2.24;;11.48;11.76;25.49;14.01;23.11;9.38;2.38;2.38;;;;20.73;16.25;9.24;18.91;20.87;9.38;2.38;2.24;;11.48;11.76;25.49;14.01;23.11;9.38;2.38;2.38;;;
2023;25;Paraíba;2513208;Santa Cruz;Total - Federal  Estadual e Municipal;Rural;233.55;249.21;;;;;2.78;8.06;8.19;8.06;8.19;21.53;18.75;8.19;13.61;2.64;2.78;5.42;2.64;2.78;16.25;16.39;13.33;26.94;10.69;2.78;;;;;;;;;;;;;;;;;;;;;;;;;;;;;;;;;;;;;;;;;;;;;;;;;;;;;;;;;;;;;;;;;;;;;;;;;;;;;;;;
2023;25;Paraíba;2513307;Santa Helena;Total - Federal  Estadual  Municipal e Privada;Total;210.27;217.72;234.96;233.24;296.92;286.69;3.56;11.22;12.33;18.47;16.95;16.24;7.54;6.15;5.13;2.41;3.57;5.08;14.68;12.14;18.26;21.18;11.5;6.26;4.92;1.23;1.18;38.4;9.93;8.47;11.19;16.77;12.45;2.79;;;29.8;19.84;12.56;12.65;14.07;8.33;;1.37;1.37;;6.84;7.02;15.19;21.94;21.94;15.29;10.07;;1.71;7.02;8.54;18.9;29.06;16.71;13.21;6.55;;;;;;;;;;;;;;;;;;;;;;;;;6.84;7.02;15.19;21.94;21.94;15.29;10.07;;1.71;7.02;8.54;18.9;29.06;16.71;13.21;6.55;;;;
2023;25;Paraíba;2513307;Santa Helena;Total - Federal  Estadual  Municipal e Privada;Urbana;206.8;213;229.34;228.02;296.92;286.69;4.55;10.86;12.28;20.13;19.93;13.79;6.16;6.12;3.08;3.08;4.57;3.02;17.03;15.52;19.87;20.11;7.74;4.52;4.55;1.57;1.51;42.86;11.65;7.71;9.49;13.25;13.16;1.88;;;34.96;21.33;11.37;7.61;13.44;7.52;;1.88;1.88;;6.84;7.02;15.19;21.94;21.94;15.29;10.07;;1.71;7.02;8.54;18.9;29.06;16.71;13.21;6.55;;;;;;;;;;;;;;;;;;;;;;;;;6.84;7.02;15.19;21.94;21.94;15.29;10.07;;1.71;7.02;8.54;18.9;29.06;16.71;13.21;6.55;;;;
2023;25;Paraíba;2513307;Santa Helena;Total - Federal  Estadual  Municipal e Privada;Rural;222.7;234.68;250.21;247.42;;;;12.5;12.5;12.5;6.25;25;12.5;6.25;12.5;;;12.5;6.25;;12.5;25;25;12.5;6.25;;;26.32;5.26;10.53;15.79;26.32;10.53;5.26;;;15.79;15.79;15.79;26.32;15.79;10.53;;;;;;;;;;;;;;;;;;;;;;;;;;;;;;;;;;;;;;;;;;;;;;;;;;;;;;;;;;;;;;;;
2023;25;Paraíba;2513307;Santa Helena;Estadual;Total;;;;;296.92;286.69;;;;;;;;;;;;;;;;;;;;;;;;;;;;;;;;;;;;;;;;;6.84;7.02;15.19;21.94;21.94;15.29;10.07;;1.71;7.02;8.54;18.9;29.06;16.71;13.21;6.55;;;;;;;;;;;;;;;;;;;;;;;;;6.84;7.02;15.19;21.94;21.94;15.29;10.07;;1.71;7.02;8.54;18.9;29.06;16.71;13.21;6.55;;;;
2023;25;Paraíba;2513307;Santa Helena;Estadual;Urbana;;;;;296.92;286.69;;;;;;;;;;;;;;;;;;;;;;;;;;;;;;;;;;;;;;;;;6.84;7.02;15.19;21.94;21.94;15.29;10.07;0;1.71;7.02;8.54;18.9;29.06;16.71;13.21;6.55;0;0;0;0;;;;;;;;;;;;;;;;;;;;;6.84;7.02;15.19;21.94;21.94;15.29;10.07;0;1.71;7.02;8.54;18.9;29.06;16.71;13.21;6.55;0;0;0;0
2023;25;Paraíba;2513307;Santa Helena;Municipal;Total;210.27;217.72;234.96;233.24;;;3.56;11.22;12.33;18.47;16.95;16.24;7.54;6.15;5.13;2.41;3.57;5.08;14.68;12.14;18.26;21.18;11.5;6.26;4.92;1.23;1.18;38.4;9.93;8.47;11.19;16.77;12.45;2.79;;;29.8;19.84;12.56;12.65;14.07;8.33;;1.37;1.37;;;;;;;;;;;;;;;;;;;;;;;;;;;;;;;;;;;;;;;;;;;;;;;;;;;;;;;;;;;;;
2023;25;Paraíba;2513307;Santa Helena;Municipal;Urbana;206.8;213;229.34;228.02;;;4.55;10.86;12.28;20.13;19.93;13.79;6.16;6.12;3.08;3.08;4.57;3.02;17.03;15.52;19.87;20.11;7.74;4.52;4.55;1.57;1.51;42.86;11.65;7.71;9.49;13.25;13.16;1.88;0;0;34.96;21.33;11.37;7.61;13.44;7.52;0;1.88;1.88;0;;;;;;;;;;;;;;;;;;;;;;;;;;;;;;;;;;;;;;;;;;;;;;;;;;;;;;;;;;;;
2023;25;Paraíba;2513307;Santa Helena;Municipal;Rural;222.7;234.68;250.21;247.42;;;0;12.5;12.5;12.5;6.25;25;12.5;6.25;12.5;0;0;12.5;6.25;0;12.5;25;25;12.5;6.25;0;0;26.32;5.26;10.53;15.79;26.32;10.53;5.26;0;0;15.79;15.79;15.79;26.32;15.79;10.53;0;0;0;0;;;;;;;;;;;;;;;;;;;;;;;;;;;;;;;;;;;;;;;;;;;;;;;;;;;;;;;;;;;;
2023;25;Paraíba;2513307;Santa Helena;Total - Estadual e Municipal;Total;210.27;217.72;234.96;233.24;296.92;286.69;3.56;11.22;12.33;18.47;16.95;16.24;7.54;6.15;5.13;2.41;3.57;5.08;14.68;12.14;18.26;21.18;11.5;6.26;4.92;1.23;1.18;38.4;9.93;8.47;11.19;16.77;12.45;2.79;;;29.8;19.84;12.56;12.65;14.07;8.33;;1.37;1.37;;6.84;7.02;15.19;21.94;21.94;15.29;10.07;;1.71;7.02;8.54;18.9;29.06;16.71;13.21;6.55;;;;;;;;;;;;;;;;;;;;;;;;;6.84;7.02;15.19;21.94;21.94;15.29;10.07;;1.71;7.02;8.54;18.9;29.06;16.71;13.21;6.55;;;;
2023;25;Paraíba;2513307;Santa Helena;Total - Estadual e Municipal;Urbana;206.8;213;229.34;228.02;296.92;286.69;4.55;10.86;12.28;20.13;19.93;13.79;6.16;6.12;3.08;3.08;4.57;3.02;17.03;15.52;19.87;20.11;7.74;4.52;4.55;1.57;1.51;42.86;11.65;7.71;9.49;13.25;13.16;1.88;;;34.96;21.33;11.37;7.61;13.44;7.52;;1.88;1.88;;6.84;7.02;15.19;21.94;21.94;15.29;10.07;;1.71;7.02;8.54;18.9;29.06;16.71;13.21;6.55;;;;;;;;;;;;;;;;;;;;;;;;;6.84;7.02;15.19;21.94;21.94;15.29;10.07;;1.71;7.02;8.54;18.9;29.06;16.71;13.21;6.55;;;;
2023;25;Paraíba;2513307;Santa Helena;Total - Estadual e Municipal;Rural;222.7;234.68;250.21;247.42;;;;12.5;12.5;12.5;6.25;25;12.5;6.25;12.5;;;12.5;6.25;;12.5;25;25;12.5;6.25;;;26.32;5.26;10.53;15.79;26.32;10.53;5.26;;;15.79;15.79;15.79;26.32;15.79;10.53;;;;;;;;;;;;;;;;;;;;;;;;;;;;;;;;;;;;;;;;;;;;;;;;;;;;;;;;;;;;;;;;
2023;25;Paraíba;2513307;Santa Helena;Total - Federal  Estadual e Municipal;Total;210.27;217.72;234.96;233.24;296.92;286.69;3.56;11.22;12.33;18.47;16.95;16.24;7.54;6.15;5.13;2.41;3.57;5.08;14.68;12.14;18.26;21.18;11.5;6.26;4.92;1.23;1.18;38.4;9.93;8.47;11.19;16.77;12.45;2.79;;;29.8;19.84;12.56;12.65;14.07;8.33;;1.37;1.37;;6.84;7.02;15.19;21.94;21.94;15.29;10.07;;1.71;7.02;8.54;18.9;29.06;16.71;13.21;6.55;;;;;;;;;;;;;;;;;;;;;;;;;6.84;7.02;15.19;21.94;21.94;15.29;10.07;;1.71;7.02;8.54;18.9;29.06;16.71;13.21;6.55;;;;
2023;25;Paraíba;2513307;Santa Helena;Total - Federal  Estadual e Municipal;Urbana;206.8;213;229.34;228.02;296.92;286.69;4.55;10.86;12.28;20.13;19.93;13.79;6.16;6.12;3.08;3.08;4.57;3.02;17.03;15.52;19.87;20.11;7.74;4.52;4.55;1.57;1.51;42.86;11.65;7.71;9.49;13.25;13.16;1.88;;;34.96;21.33;11.37;7.61;13.44;7.52;;1.88;1.88;;6.84;7.02;15.19;21.94;21.94;15.29;10.07;;1.71;7.02;8.54;18.9;29.06;16.71;13.21;6.55;;;;;;;;;;;;;;;;;;;;;;;;;6.84;7.02;15.19;21.94;21.94;15.29;10.07;;1.71;7.02;8.54;18.9;29.06;16.71;13.21;6.55;;;;
2023;25;Paraíba;2513307;Santa Helena;Total - Federal  Estadual e Municipal;Rural;222.7;234.68;250.21;247.42;;;;12.5;12.5;12.5;6.25;25;12.5;6.25;12.5;;;12.5;6.25;;12.5;25;25;12.5;6.25;;;26.32;5.26;10.53;15.79;26.32;10.53;5.26;;;15.79;15.79;15.79;26.32;15.79;10.53;;;;;;;;;;;;;;;;;;;;;;;;;;;;;;;;;;;;;;;;;;;;;;;;;;;;;;;;;;;;;;;;
2023;25;Paraíba;2513356;Santa Inês;Total - Federal  Estadual  Municipal e Privada;Total;187.31;205.54;212.91;222.22;261.03;257.02;23.81;4.76;19.05;9.52;23.81;;14.29;;4.76;;4.76;9.52;14.29;14.29;14.29;14.29;28.57;;;;;48.56;10.7;13.3;13.58;5.21;5.77;2.88;;;32.09;23.72;21.96;10.7;5.77;5.77;;;;;19.05;19.05;33.33;14.29;4.76;4.76;4.76;;;14.29;28.57;38.1;14.29;4.76;;;;;;;;;;;;;;;;;;;;;;;;;;;19.05;19.05;33.33;14.29;4.76;4.76;4.76;;;14.29;28.57;38.1;14.29;4.76;;;;;;
2023;25;Paraíba;2513356;Santa Inês;Total - Federal  Estadual  Municipal e Privada;Urbana;187.31;205.54;212.91;222.22;261.03;257.02;23.81;4.76;19.05;9.52;23.81;;14.29;;4.76;;4.76;9.52;14.29;14.29;14.29;14.29;28.57;;;;;48.56;10.7;13.3;13.58;5.21;5.77;2.88;;;32.09;23.72;21.96;10.7;5.77;5.77;;;;;19.05;19.05;33.33;14.29;4.76;4.76;4.76;;;14.29;28.57;38.1;14.29;4.76;;;;;;;;;;;;;;;;;;;;;;;;;;;19.05;19.05;33.33;14.29;4.76;4.76;4.76;;;14.29;28.57;38.1;14.29;4.76;;;;;;
2023;25;Paraíba;2513356;Santa Inês;Estadual;Total;;;205.19;209.7;261.03;257.02;;;;;;;;;;;;;;;;;;;;;;50;12.5;16.67;12.5;8.33;;;;;37.5;33.33;16.67;12.5;;;;;;;19.05;19.05;33.33;14.29;4.76;4.76;4.76;;;14.29;28.57;38.1;14.29;4.76;;;;;;;;;;;;;;;;;;;;;;;;;;;19.05;19.05;33.33;14.29;4.76;4.76;4.76;;;14.29;28.57;38.1;14.29;4.76;;;;;;
2023;25;Paraíba;2513356;Santa Inês;Estadual;Urbana;;;205.19;209.7;261.03;257.02;;;;;;;;;;;;;;;;;;;;;;50;12.5;16.67;12.5;8.33;0;0;0;0;37.5;33.33;16.67;12.5;0;0;0;0;0;0;19.05;19.05;33.33;14.29;4.76;4.76;4.76;0;0;14.29;28.57;38.1;14.29;4.76;0;0;0;0;0;0;;;;;;;;;;;;;;;;;;;;;19.05;19.05;33.33;14.29;4.76;4.76;4.76;0;0;14.29;28.57;38.1;14.29;4.76;0;0;0;0;0;0
2023;25;Paraíba;2513356;Santa Inês;Municipal;Total;187.31;205.54;225.77;243.09;;;23.81;4.76;19.05;9.52;23.81;;14.29;;4.76;;4.76;9.52;14.29;14.29;14.29;14.29;28.57;;;;;46.15;7.69;7.69;15.38;;15.38;7.69;;;23.08;7.69;30.77;7.69;15.38;15.38;;;;;;;;;;;;;;;;;;;;;;;;;;;;;;;;;;;;;;;;;;;;;;;;;;;;;;;;;;;;;;;;
2023;25;Paraíba;2513356;Santa Inês;Municipal;Urbana;187.31;205.54;225.77;243.09;;;23.81;4.76;19.05;9.52;23.81;0;14.29;0;4.76;0;4.76;9.52;14.29;14.29;14.29;14.29;28.57;0;0;0;0;46.15;7.69;7.69;15.38;0;15.38;7.69;0;0;23.08;7.69;30.77;7.69;15.38;15.38;0;0;0;0;;;;;;;;;;;;;;;;;;;;;;;;;;;;;;;;;;;;;;;;;;;;;;;;;;;;;;;;;;;;
2023;25;Paraíba;2513356;Santa Inês;Total - Estadual e Municipal;Total;187.31;205.54;212.91;222.22;261.03;257.02;23.81;4.76;19.05;9.52;23.81;;14.29;;4.76;;4.76;9.52;14.29;14.29;14.29;14.29;28.57;;;;;48.56;10.7;13.3;13.58;5.21;5.77;2.88;;;32.09;23.72;21.96;10.7;5.77;5.77;;;;;19.05;19.05;33.33;14.29;4.76;4.76;4.76;;;14.29;28.57;38.1;14.29;4.76;;;;;;;;;;;;;;;;;;;;;;;;;;;19.05;19.05;33.33;14.29;4.76;4.76;4.76;;;14.29;28.57;38.1;14.29;4.76;;;;;;
2023;25;Paraíba;2513356;Santa Inês;Total - Estadual e Municipal;Urbana;187.31;205.54;212.91;222.22;261.03;257.02;23.81;4.76;19.05;9.52;23.81;;14.29;;4.76;;4.76;9.52;14.29;14.29;14.29;14.29;28.57;;;;;48.56;10.7;13.3;13.58;5.21;5.77;2.88;;;32.09;23.72;21.96;10.7;5.77;5.77;;;;;19.05;19.05;33.33;14.29;4.76;4.76;4.76;;;14.29;28.57;38.1;14.29;4.76;;;;;;;;;;;;;;;;;;;;;;;;;;;19.05;19.05;33.33;14.29;4.76;4.76;4.76;;;14.29;28.57;38.1;14.29;4.76;;;;;;
2023;25;Paraíba;2513356;Santa Inês;Total - Federal  Estadual e Municipal;Total;187.31;205.54;212.91;222.22;261.03;257.02;23.81;4.76;19.05;9.52;23.81;;14.29;;4.76;;4.76;9.52;14.29;14.29;14.29;14.29;28.57;;;;;48.56;10.7;13.3;13.58;5.21;5.77;2.88;;;32.09;23.72;21.96;10.7;5.77;5.77;;;;;19.05;19.05;33.33;14.29;4.76;4.76;4.76;;;14.29;28.57;38.1;14.29;4.76;;;;;;;;;;;;;;;;;;;;;;;;;;;19.05;19.05;33.33;14.29;4.76;4.76;4.76;;;14.29;28.57;38.1;14.29;4.76;;;;;;
2023;25;Paraíba;2513356;Santa Inês;Total - Federal  Estadual e Municipal;Urbana;187.31;205.54;212.91;222.22;261.03;257.02;23.81;4.76;19.05;9.52;23.81;;14.29;;4.76;;4.76;9.52;14.29;14.29;14.29;14.29;28.57;;;;;48.56;10.7;13.3;13.58;5.21;5.77;2.88;;;32.09;23.72;21.96;10.7;5.77;5.77;;;;;19.05;19.05;33.33;14.29;4.76;4.76;4.76;;;14.29;28.57;38.1;14.29;4.76;;;;;;;;;;;;;;;;;;;;;;;;;;;19.05;19.05;33.33;14.29;4.76;4.76;4.76;;;14.29;28.57;38.1;14.29;4.76;;;;;;
2023;25;Paraíba;2513406;Santa Luzia;Total - Federal  Estadual  Municipal e Privada;Total;196.3;214.33;242.24;239.7;269;273.2;6.53;18.27;15.27;13.88;12.98;12.84;13.13;4.85;1.47;0.77;1.73;10.67;11.68;16.13;20.25;12.31;10.86;11.57;4.78;;;26.1;14.55;13.32;14.21;16.69;9.49;4.49;1.15;;20.84;20.85;17.31;16.19;14.14;6.74;2.2;1.72;;;15;20;20;15;15;15;;;;10;20;35;5;20;5;5;;;;;21;14.39;15.87;9.07;18.98;11.72;7.7;1.27;;17.2;20.65;20.59;16.94;15.6;6.48;2.55;;;;;19.72;15.59;16.75;10.33;18.14;12.42;6.06;1;;15.66;20.51;23.66;14.39;16.54;6.16;3.07;;;;
2023;25;Paraíba;2513406;Santa Luzia;Total - Federal  Estadual  Municipal e Privada;Urbana;196.3;214.33;242.24;239.7;269;273.2;6.53;18.27;15.27;13.88;12.98;12.84;13.13;4.85;1.47;0.77;1.73;10.67;11.68;16.13;20.25;12.31;10.86;11.57;4.78;;;26.1;14.55;13.32;14.21;16.69;9.49;4.49;1.15;;20.84;20.85;17.31;16.19;14.14;6.74;2.2;1.72;;;15;20;20;15;15;15;;;;10;20;35;5;20;5;5;;;;;21;14.39;15.87;9.07;18.98;11.72;7.7;1.27;;17.2;20.65;20.59;16.94;15.6;6.48;2.55;;;;;19.72;15.59;16.75;10.33;18.14;12.42;6.06;1;;15.66;20.51;23.66;14.39;16.54;6.16;3.07;;;;
2023;25;Paraíba;2513406;Santa Luzia;Federal;Total;;;;;;;;;;;;;;;;;;;;;;;;;;;;;;;;;;;;;;;;;;;;;;;;;;;;;;;;;;;;;;;;;;;4;12;4;4;36;28;8;4;;4;16;12;20;24;16;8;;;;;4;12;4;4;36;28;8;4;;4;16;12;20;24;16;8;;;;
2023;25;Paraíba;2513406;Santa Luzia;Federal;Urbana;;;;;;;;;;;;;;;;;;;;;;;;;;;;;;;;;;;;;;;;;;;;;;;;;;;;;;;;;;;;;;;;;;;4;12;4;4;36;28;8;4;0;4;16;12;20;24;16;8;0;0;0;0;4;12;4;4;36;28;8;4;0;4;16;12;20;24;16;8;0;0;0;0
2023;25;Paraíba;2513406;Santa Luzia;Estadual;Total;223.5;241.51;254.09;249.22;269;273.2;2.17;13.44;4.35;9.09;13.34;19.76;24.6;6.62;4.35;2.27;;6.72;4.45;9.09;15.42;11.07;20.06;24.31;8.89;;;16.92;14.98;12.31;15.33;23.89;10.33;5.18;1.07;;17.04;13.88;18.53;19.15;16.62;8.5;4.14;2.14;;;15;20;20;15;15;15;;;;10;20;35;5;20;5;5;;;;;28.93;15.51;21.41;11.43;11.04;4.12;7.56;;;23.36;22.82;24.6;15.51;11.68;2.04;;;;;;24.97;16.78;21.01;12.45;12.17;7.21;5.41;;;19.56;22.02;27.56;12.52;14.05;2.88;1.42;;;;
2023;25;Paraíba;2513406;Santa Luzia;Estadual;Urbana;223.5;241.51;254.09;249.22;269;273.2;2.17;13.44;4.35;9.09;13.34;19.76;24.6;6.62;4.35;2.27;0;6.72;4.45;9.09;15.42;11.07;20.06;24.31;8.89;0;0;16.92;14.98;12.31;15.33;23.89;10.33;5.18;1.07;0;17.04;13.88;18.53;19.15;16.62;8.5;4.14;2.14;0;0;15;20;20;15;15;15;0;0;0;10;20;35;5;20;5;5;0;0;0;0;28.93;15.51;21.41;11.43;11.04;4.12;7.56;0;0;23.36;22.82;24.6;15.51;11.68;2.04;0;0;0;0;0;24.97;16.78;21.01;12.45;12.17;7.21;5.41;0;0;19.56;22.02;27.56;12.52;14.05;2.88;1.42;0;0;0;0
2023;25;Paraíba;2513406;Santa Luzia;Municipal;Total;182.37;200.41;228.78;228.88;;;8.77;20.74;20.87;16.34;12.79;9.29;7.26;3.95;;;2.61;12.7;15.39;19.73;22.73;12.95;6.16;5.05;2.68;;;36.54;14.06;14.48;12.94;8.5;8.54;3.71;1.24;;25.16;28.76;15.93;12.84;11.31;4.75;;1.24;;;;;;;;;;;;;;;;;;;;;;;;;;;;;;;;;;;;;;;;;;;;;;;;;;;;;;;;;;;;;;
2023;25;Paraíba;2513406;Santa Luzia;Municipal;Urbana;182.37;200.41;228.78;228.88;;;8.77;20.74;20.87;16.34;12.79;9.29;7.26;3.95;0;0;2.61;12.7;15.39;19.73;22.73;12.95;6.16;5.05;2.68;0;0;36.54;14.06;14.48;12.94;8.5;8.54;3.71;1.24;0;25.16;28.76;15.93;12.84;11.31;4.75;0;1.24;0;0;;;;;;;;;;;;;;;;;;;;;;;;;;;;;;;;;;;;;;;;;;;;;;;;;;;;;;;;;;;;
2023;25;Paraíba;2513406;Santa Luzia;Total - Estadual e Municipal;Total;196.3;214.33;242.24;239.7;269;273.2;6.53;18.27;15.27;13.88;12.98;12.84;13.13;4.85;1.47;0.77;1.73;10.67;11.68;16.13;20.25;12.31;10.86;11.57;4.78;;;26.1;14.55;13.32;14.21;16.69;9.49;4.49;1.15;;20.84;20.85;17.31;16.19;14.14;6.74;2.2;1.72;;;15;20;20;15;15;15;;;;10;20;35;5;20;5;5;;;;;28.93;15.51;21.41;11.43;11.04;4.12;7.56;;;23.36;22.82;24.6;15.51;11.68;2.04;;;;;;24.97;16.78;21.01;12.45;12.17;7.21;5.41;;;19.56;22.02;27.56;12.52;14.05;2.88;1.42;;;;
2023;25;Paraíba;2513406;Santa Luzia;Total - Estadual e Municipal;Urbana;196.3;214.33;242.24;239.7;269;273.2;6.53;18.27;15.27;13.88;12.98;12.84;13.13;4.85;1.47;0.77;1.73;10.67;11.68;16.13;20.25;12.31;10.86;11.57;4.78;;;26.1;14.55;13.32;14.21;16.69;9.49;4.49;1.15;;20.84;20.85;17.31;16.19;14.14;6.74;2.2;1.72;;;15;20;20;15;15;15;;;;10;20;35;5;20;5;5;;;;;28.93;15.51;21.41;11.43;11.04;4.12;7.56;;;23.36;22.82;24.6;15.51;11.68;2.04;;;;;;24.97;16.78;21.01;12.45;12.17;7.21;5.41;;;19.56;22.02;27.56;12.52;14.05;2.88;1.42;;;;
2023;25;Paraíba;2513406;Santa Luzia;Total - Federal  Estadual e Municipal;Total;196.3;214.33;242.24;239.7;269;273.2;6.53;18.27;15.27;13.88;12.98;12.84;13.13;4.85;1.47;0.77;1.73;10.67;11.68;16.13;20.25;12.31;10.86;11.57;4.78;;;26.1;14.55;13.32;14.21;16.69;9.49;4.49;1.15;;20.84;20.85;17.31;16.19;14.14;6.74;2.2;1.72;;;15;20;20;15;15;15;;;;10;20;35;5;20;5;5;;;;;21;14.39;15.87;9.07;18.98;11.72;7.7;1.27;;17.2;20.65;20.59;16.94;15.6;6.48;2.55;;;;;19.72;15.59;16.75;10.33;18.14;12.42;6.06;1;;15.66;20.51;23.66;14.39;16.54;6.16;3.07;;;;
2023;25;Paraíba;2513406;Santa Luzia;Total - Federal  Estadual e Municipal;Urbana;196.3;214.33;242.24;239.7;269;273.2;6.53;18.27;15.27;13.88;12.98;12.84;13.13;4.85;1.47;0.77;1.73;10.67;11.68;16.13;20.25;12.31;10.86;11.57;4.78;;;26.1;14.55;13.32;14.21;16.69;9.49;4.49;1.15;;20.84;20.85;17.31;16.19;14.14;6.74;2.2;1.72;;;15;20;20;15;15;15;;;;10;20;35;5;20;5;5;;;;;21;14.39;15.87;9.07;18.98;11.72;7.7;1.27;;17.2;20.65;20.59;16.94;15.6;6.48;2.55;;;;;19.72;15.59;16.75;10.33;18.14;12.42;6.06;1;;15.66;20.51;23.66;14.39;16.54;6.16;3.07;;;;
2023;25;Paraíba;2513505;Santana de Mangueira;Total - Federal  Estadual  Municipal e Privada;Total;171.99;193.23;229.85;250.71;255.85;260.94;9.3;21.6;24.12;28.54;8.27;4.95;;1.61;1.61;;4.14;13.42;21.49;17.87;19.57;13.41;3.43;6.66;;;;21.61;31.95;20.9;15.24;3.92;6.37;;;;12.79;9.63;20.37;29.46;19.92;5.88;;1.96;;;25.23;22.92;12.04;24.85;10.96;4.01;;;;15.35;20.99;29.24;18.75;13.81;1.85;;;;;;;;;;;;;;;;;;;;;;;;;;25.23;22.92;12.04;24.85;10.96;4.01;;;;15.35;20.99;29.24;18.75;13.81;1.85;;;;;
2023;25;Paraíba;2513505;Santana de Mangueira;Total - Federal  Estadual  Municipal e Privada;Urbana;176.16;202.82;227.33;249.49;255.85;260.94;8.53;20.78;20.91;29.39;10.25;6.13;;2;2;;2.13;10.64;14.65;19.16;24.27;16.63;4.26;8.26;;;;20.2;34.85;19.19;14.65;5.56;5.56;;;;14.65;13.64;18.43;17.42;24.75;8.33;;2.78;;;25.23;22.92;12.04;24.85;10.96;4.01;;;;15.35;20.99;29.24;18.75;13.81;1.85;;;;;;;;;;;;;;;;;;;;;;;;;;25.23;22.92;12.04;24.85;10.96;4.01;;;;15.35;20.99;29.24;18.75;13.81;1.85;;;;;
2023;25;Paraíba;2513505;Santana de Mangueira;Total - Federal  Estadual  Municipal e Privada;Rural;;;235.91;253.64;;;;;;;;;;;;;;;;;;;;;;;;25;25;25;16.67;;8.33;;;;8.33;;25;58.33;8.33;;;;;;;;;;;;;;;;;;;;;;;;;;;;;;;;;;;;;;;;;;;;;;;;;;;;;;;;;;;;;;;;;
2023;25;Paraíba;2513505;Santana de Mangueira;Estadual;Total;;;;;255.85;260.94;;;;;;;;;;;;;;;;;;;;;;;;;;;;;;;;;;;;;;;;;25.23;22.92;12.04;24.85;10.96;4.01;;;;15.35;20.99;29.24;18.75;13.81;1.85;;;;;;;;;;;;;;;;;;;;;;;;;;25.23;22.92;12.04;24.85;10.96;4.01;;;;15.35;20.99;29.24;18.75;13.81;1.85;;;;;
2023;25;Paraíba;2513505;Santana de Mangueira;Estadual;Urbana;;;;;255.85;260.94;;;;;;;;;;;;;;;;;;;;;;;;;;;;;;;;;;;;;;;;;25.23;22.92;12.04;24.85;10.96;4.01;0;0;0;15.35;20.99;29.24;18.75;13.81;1.85;0;0;0;0;0;;;;;;;;;;;;;;;;;;;;;25.23;22.92;12.04;24.85;10.96;4.01;0;0;0;15.35;20.99;29.24;18.75;13.81;1.85;0;0;0;0;0
2023;25;Paraíba;2513505;Santana de Mangueira;Municipal;Total;171.99;193.23;229.85;250.71;;;9.3;21.6;24.12;28.54;8.27;4.95;;1.61;1.61;;4.14;13.42;21.49;17.87;19.57;13.41;3.43;6.66;;;;21.61;31.95;20.9;15.24;3.92;6.37;;;;12.79;9.63;20.37;29.46;19.92;5.88;;1.96;;;;;;;;;;;;;;;;;;;;;;;;;;;;;;;;;;;;;;;;;;;;;;;;;;;;;;;;;;;;;;
2023;25;Paraíba;2513505;Santana de Mangueira;Municipal;Urbana;176.16;202.82;227.33;249.49;;;8.53;20.78;20.91;29.39;10.25;6.13;0;2;2;0;2.13;10.64;14.65;19.16;24.27;16.63;4.26;8.26;0;0;0;20.2;34.85;19.19;14.65;5.56;5.56;0;0;0;14.65;13.64;18.43;17.42;24.75;8.33;0;2.78;0;0;;;;;;;;;;;;;;;;;;;;;;;;;;;;;;;;;;;;;;;;;;;;;;;;;;;;;;;;;;;;
2023;25;Paraíba;2513505;Santana de Mangueira;Municipal;Rural;;;235.91;253.64;;;;;;;;;;;;;;;;;;;;;;;;25;25;25;16.67;0;8.33;0;0;0;8.33;0;25;58.33;8.33;0;0;0;0;0;;;;;;;;;;;;;;;;;;;;;;;;;;;;;;;;;;;;;;;;;;;;;;;;;;;;;;;;;;;;
2023;25;Paraíba;2513505;Santana de Mangueira;Total - Estadual e Municipal;Total;171.99;193.23;229.85;250.71;255.85;260.94;9.3;21.6;24.12;28.54;8.27;4.95;;1.61;1.61;;4.14;13.42;21.49;17.87;19.57;13.41;3.43;6.66;;;;21.61;31.95;20.9;15.24;3.92;6.37;;;;12.79;9.63;20.37;29.46;19.92;5.88;;1.96;;;25.23;22.92;12.04;24.85;10.96;4.01;;;;15.35;20.99;29.24;18.75;13.81;1.85;;;;;;;;;;;;;;;;;;;;;;;;;;25.23;22.92;12.04;24.85;10.96;4.01;;;;15.35;20.99;29.24;18.75;13.81;1.85;;;;;
2023;25;Paraíba;2513505;Santana de Mangueira;Total - Estadual e Municipal;Urbana;176.16;202.82;227.33;249.49;255.85;260.94;8.53;20.78;20.91;29.39;10.25;6.13;;2;2;;2.13;10.64;14.65;19.16;24.27;16.63;4.26;8.26;;;;20.2;34.85;19.19;14.65;5.56;5.56;;;;14.65;13.64;18.43;17.42;24.75;8.33;;2.78;;;25.23;22.92;12.04;24.85;10.96;4.01;;;;15.35;20.99;29.24;18.75;13.81;1.85;;;;;;;;;;;;;;;;;;;;;;;;;;25.23;22.92;12.04;24.85;10.96;4.01;;;;15.35;20.99;29.24;18.75;13.81;1.85;;;;;
2023;25;Paraíba;2513505;Santana de Mangueira;Total - Estadual e Municipal;Rural;;;235.91;253.64;;;;;;;;;;;;;;;;;;;;;;;;25;25;25;16.67;;8.33;;;;8.33;;25;58.33;8.33;;;;;;;;;;;;;;;;;;;;;;;;;;;;;;;;;;;;;;;;;;;;;;;;;;;;;;;;;;;;;;;;;
2023;25;Paraíba;2513505;Santana de Mangueira;Total - Federal  Estadual e Municipal;Total;171.99;193.23;229.85;250.71;255.85;260.94;9.3;21.6;24.12;28.54;8.27;4.95;;1.61;1.61;;4.14;13.42;21.49;17.87;19.57;13.41;3.43;6.66;;;;21.61;31.95;20.9;15.24;3.92;6.37;;;;12.79;9.63;20.37;29.46;19.92;5.88;;1.96;;;25.23;22.92;12.04;24.85;10.96;4.01;;;;15.35;20.99;29.24;18.75;13.81;1.85;;;;;;;;;;;;;;;;;;;;;;;;;;25.23;22.92;12.04;24.85;10.96;4.01;;;;15.35;20.99;29.24;18.75;13.81;1.85;;;;;
2023;25;Paraíba;2513505;Santana de Mangueira;Total - Federal  Estadual e Municipal;Urbana;176.16;202.82;227.33;249.49;255.85;260.94;8.53;20.78;20.91;29.39;10.25;6.13;;2;2;;2.13;10.64;14.65;19.16;24.27;16.63;4.26;8.26;;;;20.2;34.85;19.19;14.65;5.56;5.56;;;;14.65;13.64;18.43;17.42;24.75;8.33;;2.78;;;25.23;22.92;12.04;24.85;10.96;4.01;;;;15.35;20.99;29.24;18.75;13.81;1.85;;;;;;;;;;;;;;;;;;;;;;;;;;25.23;22.92;12.04;24.85;10.96;4.01;;;;15.35;20.99;29.24;18.75;13.81;1.85;;;;;
2023;25;Paraíba;2513505;Santana de Mangueira;Total - Federal  Estadual e Municipal;Rural;;;235.91;253.64;;;;;;;;;;;;;;;;;;;;;;;;25;25;25;16.67;;8.33;;;;8.33;;25;58.33;8.33;;;;;;;;;;;;;;;;;;;;;;;;;;;;;;;;;;;;;;;;;;;;;;;;;;;;;;;;;;;;;;;;;
2023;25;Paraíba;2513604;Santana dos Garrotes;Total - Federal  Estadual  Municipal e Privada;Total;179.5;187.79;227.15;229.3;272.96;271.87;16.11;18.45;4.92;27.31;18.78;10.82;3.61;;;;5.25;8.9;14.47;36.86;25.29;1.64;1.64;5.95;;;;33.24;17.42;18.58;12.27;10.23;5.19;3.08;;;28.77;20.81;21.46;7.22;13.55;5.12;2.1;0.98;;;19.29;19.07;14.3;14.19;14.19;16.52;2.44;;;19.29;13.97;21.4;11.86;28.82;2.33;2.33;;;;;;;;;;;;;;;;;;;;;;;;;19.29;19.07;14.3;14.19;14.19;16.52;2.44;;;19.29;13.97;21.4;11.86;28.82;2.33;2.33;;;;
2023;25;Paraíba;2513604;Santana dos Garrotes;Total - Federal  Estadual  Municipal e Privada;Urbana;;;225.54;230.8;272.96;271.87;;;;;;;;;;;;;;;;;;;;;;36.48;15.16;19.65;10.58;9.06;6.04;3.02;;;25.83;24.26;18.15;7.55;16.65;4.53;3.02;;;;19.29;19.07;14.3;14.19;14.19;16.52;2.44;;;19.29;13.97;21.4;11.86;28.82;2.33;2.33;;;;;;;;;;;;;;;;;;;;;;;;;19.29;19.07;14.3;14.19;14.19;16.52;2.44;;;19.29;13.97;21.4;11.86;28.82;2.33;2.33;;;;
2023;25;Paraíba;2513604;Santana dos Garrotes;Total - Federal  Estadual  Municipal e Privada;Rural;165.24;182.98;230.82;225.87;;;19.39;24.49;10.71;28.06;17.35;;;;;;3.57;19.39;15.82;33.16;15.82;3.57;3.57;5.1;;;;25.81;22.58;16.13;16.13;12.9;3.23;3.23;;;35.48;12.9;29.03;6.45;6.45;6.45;;3.23;;;;;;;;;;;;;;;;;;;;;;;;;;;;;;;;;;;;;;;;;;;;;;;;;;;;;;;;;;;;;;
2023;25;Paraíba;2513604;Santana dos Garrotes;Estadual;Total;;;178.53;195.39;272.96;271.87;;;;;;;;;;;;;;;;;;;;;;81.82;18.18;;;;;;;;54.55;27.27;9.09;;9.09;;;;;;19.29;19.07;14.3;14.19;14.19;16.52;2.44;;;19.29;13.97;21.4;11.86;28.82;2.33;2.33;;;;;;;;;;;;;;;;;;;;;;;;;19.29;19.07;14.3;14.19;14.19;16.52;2.44;;;19.29;13.97;21.4;11.86;28.82;2.33;2.33;;;;
2023;25;Paraíba;2513604;Santana dos Garrotes;Estadual;Urbana;;;178.53;195.39;272.96;271.87;;;;;;;;;;;;;;;;;;;;;;81.82;18.18;0;0;0;0;0;0;0;54.55;27.27;9.09;0;9.09;0;0;0;0;0;19.29;19.07;14.3;14.19;14.19;16.52;2.44;0;0;19.29;13.97;21.4;11.86;28.82;2.33;2.33;0;0;0;0;;;;;;;;;;;;;;;;;;;;;19.29;19.07;14.3;14.19;14.19;16.52;2.44;0;0;19.29;13.97;21.4;11.86;28.82;2.33;2.33;0;0;0;0
2023;25;Paraíba;2513604;Santana dos Garrotes;Municipal;Total;179.5;187.79;233.63;233.82;;;16.11;18.45;4.92;27.31;18.78;10.82;3.61;;;;5.25;8.9;14.47;36.86;25.29;1.64;1.64;5.95;;;;26.76;17.32;21.06;13.9;11.59;5.88;3.5;;;25.33;19.94;23.11;8.18;14.15;5.8;2.38;1.11;;;;;;;;;;;;;;;;;;;;;;;;;;;;;;;;;;;;;;;;;;;;;;;;;;;;;;;;;;;;;;
2023;25;Paraíba;2513604;Santana dos Garrotes;Municipal;Urbana;;;235.11;238;;;;;;;;;;;;;;;;;;;;;;;;27.26;14.55;23.64;12.73;10.9;7.27;3.64;0;0;19.99;23.64;19.99;9.08;18.19;5.46;3.64;0;0;0;;;;;;;;;;;;;;;;;;;;;;;;;;;;;;;;;;;;;;;;;;;;;;;;;;;;;;;;;;;;
2023;25;Paraíba;2513604;Santana dos Garrotes;Municipal;Rural;165.24;182.98;230.82;225.87;;;19.39;24.49;10.71;28.06;17.35;0;0;0;0;0;3.57;19.39;15.82;33.16;15.82;3.57;3.57;5.1;0;0;0;25.81;22.58;16.13;16.13;12.9;3.23;3.23;0;0;35.48;12.9;29.03;6.45;6.45;6.45;0;3.23;0;0;;;;;;;;;;;;;;;;;;;;;;;;;;;;;;;;;;;;;;;;;;;;;;;;;;;;;;;;;;;;
2023;25;Paraíba;2513604;Santana dos Garrotes;Total - Estadual e Municipal;Total;179.5;187.79;227.15;229.3;272.96;271.87;16.11;18.45;4.92;27.31;18.78;10.82;3.61;;;;5.25;8.9;14.47;36.86;25.29;1.64;1.64;5.95;;;;33.24;17.42;18.58;12.27;10.23;5.19;3.08;;;28.77;20.81;21.46;7.22;13.55;5.12;2.1;0.98;;;19.29;19.07;14.3;14.19;14.19;16.52;2.44;;;19.29;13.97;21.4;11.86;28.82;2.33;2.33;;;;;;;;;;;;;;;;;;;;;;;;;19.29;19.07;14.3;14.19;14.19;16.52;2.44;;;19.29;13.97;21.4;11.86;28.82;2.33;2.33;;;;
2023;25;Paraíba;2513604;Santana dos Garrotes;Total - Estadual e Municipal;Urbana;;;225.54;230.8;272.96;271.87;;;;;;;;;;;;;;;;;;;;;;36.48;15.16;19.65;10.58;9.06;6.04;3.02;;;25.83;24.26;18.15;7.55;16.65;4.53;3.02;;;;19.29;19.07;14.3;14.19;14.19;16.52;2.44;;;19.29;13.97;21.4;11.86;28.82;2.33;2.33;;;;;;;;;;;;;;;;;;;;;;;;;19.29;19.07;14.3;14.19;14.19;16.52;2.44;;;19.29;13.97;21.4;11.86;28.82;2.33;2.33;;;;
2023;25;Paraíba;2513604;Santana dos Garrotes;Total - Estadual e Municipal;Rural;165.24;182.98;230.82;225.87;;;19.39;24.49;10.71;28.06;17.35;;;;;;3.57;19.39;15.82;33.16;15.82;3.57;3.57;5.1;;;;25.81;22.58;16.13;16.13;12.9;3.23;3.23;;;35.48;12.9;29.03;6.45;6.45;6.45;;3.23;;;;;;;;;;;;;;;;;;;;;;;;;;;;;;;;;;;;;;;;;;;;;;;;;;;;;;;;;;;;;;
2023;25;Paraíba;2513604;Santana dos Garrotes;Total - Federal  Estadual e Municipal;Total;179.5;187.79;227.15;229.3;272.96;271.87;16.11;18.45;4.92;27.31;18.78;10.82;3.61;;;;5.25;8.9;14.47;36.86;25.29;1.64;1.64;5.95;;;;33.24;17.42;18.58;12.27;10.23;5.19;3.08;;;28.77;20.81;21.46;7.22;13.55;5.12;2.1;0.98;;;19.29;19.07;14.3;14.19;14.19;16.52;2.44;;;19.29;13.97;21.4;11.86;28.82;2.33;2.33;;;;;;;;;;;;;;;;;;;;;;;;;19.29;19.07;14.3;14.19;14.19;16.52;2.44;;;19.29;13.97;21.4;11.86;28.82;2.33;2.33;;;;
2023;25;Paraíba;2513604;Santana dos Garrotes;Total - Federal  Estadual e Municipal;Urbana;;;225.54;230.8;272.96;271.87;;;;;;;;;;;;;;;;;;;;;;36.48;15.16;19.65;10.58;9.06;6.04;3.02;;;25.83;24.26;18.15;7.55;16.65;4.53;3.02;;;;19.29;19.07;14.3;14.19;14.19;16.52;2.44;;;19.29;13.97;21.4;11.86;28.82;2.33;2.33;;;;;;;;;;;;;;;;;;;;;;;;;19.29;19.07;14.3;14.19;14.19;16.52;2.44;;;19.29;13.97;21.4;11.86;28.82;2.33;2.33;;;;
2023;25;Paraíba;2513604;Santana dos Garrotes;Total - Federal  Estadual e Municipal;Rural;165.24;182.98;230.82;225.87;;;19.39;24.49;10.71;28.06;17.35;;;;;;3.57;19.39;15.82;33.16;15.82;3.57;3.57;5.1;;;;25.81;22.58;16.13;16.13;12.9;3.23;3.23;;;35.48;12.9;29.03;6.45;6.45;6.45;;3.23;;;;;;;;;;;;;;;;;;;;;;;;;;;;;;;;;;;;;;;;;;;;;;;;;;;;;;;;;;;;;;
2023;25;Paraíba;2513653;Joca Claudino;Total - Federal  Estadual  Municipal e Privada;Total;210.61;222.69;271.37;249.18;249.74;228.45;3.45;10.34;6.9;27.59;13.79;13.79;13.79;6.9;3.45;;;6.9;10.34;20.69;24.14;3.45;10.34;17.24;3.45;3.45;;12.9;6.45;12.9;19.35;16.13;19.35;9.68;;3.23;16.13;6.45;22.58;29.03;16.13;9.68;;;;;42.58;13.86;2.71;19.61;15.18;3.04;;3.04;;56.44;20.59;8.45;11.48;3.04;;;;;;;;;;;;;;;;;;;;;;;;;;;42.58;13.86;2.71;19.61;15.18;3.04;;3.04;;56.44;20.59;8.45;11.48;3.04;;;;;;
2023;25;Paraíba;2513653;Joca Claudino;Total - Federal  Estadual  Municipal e Privada;Urbana;210.61;222.69;271.37;249.18;249.74;228.45;3.45;10.34;6.9;27.59;13.79;13.79;13.79;6.9;3.45;;;6.9;10.34;20.69;24.14;3.45;10.34;17.24;3.45;3.45;;12.9;6.45;12.9;19.35;16.13;19.35;9.68;;3.23;16.13;6.45;22.58;29.03;16.13;9.68;;;;;42.58;13.86;2.71;19.61;15.18;3.04;;3.04;;56.44;20.59;8.45;11.48;3.04;;;;;;;;;;;;;;;;;;;;;;;;;;;42.58;13.86;2.71;19.61;15.18;3.04;;3.04;;56.44;20.59;8.45;11.48;3.04;;;;;;
2023;25;Paraíba;2513653;Joca Claudino;Estadual;Total;;;;;249.74;228.45;;;;;;;;;;;;;;;;;;;;;;;;;;;;;;;;;;;;;;;;;42.58;13.86;2.71;19.61;15.18;3.04;;3.04;;56.44;20.59;8.45;11.48;3.04;;;;;;;;;;;;;;;;;;;;;;;;;;;42.58;13.86;2.71;19.61;15.18;3.04;;3.04;;56.44;20.59;8.45;11.48;3.04;;;;;;
2023;25;Paraíba;2513653;Joca Claudino;Estadual;Urbana;;;;;249.74;228.45;;;;;;;;;;;;;;;;;;;;;;;;;;;;;;;;;;;;;;;;;42.58;13.86;2.71;19.61;15.18;3.04;0;3.04;0;56.44;20.59;8.45;11.48;3.04;0;0;0;0;0;0;;;;;;;;;;;;;;;;;;;;;42.58;13.86;2.71;19.61;15.18;3.04;0;3.04;0;56.44;20.59;8.45;11.48;3.04;0;0;0;0;0;0
2023;25;Paraíba;2513653;Joca Claudino;Municipal;Total;210.61;222.69;271.37;249.18;;;3.45;10.34;6.9;27.59;13.79;13.79;13.79;6.9;3.45;;;6.9;10.34;20.69;24.14;3.45;10.34;17.24;3.45;3.45;;12.9;6.45;12.9;19.35;16.13;19.35;9.68;;3.23;16.13;6.45;22.58;29.03;16.13;9.68;;;;;;;;;;;;;;;;;;;;;;;;;;;;;;;;;;;;;;;;;;;;;;;;;;;;;;;;;;;;;;;;
2023;25;Paraíba;2513653;Joca Claudino;Municipal;Urbana;210.61;222.69;271.37;249.18;;;3.45;10.34;6.9;27.59;13.79;13.79;13.79;6.9;3.45;0;0;6.9;10.34;20.69;24.14;3.45;10.34;17.24;3.45;3.45;0;12.9;6.45;12.9;19.35;16.13;19.35;9.68;0;3.23;16.13;6.45;22.58;29.03;16.13;9.68;0;0;0;0;;;;;;;;;;;;;;;;;;;;;;;;;;;;;;;;;;;;;;;;;;;;;;;;;;;;;;;;;;;;
2023;25;Paraíba;2513653;Joca Claudino;Total - Estadual e Municipal;Total;210.61;222.69;271.37;249.18;249.74;228.45;3.45;10.34;6.9;27.59;13.79;13.79;13.79;6.9;3.45;;;6.9;10.34;20.69;24.14;3.45;10.34;17.24;3.45;3.45;;12.9;6.45;12.9;19.35;16.13;19.35;9.68;;3.23;16.13;6.45;22.58;29.03;16.13;9.68;;;;;42.58;13.86;2.71;19.61;15.18;3.04;;3.04;;56.44;20.59;8.45;11.48;3.04;;;;;;;;;;;;;;;;;;;;;;;;;;;42.58;13.86;2.71;19.61;15.18;3.04;;3.04;;56.44;20.59;8.45;11.48;3.04;;;;;;
2023;25;Paraíba;2513653;Joca Claudino;Total - Estadual e Municipal;Urbana;210.61;222.69;271.37;249.18;249.74;228.45;3.45;10.34;6.9;27.59;13.79;13.79;13.79;6.9;3.45;;;6.9;10.34;20.69;24.14;3.45;10.34;17.24;3.45;3.45;;12.9;6.45;12.9;19.35;16.13;19.35;9.68;;3.23;16.13;6.45;22.58;29.03;16.13;9.68;;;;;42.58;13.86;2.71;19.61;15.18;3.04;;3.04;;56.44;20.59;8.45;11.48;3.04;;;;;;;;;;;;;;;;;;;;;;;;;;;42.58;13.86;2.71;19.61;15.18;3.04;;3.04;;56.44;20.59;8.45;11.48;3.04;;;;;;
2023;25;Paraíba;2513653;Joca Claudino;Total - Federal  Estadual e Municipal;Total;210.61;222.69;271.37;249.18;249.74;228.45;3.45;10.34;6.9;27.59;13.79;13.79;13.79;6.9;3.45;;;6.9;10.34;20.69;24.14;3.45;10.34;17.24;3.45;3.45;;12.9;6.45;12.9;19.35;16.13;19.35;9.68;;3.23;16.13;6.45;22.58;29.03;16.13;9.68;;;;;42.58;13.86;2.71;19.61;15.18;3.04;;3.04;;56.44;20.59;8.45;11.48;3.04;;;;;;;;;;;;;;;;;;;;;;;;;;;42.58;13.86;2.71;19.61;15.18;3.04;;3.04;;56.44;20.59;8.45;11.48;3.04;;;;;;
2023;25;Paraíba;2513653;Joca Claudino;Total - Federal  Estadual e Municipal;Urbana;210.61;222.69;271.37;249.18;249.74;228.45;3.45;10.34;6.9;27.59;13.79;13.79;13.79;6.9;3.45;;;6.9;10.34;20.69;24.14;3.45;10.34;17.24;3.45;3.45;;12.9;6.45;12.9;19.35;16.13;19.35;9.68;;3.23;16.13;6.45;22.58;29.03;16.13;9.68;;;;;42.58;13.86;2.71;19.61;15.18;3.04;;3.04;;56.44;20.59;8.45;11.48;3.04;;;;;;;;;;;;;;;;;;;;;;;;;;;42.58;13.86;2.71;19.61;15.18;3.04;;3.04;;56.44;20.59;8.45;11.48;3.04;;;;;;
2023;25;Paraíba;2513703;Santa Rita;Total - Federal  Estadual  Municipal e Privada;Total;174.37;181.08;238.72;224.71;247.79;242.02;12.22;24.63;20.16;15.06;12.29;8.83;4.04;2.17;0.38;0.22;6.54;19.13;23.71;20.66;14.18;9.1;4.31;1.66;0.57;0.14;;22.26;17.18;18.57;18.84;13.32;6.58;2.82;0.42;;27.63;22.71;23;15.08;6.93;3.35;1.21;0.08;;;35.13;18.66;15.87;13.63;9.99;5.21;1.34;0.18;;36.83;25.89;15.91;14.87;3.5;2.72;0.14;0.14;;;;16.29;11.92;13.59;17.99;18.89;15.44;3.29;2.61;;24.46;16.23;18.99;16.05;12.93;5.46;2.73;2.24;0.48;0.42;;31.05;17.2;15.38;14.57;11.91;7.42;1.76;0.7;;34.15;23.8;16.58;15.12;5.54;3.32;0.7;0.6;0.1;0.09;
2023;25;Paraíba;2513703;Santa Rita;Total - Federal  Estadual  Municipal e Privada;Urbana;176.31;182.35;240.68;225.62;248.16;242.2;12.58;23.58;18.8;14.6;13.11;9.74;4.44;2.66;0.3;0.18;6.15;18.93;22.74;20.14;15.45;9.88;4.52;1.49;0.62;0.08;;20.68;17.53;18.15;19.32;13.66;6.99;3.19;0.47;;26.97;22.61;22.38;15.85;7.18;3.62;1.28;0.09;;;34.8;18.53;15.91;13.85;10.2;5.13;1.39;0.18;;36.56;25.89;15.95;15.25;3.49;2.56;0.15;0.15;;;;16.29;11.92;13.59;17.99;18.89;15.44;3.29;2.61;;24.46;16.23;18.99;16.05;12.93;5.46;2.73;2.24;0.48;0.42;;30.69;17.06;15.39;14.77;12.13;7.42;1.81;0.72;;33.87;23.74;16.62;15.43;5.59;3.21;0.72;0.61;0.11;0.09;
2023;25;Paraíba;2513703;Santa Rita;Total - Federal  Estadual  Municipal e Privada;Rural;167.24;176.4;223.89;217.83;237.09;236.56;10.88;28.5;25.18;16.72;9.26;5.44;2.58;0.36;0.69;0.37;7.97;19.89;27.32;22.58;9.47;6.24;3.53;2.3;0.36;0.34;;34.3;14.53;21.8;15.2;10.76;3.41;;;;32.61;23.44;27.67;9.28;5;1.32;0.69;;;;44.44;22.22;14.81;7.41;3.7;7.41;;;;44.44;25.93;14.81;3.7;3.7;7.41;;;;;;;;;;;;;;;;;;;;;;;;;;44.44;22.22;14.81;7.41;3.7;7.41;;;;44.44;25.93;14.81;3.7;3.7;7.41;;;;;
2023;25;Paraíba;2513703;Santa Rita;Federal;Total;;;;;;;;;;;;;;;;;;;;;;;;;;;;;;;;;;;;;;;;;;;;;;;;;;;;;;;;;;;;;;;;;;;12.03;11.55;3.85;17.27;23.1;20.64;4.01;7.54;;14.49;8.77;17.43;17.27;16.63;10.16;6.15;6.47;1.39;1.23;;12.03;11.55;3.85;17.27;23.1;20.64;4.01;7.54;;14.49;8.77;17.43;17.27;16.63;10.16;6.15;6.47;1.39;1.23;
2023;25;Paraíba;2513703;Santa Rita;Federal;Urbana;;;;;;;;;;;;;;;;;;;;;;;;;;;;;;;;;;;;;;;;;;;;;;;;;;;;;;;;;;;;;;;;;;;12.03;11.55;3.85;17.27;23.1;20.64;4.01;7.54;0;14.49;8.77;17.43;17.27;16.63;10.16;6.15;6.47;1.39;1.23;0;12.03;11.55;3.85;17.27;23.1;20.64;4.01;7.54;0;14.49;8.77;17.43;17.27;16.63;10.16;6.15;6.47;1.39;1.23;0
2023;25;Paraíba;2513703;Santa Rita;Estadual;Total;193.54;201.45;243.35;225.53;247.79;242.02;4.32;23.6;13.95;13.35;16.57;11.34;9.54;6.02;0.44;0.85;2.63;10.6;17.23;17.71;21.42;18.21;7.48;2.98;1.33;0.41;;19.39;15.66;20.36;18.3;13.4;8.39;3.65;0.85;;25.39;24.26;23.84;13.48;8.35;3.57;0.91;0.2;;;35.13;18.66;15.87;13.63;9.99;5.21;1.34;0.18;;36.83;25.89;15.91;14.87;3.5;2.72;0.14;0.14;;;;18.53;12.11;18.74;18.37;16.66;12.69;2.91;;;29.72;20.17;19.81;15.4;10.98;2.98;0.93;;;;;32.59;17.66;16.31;14.36;11.01;6.36;1.58;0.15;;35.74;25.01;16.51;14.95;4.64;2.76;0.26;0.12;;;
2023;25;Paraíba;2513703;Santa Rita;Estadual;Urbana;193.54;201.45;244.3;226.25;248.16;242.2;4.32;23.6;13.95;13.35;16.57;11.34;9.54;6.02;0.44;0.85;2.63;10.6;17.23;17.71;21.42;18.21;7.48;2.98;1.33;0.41;0;18.32;15.99;20.01;18.99;13.84;8.13;3.83;0.89;0;24.62;24.56;23.89;13.93;8.08;3.74;0.96;0.21;0;0;34.8;18.53;15.91;13.85;10.2;5.13;1.39;0.18;0;36.56;25.89;15.95;15.25;3.49;2.56;0.15;0.15;0;0;0;18.53;12.11;18.74;18.37;16.66;12.69;2.91;0;0;29.72;20.17;19.81;15.4;10.98;2.98;0.93;0;0;0;0;32.24;17.52;16.35;14.56;11.22;6.32;1.63;0.15;0;35.48;24.99;16.56;15.28;4.67;2.63;0.27;0.12;0;0;0
2023;25;Paraíba;2513703;Santa Rita;Estadual;Rural;;;224.28;211.19;237.09;236.56;;;;;;;;;;;;;;;;;;;;;;40.91;9.09;27.27;4.55;4.55;13.64;0;0;0;40.91;18.18;22.73;4.55;13.64;0;0;0;0;0;44.44;22.22;14.81;7.41;3.7;7.41;0;0;0;44.44;25.93;14.81;3.7;3.7;7.41;0;0;0;0;0;;;;;;;;;;;;;;;;;;;;;44.44;22.22;14.81;7.41;3.7;7.41;0;0;0;44.44;25.93;14.81;3.7;3.7;7.41;0;0;0;0;0
2023;25;Paraíba;2513703;Santa Rita;Municipal;Total;170.65;177.13;235.77;224.18;;;13.75;24.83;21.37;15.39;11.46;8.34;2.97;1.43;0.37;0.1;7.3;20.79;24.97;21.24;12.77;7.34;3.69;1.41;0.42;0.09;;24.1;18.15;17.44;19.19;13.27;5.42;2.3;0.14;;29.06;21.72;22.46;16.11;6.02;3.22;1.41;;;;;;;;;;;;;;;;;;;;;;;;;;;;;;;;;;;;;;;;;;;;;;;;;;;;;;;;;;;;;;;
2023;25;Paraíba;2513703;Santa Rita;Municipal;Urbana;171.82;177.38;238.05;225.16;;;14.73;23.58;20.07;14.93;12.21;9.33;3.11;1.79;0.26;0;7.06;21.09;24.17;20.78;13.9;7.71;3.74;1.1;0.44;0;0;22.39;18.65;16.8;19.56;13.53;6.17;2.73;0.17;0;28.68;21.2;21.29;17.24;6.53;3.53;1.52;0;0;0;;;;;;;;;;;;;;;;;;;;;;;;;;;;;;;;;;;;;;;;;;;;;;;;;;;;;;;;;;;;
2023;25;Paraíba;2513703;Santa Rita;Municipal;Rural;167.24;176.4;223.82;219.08;;;10.88;28.5;25.18;16.72;9.26;5.44;2.58;0.36;0.69;0.37;7.97;19.89;27.32;22.58;9.47;6.24;3.53;2.3;0.36;0.34;0;33.06;15.56;20.77;17.21;11.93;1.48;0;0;0;31.05;24.43;28.6;10.17;3.37;1.57;0.82;0;0;0;;;;;;;;;;;;;;;;;;;;;;;;;;;;;;;;;;;;;;;;;;;;;;;;;;;;;;;;;;;;
2023;25;Paraíba;2513703;Santa Rita;Total - Estadual e Municipal;Total;174.37;181.08;238.72;224.71;247.79;242.02;12.22;24.63;20.16;15.06;12.29;8.83;4.04;2.17;0.38;0.22;6.54;19.13;23.71;20.66;14.18;9.1;4.31;1.66;0.57;0.14;;22.26;17.18;18.57;18.84;13.32;6.58;2.82;0.42;;27.63;22.71;23;15.08;6.93;3.35;1.21;0.08;;;35.13;18.66;15.87;13.63;9.99;5.21;1.34;0.18;;36.83;25.89;15.91;14.87;3.5;2.72;0.14;0.14;;;;18.53;12.11;18.74;18.37;16.66;12.69;2.91;;;29.72;20.17;19.81;15.4;10.98;2.98;0.93;;;;;32.59;17.66;16.31;14.36;11.01;6.36;1.58;0.15;;35.74;25.01;16.51;14.95;4.64;2.76;0.26;0.12;;;
2023;25;Paraíba;2513703;Santa Rita;Total - Estadual e Municipal;Urbana;176.31;182.35;240.68;225.62;248.16;242.2;12.58;23.58;18.8;14.6;13.11;9.74;4.44;2.66;0.3;0.18;6.15;18.93;22.74;20.14;15.45;9.88;4.52;1.49;0.62;0.08;;20.68;17.53;18.15;19.32;13.66;6.99;3.19;0.47;;26.97;22.61;22.38;15.85;7.18;3.62;1.28;0.09;;;34.8;18.53;15.91;13.85;10.2;5.13;1.39;0.18;;36.56;25.89;15.95;15.25;3.49;2.56;0.15;0.15;;;;18.53;12.11;18.74;18.37;16.66;12.69;2.91;;;29.72;20.17;19.81;15.4;10.98;2.98;0.93;;;;;32.24;17.52;16.35;14.56;11.22;6.32;1.63;0.15;;35.48;24.99;16.56;15.28;4.67;2.63;0.27;0.12;;;
2023;25;Paraíba;2513703;Santa Rita;Total - Estadual e Municipal;Rural;167.24;176.4;223.89;217.83;237.09;236.56;10.88;28.5;25.18;16.72;9.26;5.44;2.58;0.36;0.69;0.37;7.97;19.89;27.32;22.58;9.47;6.24;3.53;2.3;0.36;0.34;;34.3;14.53;21.8;15.2;10.76;3.41;;;;32.61;23.44;27.67;9.28;5;1.32;0.69;;;;44.44;22.22;14.81;7.41;3.7;7.41;;;;44.44;25.93;14.81;3.7;3.7;7.41;;;;;;;;;;;;;;;;;;;;;;;;;;44.44;22.22;14.81;7.41;3.7;7.41;;;;44.44;25.93;14.81;3.7;3.7;7.41;;;;;
2023;25;Paraíba;2513703;Santa Rita;Total - Federal  Estadual e Municipal;Total;174.37;181.08;238.72;224.71;247.79;242.02;12.22;24.63;20.16;15.06;12.29;8.83;4.04;2.17;0.38;0.22;6.54;19.13;23.71;20.66;14.18;9.1;4.31;1.66;0.57;0.14;;22.26;17.18;18.57;18.84;13.32;6.58;2.82;0.42;;27.63;22.71;23;15.08;6.93;3.35;1.21;0.08;;;35.13;18.66;15.87;13.63;9.99;5.21;1.34;0.18;;36.83;25.89;15.91;14.87;3.5;2.72;0.14;0.14;;;;16.29;11.92;13.59;17.99;18.89;15.44;3.29;2.61;;24.46;16.23;18.99;16.05;12.93;5.46;2.73;2.24;0.48;0.42;;31.05;17.2;15.38;14.57;11.91;7.42;1.76;0.7;;34.15;23.8;16.58;15.12;5.54;3.32;0.7;0.6;0.1;0.09;
2023;25;Paraíba;2513703;Santa Rita;Total - Federal  Estadual e Municipal;Urbana;176.31;182.35;240.68;225.62;248.16;242.2;12.58;23.58;18.8;14.6;13.11;9.74;4.44;2.66;0.3;0.18;6.15;18.93;22.74;20.14;15.45;9.88;4.52;1.49;0.62;0.08;;20.68;17.53;18.15;19.32;13.66;6.99;3.19;0.47;;26.97;22.61;22.38;15.85;7.18;3.62;1.28;0.09;;;34.8;18.53;15.91;13.85;10.2;5.13;1.39;0.18;;36.56;25.89;15.95;15.25;3.49;2.56;0.15;0.15;;;;16.29;11.92;13.59;17.99;18.89;15.44;3.29;2.61;;24.46;16.23;18.99;16.05;12.93;5.46;2.73;2.24;0.48;0.42;;30.69;17.06;15.39;14.77;12.13;7.42;1.81;0.72;;33.87;23.74;16.62;15.43;5.59;3.21;0.72;0.61;0.11;0.09;
2023;25;Paraíba;2513703;Santa Rita;Total - Federal  Estadual e Municipal;Rural;167.24;176.4;223.89;217.83;237.09;236.56;10.88;28.5;25.18;16.72;9.26;5.44;2.58;0.36;0.69;0.37;7.97;19.89;27.32;22.58;9.47;6.24;3.53;2.3;0.36;0.34;;34.3;14.53;21.8;15.2;10.76;3.41;;;;32.61;23.44;27.67;9.28;5;1.32;0.69;;;;44.44;22.22;14.81;7.41;3.7;7.41;;;;44.44;25.93;14.81;3.7;3.7;7.41;;;;;;;;;;;;;;;;;;;;;;;;;;44.44;22.22;14.81;7.41;3.7;7.41;;;;44.44;25.93;14.81;3.7;3.7;7.41;;;;;
2023;25;Paraíba;2513802;Santa Teresinha;Total - Federal  Estadual  Municipal e Privada;Total;210.04;227.23;231.14;237.25;258.48;245.74;5.41;8.11;10.82;18.92;24.32;8.12;13.5;2.7;8.1;;2.7;10.82;13.52;8.1;8.11;18.92;18.91;10.82;2.7;5.41;;33.77;10;16.52;17.25;17.25;5.22;;;;14.93;22.9;27.24;12.46;10.43;10.43;1.59;;;;29.39;19.94;11.56;16.28;15.22;4.72;2.89;;;26.5;26.78;38.06;5.78;2.89;;;;;;;;;;;;;;;;;;;;;;;;;;;29.39;19.94;11.56;16.28;15.22;4.72;2.89;;;26.5;26.78;38.06;5.78;2.89;;;;;;
2023;25;Paraíba;2513802;Santa Teresinha;Total - Federal  Estadual  Municipal e Privada;Urbana;210.04;227.23;231.14;237.25;258.48;245.74;5.41;8.11;10.82;18.92;24.32;8.12;13.5;2.7;8.1;;2.7;10.82;13.52;8.1;8.11;18.92;18.91;10.82;2.7;5.41;;33.77;10;16.52;17.25;17.25;5.22;;;;14.93;22.9;27.24;12.46;10.43;10.43;1.59;;;;29.39;19.94;11.56;16.28;15.22;4.72;2.89;;;26.5;26.78;38.06;5.78;2.89;;;;;;;;;;;;;;;;;;;;;;;;;;;29.39;19.94;11.56;16.28;15.22;4.72;2.89;;;26.5;26.78;38.06;5.78;2.89;;;;;;
2023;25;Paraíba;2513802;Santa Teresinha;Estadual;Total;;;;;258.48;245.74;;;;;;;;;;;;;;;;;;;;;;;;;;;;;;;;;;;;;;;;;29.39;19.94;11.56;16.28;15.22;4.72;2.89;;;26.5;26.78;38.06;5.78;2.89;;;;;;;;;;;;;;;;;;;;;;;;;;;29.39;19.94;11.56;16.28;15.22;4.72;2.89;;;26.5;26.78;38.06;5.78;2.89;;;;;;
2023;25;Paraíba;2513802;Santa Teresinha;Estadual;Urbana;;;;;258.48;245.74;;;;;;;;;;;;;;;;;;;;;;;;;;;;;;;;;;;;;;;;;29.39;19.94;11.56;16.28;15.22;4.72;2.89;0;0;26.5;26.78;38.06;5.78;2.89;0;0;0;0;0;0;;;;;;;;;;;;;;;;;;;;;29.39;19.94;11.56;16.28;15.22;4.72;2.89;0;0;26.5;26.78;38.06;5.78;2.89;0;0;0;0;0;0
2023;25;Paraíba;2513802;Santa Teresinha;Municipal;Total;210.04;227.23;231.14;237.25;;;5.41;8.11;10.82;18.92;24.32;8.12;13.5;2.7;8.1;;2.7;10.82;13.52;8.1;8.11;18.92;18.91;10.82;2.7;5.41;;33.77;10;16.52;17.25;17.25;5.22;;;;14.93;22.9;27.24;12.46;10.43;10.43;1.59;;;;;;;;;;;;;;;;;;;;;;;;;;;;;;;;;;;;;;;;;;;;;;;;;;;;;;;;;;;;;;;
2023;25;Paraíba;2513802;Santa Teresinha;Municipal;Urbana;210.04;227.23;231.14;237.25;;;5.41;8.11;10.82;18.92;24.32;8.12;13.5;2.7;8.1;0;2.7;10.82;13.52;8.1;8.11;18.92;18.91;10.82;2.7;5.41;0;33.77;10;16.52;17.25;17.25;5.22;0;0;0;14.93;22.9;27.24;12.46;10.43;10.43;1.59;0;0;0;;;;;;;;;;;;;;;;;;;;;;;;;;;;;;;;;;;;;;;;;;;;;;;;;;;;;;;;;;;;
2023;25;Paraíba;2513802;Santa Teresinha;Total - Estadual e Municipal;Total;210.04;227.23;231.14;237.25;258.48;245.74;5.41;8.11;10.82;18.92;24.32;8.12;13.5;2.7;8.1;;2.7;10.82;13.52;8.1;8.11;18.92;18.91;10.82;2.7;5.41;;33.77;10;16.52;17.25;17.25;5.22;;;;14.93;22.9;27.24;12.46;10.43;10.43;1.59;;;;29.39;19.94;11.56;16.28;15.22;4.72;2.89;;;26.5;26.78;38.06;5.78;2.89;;;;;;;;;;;;;;;;;;;;;;;;;;;29.39;19.94;11.56;16.28;15.22;4.72;2.89;;;26.5;26.78;38.06;5.78;2.89;;;;;;
2023;25;Paraíba;2513802;Santa Teresinha;Total - Estadual e Municipal;Urbana;210.04;227.23;231.14;237.25;258.48;245.74;5.41;8.11;10.82;18.92;24.32;8.12;13.5;2.7;8.1;;2.7;10.82;13.52;8.1;8.11;18.92;18.91;10.82;2.7;5.41;;33.77;10;16.52;17.25;17.25;5.22;;;;14.93;22.9;27.24;12.46;10.43;10.43;1.59;;;;29.39;19.94;11.56;16.28;15.22;4.72;2.89;;;26.5;26.78;38.06;5.78;2.89;;;;;;;;;;;;;;;;;;;;;;;;;;;29.39;19.94;11.56;16.28;15.22;4.72;2.89;;;26.5;26.78;38.06;5.78;2.89;;;;;;
2023;25;Paraíba;2513802;Santa Teresinha;Total - Federal  Estadual e Municipal;Total;210.04;227.23;231.14;237.25;258.48;245.74;5.41;8.11;10.82;18.92;24.32;8.12;13.5;2.7;8.1;;2.7;10.82;13.52;8.1;8.11;18.92;18.91;10.82;2.7;5.41;;33.77;10;16.52;17.25;17.25;5.22;;;;14.93;22.9;27.24;12.46;10.43;10.43;1.59;;;;29.39;19.94;11.56;16.28;15.22;4.72;2.89;;;26.5;26.78;38.06;5.78;2.89;;;;;;;;;;;;;;;;;;;;;;;;;;;29.39;19.94;11.56;16.28;15.22;4.72;2.89;;;26.5;26.78;38.06;5.78;2.89;;;;;;
2023;25;Paraíba;2513802;Santa Teresinha;Total - Federal  Estadual e Municipal;Urbana;210.04;227.23;231.14;237.25;258.48;245.74;5.41;8.11;10.82;18.92;24.32;8.12;13.5;2.7;8.1;;2.7;10.82;13.52;8.1;8.11;18.92;18.91;10.82;2.7;5.41;;33.77;10;16.52;17.25;17.25;5.22;;;;14.93;22.9;27.24;12.46;10.43;10.43;1.59;;;;29.39;19.94;11.56;16.28;15.22;4.72;2.89;;;26.5;26.78;38.06;5.78;2.89;;;;;;;;;;;;;;;;;;;;;;;;;;;29.39;19.94;11.56;16.28;15.22;4.72;2.89;;;26.5;26.78;38.06;5.78;2.89;;;;;;
2023;25;Paraíba;2513851;Santo André;Total - Federal  Estadual  Municipal e Privada;Total;181.46;196.96;268.3;260.6;284.37;273.21;8.51;21.28;21.28;17.02;10.64;12.77;4.26;4.26;;;;12.77;17.02;25.53;21.28;12.77;8.51;;;2.13;;10.41;15.95;5.27;21.22;18.38;13.24;15.54;;;;18.24;21.08;26.76;20.81;7.84;5.27;;;;12;20;4;16;32;8;4;4;;20;12;20;16;16;12;4;;;;;;;;;;;;;;;;;;;;;;;;;12;20;4;16;32;8;4;4;;20;12;20;16;16;12;4;;;;
2023;25;Paraíba;2513851;Santo André;Total - Federal  Estadual  Municipal e Privada;Urbana;181.46;196.96;268.3;260.6;284.37;273.21;8.51;21.28;21.28;17.02;10.64;12.77;4.26;4.26;;;;12.77;17.02;25.53;21.28;12.77;8.51;;;2.13;;10.41;15.95;5.27;21.22;18.38;13.24;15.54;;;;18.24;21.08;26.76;20.81;7.84;5.27;;;;12;20;4;16;32;8;4;4;;20;12;20;16;16;12;4;;;;;;;;;;;;;;;;;;;;;;;;;12;20;4;16;32;8;4;4;;20;12;20;16;16;12;4;;;;
2023;25;Paraíba;2513851;Santo André;Estadual;Total;;;;;284.37;273.21;;;;;;;;;;;;;;;;;;;;;;;;;;;;;;;;;;;;;;;;;12;20;4;16;32;8;4;4;;20;12;20;16;16;12;4;;;;;;;;;;;;;;;;;;;;;;;;;12;20;4;16;32;8;4;4;;20;12;20;16;16;12;4;;;;
2023;25;Paraíba;2513851;Santo André;Estadual;Urbana;;;;;284.37;273.21;;;;;;;;;;;;;;;;;;;;;;;;;;;;;;;;;;;;;;;;;12;20;4;16;32;8;4;4;0;20;12;20;16;16;12;4;0;0;0;0;;;;;;;;;;;;;;;;;;;;;12;20;4;16;32;8;4;4;0;20;12;20;16;16;12;4;0;0;0;0
2023;25;Paraíba;2513851;Santo André;Municipal;Total;181.46;196.96;268.3;260.6;;;8.51;21.28;21.28;17.02;10.64;12.77;4.26;4.26;;;;12.77;17.02;25.53;21.28;12.77;8.51;;;2.13;;10.41;15.95;5.27;21.22;18.38;13.24;15.54;;;;18.24;21.08;26.76;20.81;7.84;5.27;;;;;;;;;;;;;;;;;;;;;;;;;;;;;;;;;;;;;;;;;;;;;;;;;;;;;;;;;;;;;;;
2023;25;Paraíba;2513851;Santo André;Municipal;Urbana;181.46;196.96;268.3;260.6;;;8.51;21.28;21.28;17.02;10.64;12.77;4.26;4.26;0;0;0;12.77;17.02;25.53;21.28;12.77;8.51;0;0;2.13;0;10.41;15.95;5.27;21.22;18.38;13.24;15.54;0;0;0;18.24;21.08;26.76;20.81;7.84;5.27;0;0;0;;;;;;;;;;;;;;;;;;;;;;;;;;;;;;;;;;;;;;;;;;;;;;;;;;;;;;;;;;;;
2023;25;Paraíba;2513851;Santo André;Total - Estadual e Municipal;Total;181.46;196.96;268.3;260.6;284.37;273.21;8.51;21.28;21.28;17.02;10.64;12.77;4.26;4.26;;;;12.77;17.02;25.53;21.28;12.77;8.51;;;2.13;;10.41;15.95;5.27;21.22;18.38;13.24;15.54;;;;18.24;21.08;26.76;20.81;7.84;5.27;;;;12;20;4;16;32;8;4;4;;20;12;20;16;16;12;4;;;;;;;;;;;;;;;;;;;;;;;;;12;20;4;16;32;8;4;4;;20;12;20;16;16;12;4;;;;
2023;25;Paraíba;2513851;Santo André;Total - Estadual e Municipal;Urbana;181.46;196.96;268.3;260.6;284.37;273.21;8.51;21.28;21.28;17.02;10.64;12.77;4.26;4.26;;;;12.77;17.02;25.53;21.28;12.77;8.51;;;2.13;;10.41;15.95;5.27;21.22;18.38;13.24;15.54;;;;18.24;21.08;26.76;20.81;7.84;5.27;;;;12;20;4;16;32;8;4;4;;20;12;20;16;16;12;4;;;;;;;;;;;;;;;;;;;;;;;;;12;20;4;16;32;8;4;4;;20;12;20;16;16;12;4;;;;
2023;25;Paraíba;2513851;Santo André;Total - Federal  Estadual e Municipal;Total;181.46;196.96;268.3;260.6;284.37;273.21;8.51;21.28;21.28;17.02;10.64;12.77;4.26;4.26;;;;12.77;17.02;25.53;21.28;12.77;8.51;;;2.13;;10.41;15.95;5.27;21.22;18.38;13.24;15.54;;;;18.24;21.08;26.76;20.81;7.84;5.27;;;;12;20;4;16;32;8;4;4;;20;12;20;16;16;12;4;;;;;;;;;;;;;;;;;;;;;;;;;12;20;4;16;32;8;4;4;;20;12;20;16;16;12;4;;;;
2023;25;Paraíba;2513851;Santo André;Total - Federal  Estadual e Municipal;Urbana;181.46;196.96;268.3;260.6;284.37;273.21;8.51;21.28;21.28;17.02;10.64;12.77;4.26;4.26;;;;12.77;17.02;25.53;21.28;12.77;8.51;;;2.13;;10.41;15.95;5.27;21.22;18.38;13.24;15.54;;;;18.24;21.08;26.76;20.81;7.84;5.27;;;;12;20;4;16;32;8;4;4;;20;12;20;16;16;12;4;;;;;;;;;;;;;;;;;;;;;;;;;12;20;4;16;32;8;4;4;;20;12;20;16;16;12;4;;;;
2023;25;Paraíba;2513901;São Bento;Total - Federal  Estadual  Municipal e Privada;Total;204.77;219.05;254.11;253.72;267.53;260.76;3.71;16.06;13.23;14.61;17.63;13.49;11.66;4.98;3.51;1.12;3.14;7.72;12.29;15.57;18.33;11.57;12.76;10.72;6.68;1.22;;12.77;14.24;18.73;21.17;16.63;9.81;5.72;0.94;;11.74;17.79;17.82;21.99;14.63;10.28;3.58;1.92;;0.25;19.72;17.31;15.29;19.42;16.05;9;2.69;0.53;;19.37;21.23;22.28;18.28;12.91;3.74;2.19;;;;;5.79;4.31;20.05;17.38;30.62;11.59;8.77;1.49;;9.95;15.9;17.31;10.26;23.1;13.31;8.69;1.49;;;;15.98;13.82;16.57;18.87;19.97;9.69;4.32;0.78;;16.84;19.8;20.94;16.12;15.65;6.31;3.94;0.4;;;
2023;25;Paraíba;2513901;São Bento;Total - Federal  Estadual  Municipal e Privada;Urbana;206.62;221.7;254.13;253.83;267.53;260.76;2.99;14.78;13.31;15.36;17.63;14.18;12.26;4.63;3.69;1.18;2.4;6.91;12.02;15.16;18.96;11.86;13.12;11.27;7.03;1.28;;12.73;14.31;18.63;21;16.89;9.79;5.64;1.01;;11.62;17.61;18.17;21.37;14.73;10.82;3.34;2.06;;0.27;19.72;17.31;15.29;19.42;16.05;9;2.69;0.53;;19.37;21.23;22.28;18.28;12.91;3.74;2.19;;;;;5.79;4.31;20.05;17.38;30.62;11.59;8.77;1.49;;9.95;15.9;17.31;10.26;23.1;13.31;8.69;1.49;;;;15.98;13.82;16.57;18.87;19.97;9.69;4.32;0.78;;16.84;19.8;20.94;16.12;15.65;6.31;3.94;0.4;;;
2023;25;Paraíba;2513901;São Bento;Total - Federal  Estadual  Municipal e Privada;Rural;168.76;167.15;253.89;252.29;;;17.65;41.18;11.76;;17.65;;;11.76;;;17.65;23.53;17.65;23.53;5.88;5.88;5.88;;;;;13.33;13.33;20;23.33;13.33;10;6.67;;;13.33;20;13.33;30;13.33;3.33;6.67;;;;;;;;;;;;;;;;;;;;;;;;;;;;;;;;;;;;;;;;;;;;;;;;;;;;;;;;;;;;;;;
2023;25;Paraíba;2513901;São Bento;Estadual;Total;;;224.32;229.98;267.53;260.76;;;;;;;;;;;;;;;;;;;;;;44.44;;22.22;11.11;11.11;11.11;;;;16.67;38.89;5.56;16.67;16.67;5.56;;;;;19.72;17.31;15.29;19.42;16.05;9;2.69;0.53;;19.37;21.23;22.28;18.28;12.91;3.74;2.19;;;;;5.79;4.31;20.05;17.38;30.62;11.59;8.77;1.49;;9.95;15.9;17.31;10.26;23.1;13.31;8.69;1.49;;;;15.98;13.82;16.57;18.87;19.97;9.69;4.32;0.78;;16.84;19.8;20.94;16.12;15.65;6.31;3.94;0.4;;;
2023;25;Paraíba;2513901;São Bento;Estadual;Urbana;;;224.32;229.98;267.53;260.76;;;;;;;;;;;;;;;;;;;;;;44.44;0;22.22;11.11;11.11;11.11;0;0;0;16.67;38.89;5.56;16.67;16.67;5.56;0;0;0;0;19.72;17.31;15.29;19.42;16.05;9;2.69;0.53;0;19.37;21.23;22.28;18.28;12.91;3.74;2.19;0;0;0;0;5.79;4.31;20.05;17.38;30.62;11.59;8.77;1.49;0;9.95;15.9;17.31;10.26;23.1;13.31;8.69;1.49;0;0;0;15.98;13.82;16.57;18.87;19.97;9.69;4.32;0.78;0;16.84;19.8;20.94;16.12;15.65;6.31;3.94;0.4;0;0;0
2023;25;Paraíba;2513901;São Bento;Municipal;Total;204.77;219.05;255.41;254.76;;;3.71;16.06;13.23;14.61;17.63;13.49;11.66;4.98;3.51;1.12;3.14;7.72;12.29;15.57;18.33;11.57;12.76;10.72;6.68;1.22;;11.39;14.86;18.58;21.61;16.87;9.75;5.97;0.98;;11.53;16.86;18.36;22.23;14.54;10.49;3.74;2;;0.26;;;;;;;;;;;;;;;;;;;;;;;;;;;;;;;;;;;;;;;;;;;;;;;;;;;;;;;;;;;;
2023;25;Paraíba;2513901;São Bento;Municipal;Urbana;206.62;221.7;255.53;254.96;;;2.99;14.78;13.31;15.36;17.63;14.18;12.26;4.63;3.69;1.18;2.4;6.91;12.02;15.16;18.96;11.86;13.12;11.27;7.03;1.28;0;11.23;14.99;18.46;21.47;17.16;9.73;5.91;1.06;0;11.38;16.61;18.77;21.59;14.64;11.07;3.5;2.16;0;0.28;;;;;;;;;;;;;;;;;;;;;;;;;;;;;;;;;;;;;;;;;;;;;;;;;;;;;;;;;;;;
2023;25;Paraíba;2513901;São Bento;Municipal;Rural;168.76;167.15;253.89;252.29;;;17.65;41.18;11.76;0;17.65;0;0;11.76;0;0;17.65;23.53;17.65;23.53;5.88;5.88;5.88;0;0;0;0;13.33;13.33;20;23.33;13.33;10;6.67;0;0;13.33;20;13.33;30;13.33;3.33;6.67;0;0;0;;;;;;;;;;;;;;;;;;;;;;;;;;;;;;;;;;;;;;;;;;;;;;;;;;;;;;;;;;;;
2023;25;Paraíba;2513901;São Bento;Total - Estadual e Municipal;Total;204.77;219.05;254.11;253.72;267.53;260.76;3.71;16.06;13.23;14.61;17.63;13.49;11.66;4.98;3.51;1.12;3.14;7.72;12.29;15.57;18.33;11.57;12.76;10.72;6.68;1.22;;12.77;14.24;18.73;21.17;16.63;9.81;5.72;0.94;;11.74;17.79;17.82;21.99;14.63;10.28;3.58;1.92;;0.25;19.72;17.31;15.29;19.42;16.05;9;2.69;0.53;;19.37;21.23;22.28;18.28;12.91;3.74;2.19;;;;;5.79;4.31;20.05;17.38;30.62;11.59;8.77;1.49;;9.95;15.9;17.31;10.26;23.1;13.31;8.69;1.49;;;;15.98;13.82;16.57;18.87;19.97;9.69;4.32;0.78;;16.84;19.8;20.94;16.12;15.65;6.31;3.94;0.4;;;
2023;25;Paraíba;2513901;São Bento;Total - Estadual e Municipal;Urbana;206.62;221.7;254.13;253.83;267.53;260.76;2.99;14.78;13.31;15.36;17.63;14.18;12.26;4.63;3.69;1.18;2.4;6.91;12.02;15.16;18.96;11.86;13.12;11.27;7.03;1.28;;12.73;14.31;18.63;21;16.89;9.79;5.64;1.01;;11.62;17.61;18.17;21.37;14.73;10.82;3.34;2.06;;0.27;19.72;17.31;15.29;19.42;16.05;9;2.69;0.53;;19.37;21.23;22.28;18.28;12.91;3.74;2.19;;;;;5.79;4.31;20.05;17.38;30.62;11.59;8.77;1.49;;9.95;15.9;17.31;10.26;23.1;13.31;8.69;1.49;;;;15.98;13.82;16.57;18.87;19.97;9.69;4.32;0.78;;16.84;19.8;20.94;16.12;15.65;6.31;3.94;0.4;;;
2023;25;Paraíba;2513901;São Bento;Total - Estadual e Municipal;Rural;168.76;167.15;253.89;252.29;;;17.65;41.18;11.76;;17.65;;;11.76;;;17.65;23.53;17.65;23.53;5.88;5.88;5.88;;;;;13.33;13.33;20;23.33;13.33;10;6.67;;;13.33;20;13.33;30;13.33;3.33;6.67;;;;;;;;;;;;;;;;;;;;;;;;;;;;;;;;;;;;;;;;;;;;;;;;;;;;;;;;;;;;;;;
2023;25;Paraíba;2513901;São Bento;Total - Federal  Estadual e Municipal;Total;204.77;219.05;254.11;253.72;267.53;260.76;3.71;16.06;13.23;14.61;17.63;13.49;11.66;4.98;3.51;1.12;3.14;7.72;12.29;15.57;18.33;11.57;12.76;10.72;6.68;1.22;;12.77;14.24;18.73;21.17;16.63;9.81;5.72;0.94;;11.74;17.79;17.82;21.99;14.63;10.28;3.58;1.92;;0.25;19.72;17.31;15.29;19.42;16.05;9;2.69;0.53;;19.37;21.23;22.28;18.28;12.91;3.74;2.19;;;;;5.79;4.31;20.05;17.38;30.62;11.59;8.77;1.49;;9.95;15.9;17.31;10.26;23.1;13.31;8.69;1.49;;;;15.98;13.82;16.57;18.87;19.97;9.69;4.32;0.78;;16.84;19.8;20.94;16.12;15.65;6.31;3.94;0.4;;;
2023;25;Paraíba;2513901;São Bento;Total - Federal  Estadual e Municipal;Urbana;206.62;221.7;254.13;253.83;267.53;260.76;2.99;14.78;13.31;15.36;17.63;14.18;12.26;4.63;3.69;1.18;2.4;6.91;12.02;15.16;18.96;11.86;13.12;11.27;7.03;1.28;;12.73;14.31;18.63;21;16.89;9.79;5.64;1.01;;11.62;17.61;18.17;21.37;14.73;10.82;3.34;2.06;;0.27;19.72;17.31;15.29;19.42;16.05;9;2.69;0.53;;19.37;21.23;22.28;18.28;12.91;3.74;2.19;;;;;5.79;4.31;20.05;17.38;30.62;11.59;8.77;1.49;;9.95;15.9;17.31;10.26;23.1;13.31;8.69;1.49;;;;15.98;13.82;16.57;18.87;19.97;9.69;4.32;0.78;;16.84;19.8;20.94;16.12;15.65;6.31;3.94;0.4;;;
2023;25;Paraíba;2513901;São Bento;Total - Federal  Estadual e Municipal;Rural;168.76;167.15;253.89;252.29;;;17.65;41.18;11.76;;17.65;;;11.76;;;17.65;23.53;17.65;23.53;5.88;5.88;5.88;;;;;13.33;13.33;20;23.33;13.33;10;6.67;;;13.33;20;13.33;30;13.33;3.33;6.67;;;;;;;;;;;;;;;;;;;;;;;;;;;;;;;;;;;;;;;;;;;;;;;;;;;;;;;;;;;;;;;
2023;25;Paraíba;2513927;São Bentinho;Total - Federal  Estadual  Municipal e Privada;Total;241.49;252.61;244.36;245.5;280.36;271.04;2.13;;4.17;4.17;20.83;20.75;29.17;12.5;6.29;;;;;10.29;20.75;12.5;23.38;22.7;8.25;;2.13;20.58;9.47;28.49;15.1;11.32;7.48;7.55;;;13.11;20.73;30.13;13.32;9.62;7.48;5.63;;;;9.68;19.35;16.13;22.58;12.9;12.9;6.45;;;12.9;25.81;19.35;19.35;9.68;3.23;6.45;3.23;;;;;;;;;;;;;;;;;;;;;;;;9.68;19.35;16.13;22.58;12.9;12.9;6.45;;;12.9;25.81;19.35;19.35;9.68;3.23;6.45;3.23;;;
2023;25;Paraíba;2513927;São Bentinho;Total - Federal  Estadual  Municipal e Privada;Urbana;241.49;252.61;244.36;245.5;280.36;271.04;2.13;;4.17;4.17;20.83;20.75;29.17;12.5;6.29;;;;;10.29;20.75;12.5;23.38;22.7;8.25;;2.13;20.58;9.47;28.49;15.1;11.32;7.48;7.55;;;13.11;20.73;30.13;13.32;9.62;7.48;5.63;;;;9.68;19.35;16.13;22.58;12.9;12.9;6.45;;;12.9;25.81;19.35;19.35;9.68;3.23;6.45;3.23;;;;;;;;;;;;;;;;;;;;;;;;9.68;19.35;16.13;22.58;12.9;12.9;6.45;;;12.9;25.81;19.35;19.35;9.68;3.23;6.45;3.23;;;
2023;25;Paraíba;2513927;São Bentinho;Estadual;Total;;;;;280.36;271.04;;;;;;;;;;;;;;;;;;;;;;;;;;;;;;;;;;;;;;;;;9.68;19.35;16.13;22.58;12.9;12.9;6.45;;;12.9;25.81;19.35;19.35;9.68;3.23;6.45;3.23;;;;;;;;;;;;;;;;;;;;;;;;9.68;19.35;16.13;22.58;12.9;12.9;6.45;;;12.9;25.81;19.35;19.35;9.68;3.23;6.45;3.23;;;
2023;25;Paraíba;2513927;São Bentinho;Estadual;Urbana;;;;;280.36;271.04;;;;;;;;;;;;;;;;;;;;;;;;;;;;;;;;;;;;;;;;;9.68;19.35;16.13;22.58;12.9;12.9;6.45;0;0;12.9;25.81;19.35;19.35;9.68;3.23;6.45;3.23;0;0;0;;;;;;;;;;;;;;;;;;;;;9.68;19.35;16.13;22.58;12.9;12.9;6.45;0;0;12.9;25.81;19.35;19.35;9.68;3.23;6.45;3.23;0;0;0
2023;25;Paraíba;2513927;São Bentinho;Municipal;Total;241.49;252.61;244.36;245.5;;;2.13;;4.17;4.17;20.83;20.75;29.17;12.5;6.29;;;;;10.29;20.75;12.5;23.38;22.7;8.25;;2.13;20.58;9.47;28.49;15.1;11.32;7.48;7.55;;;13.11;20.73;30.13;13.32;9.62;7.48;5.63;;;;;;;;;;;;;;;;;;;;;;;;;;;;;;;;;;;;;;;;;;;;;;;;;;;;;;;;;;;;;;;
2023;25;Paraíba;2513927;São Bentinho;Municipal;Urbana;241.49;252.61;244.36;245.5;;;2.13;0;4.17;4.17;20.83;20.75;29.17;12.5;6.29;0;0;0;0;10.29;20.75;12.5;23.38;22.7;8.25;0;2.13;20.58;9.47;28.49;15.1;11.32;7.48;7.55;0;0;13.11;20.73;30.13;13.32;9.62;7.48;5.63;0;0;0;;;;;;;;;;;;;;;;;;;;;;;;;;;;;;;;;;;;;;;;;;;;;;;;;;;;;;;;;;;;
2023;25;Paraíba;2513927;São Bentinho;Total - Estadual e Municipal;Total;241.49;252.61;244.36;245.5;280.36;271.04;2.13;;4.17;4.17;20.83;20.75;29.17;12.5;6.29;;;;;10.29;20.75;12.5;23.38;22.7;8.25;;2.13;20.58;9.47;28.49;15.1;11.32;7.48;7.55;;;13.11;20.73;30.13;13.32;9.62;7.48;5.63;;;;9.68;19.35;16.13;22.58;12.9;12.9;6.45;;;12.9;25.81;19.35;19.35;9.68;3.23;6.45;3.23;;;;;;;;;;;;;;;;;;;;;;;;9.68;19.35;16.13;22.58;12.9;12.9;6.45;;;12.9;25.81;19.35;19.35;9.68;3.23;6.45;3.23;;;
2023;25;Paraíba;2513927;São Bentinho;Total - Estadual e Municipal;Urbana;241.49;252.61;244.36;245.5;280.36;271.04;2.13;;4.17;4.17;20.83;20.75;29.17;12.5;6.29;;;;;10.29;20.75;12.5;23.38;22.7;8.25;;2.13;20.58;9.47;28.49;15.1;11.32;7.48;7.55;;;13.11;20.73;30.13;13.32;9.62;7.48;5.63;;;;9.68;19.35;16.13;22.58;12.9;12.9;6.45;;;12.9;25.81;19.35;19.35;9.68;3.23;6.45;3.23;;;;;;;;;;;;;;;;;;;;;;;;9.68;19.35;16.13;22.58;12.9;12.9;6.45;;;12.9;25.81;19.35;19.35;9.68;3.23;6.45;3.23;;;
2023;25;Paraíba;2513927;São Bentinho;Total - Federal  Estadual e Municipal;Total;241.49;252.61;244.36;245.5;280.36;271.04;2.13;;4.17;4.17;20.83;20.75;29.17;12.5;6.29;;;;;10.29;20.75;12.5;23.38;22.7;8.25;;2.13;20.58;9.47;28.49;15.1;11.32;7.48;7.55;;;13.11;20.73;30.13;13.32;9.62;7.48;5.63;;;;9.68;19.35;16.13;22.58;12.9;12.9;6.45;;;12.9;25.81;19.35;19.35;9.68;3.23;6.45;3.23;;;;;;;;;;;;;;;;;;;;;;;;9.68;19.35;16.13;22.58;12.9;12.9;6.45;;;12.9;25.81;19.35;19.35;9.68;3.23;6.45;3.23;;;
2023;25;Paraíba;2513927;São Bentinho;Total - Federal  Estadual e Municipal;Urbana;241.49;252.61;244.36;245.5;280.36;271.04;2.13;;4.17;4.17;20.83;20.75;29.17;12.5;6.29;;;;;10.29;20.75;12.5;23.38;22.7;8.25;;2.13;20.58;9.47;28.49;15.1;11.32;7.48;7.55;;;13.11;20.73;30.13;13.32;9.62;7.48;5.63;;;;9.68;19.35;16.13;22.58;12.9;12.9;6.45;;;12.9;25.81;19.35;19.35;9.68;3.23;6.45;3.23;;;;;;;;;;;;;;;;;;;;;;;;9.68;19.35;16.13;22.58;12.9;12.9;6.45;;;12.9;25.81;19.35;19.35;9.68;3.23;6.45;3.23;;;
2023;25;Paraíba;2513943;São Domingos do Cariri;Total - Federal  Estadual  Municipal e Privada;Total;257.02;279.55;295.42;289.35;282.36;286.72;;2.7;2.7;13.51;5.41;13.51;27.03;13.51;13.51;8.11;;2.7;2.7;5.41;5.41;10.81;13.51;16.22;27.03;8.11;8.11;;3.85;7.42;18.68;18.68;25.82;21.7;;3.85;;7.69;10.99;18.41;26.65;14.84;10.71;10.71;;;4.17;12.5;20.83;25;37.5;;;;;4.17;12.5;16.67;33.33;16.67;12.5;4.17;;;;;;;;;;;;;;;;;;;;;;;;;4.17;12.5;20.83;25;37.5;;;;;4.17;12.5;16.67;33.33;16.67;12.5;4.17;;;;
2023;25;Paraíba;2513943;São Domingos do Cariri;Total - Federal  Estadual  Municipal e Privada;Urbana;257.02;279.55;295.42;289.35;282.36;286.72;;2.7;2.7;13.51;5.41;13.51;27.03;13.51;13.51;8.11;;2.7;2.7;5.41;5.41;10.81;13.51;16.22;27.03;8.11;8.11;;3.85;7.42;18.68;18.68;25.82;21.7;;3.85;;7.69;10.99;18.41;26.65;14.84;10.71;10.71;;;4.17;12.5;20.83;25;37.5;;;;;4.17;12.5;16.67;33.33;16.67;12.5;4.17;;;;;;;;;;;;;;;;;;;;;;;;;4.17;12.5;20.83;25;37.5;;;;;4.17;12.5;16.67;33.33;16.67;12.5;4.17;;;;
2023;25;Paraíba;2513943;São Domingos do Cariri;Estadual;Total;;;;;282.36;286.72;;;;;;;;;;;;;;;;;;;;;;;;;;;;;;;;;;;;;;;;;4.17;12.5;20.83;25;37.5;;;;;4.17;12.5;16.67;33.33;16.67;12.5;4.17;;;;;;;;;;;;;;;;;;;;;;;;;4.17;12.5;20.83;25;37.5;;;;;4.17;12.5;16.67;33.33;16.67;12.5;4.17;;;;
2023;25;Paraíba;2513943;São Domingos do Cariri;Estadual;Urbana;;;;;282.36;286.72;;;;;;;;;;;;;;;;;;;;;;;;;;;;;;;;;;;;;;;;;4.17;12.5;20.83;25;37.5;0;0;0;0;4.17;12.5;16.67;33.33;16.67;12.5;4.17;0;0;0;0;;;;;;;;;;;;;;;;;;;;;4.17;12.5;20.83;25;37.5;0;0;0;0;4.17;12.5;16.67;33.33;16.67;12.5;4.17;0;0;0;0
2023;25;Paraíba;2513943;São Domingos do Cariri;Municipal;Total;257.02;279.55;295.42;289.35;;;;2.7;2.7;13.51;5.41;13.51;27.03;13.51;13.51;8.11;;2.7;2.7;5.41;5.41;10.81;13.51;16.22;27.03;8.11;8.11;;3.85;7.42;18.68;18.68;25.82;21.7;;3.85;;7.69;10.99;18.41;26.65;14.84;10.71;10.71;;;;;;;;;;;;;;;;;;;;;;;;;;;;;;;;;;;;;;;;;;;;;;;;;;;;;;;;;;;;;;
2023;25;Paraíba;2513943;São Domingos do Cariri;Municipal;Urbana;257.02;279.55;295.42;289.35;;;0;2.7;2.7;13.51;5.41;13.51;27.03;13.51;13.51;8.11;0;2.7;2.7;5.41;5.41;10.81;13.51;16.22;27.03;8.11;8.11;0;3.85;7.42;18.68;18.68;25.82;21.7;0;3.85;0;7.69;10.99;18.41;26.65;14.84;10.71;10.71;0;0;;;;;;;;;;;;;;;;;;;;;;;;;;;;;;;;;;;;;;;;;;;;;;;;;;;;;;;;;;;;
2023;25;Paraíba;2513943;São Domingos do Cariri;Total - Estadual e Municipal;Total;257.02;279.55;295.42;289.35;282.36;286.72;;2.7;2.7;13.51;5.41;13.51;27.03;13.51;13.51;8.11;;2.7;2.7;5.41;5.41;10.81;13.51;16.22;27.03;8.11;8.11;;3.85;7.42;18.68;18.68;25.82;21.7;;3.85;;7.69;10.99;18.41;26.65;14.84;10.71;10.71;;;4.17;12.5;20.83;25;37.5;;;;;4.17;12.5;16.67;33.33;16.67;12.5;4.17;;;;;;;;;;;;;;;;;;;;;;;;;4.17;12.5;20.83;25;37.5;;;;;4.17;12.5;16.67;33.33;16.67;12.5;4.17;;;;
2023;25;Paraíba;2513943;São Domingos do Cariri;Total - Estadual e Municipal;Urbana;257.02;279.55;295.42;289.35;282.36;286.72;;2.7;2.7;13.51;5.41;13.51;27.03;13.51;13.51;8.11;;2.7;2.7;5.41;5.41;10.81;13.51;16.22;27.03;8.11;8.11;;3.85;7.42;18.68;18.68;25.82;21.7;;3.85;;7.69;10.99;18.41;26.65;14.84;10.71;10.71;;;4.17;12.5;20.83;25;37.5;;;;;4.17;12.5;16.67;33.33;16.67;12.5;4.17;;;;;;;;;;;;;;;;;;;;;;;;;4.17;12.5;20.83;25;37.5;;;;;4.17;12.5;16.67;33.33;16.67;12.5;4.17;;;;
2023;25;Paraíba;2513943;São Domingos do Cariri;Total - Federal  Estadual e Municipal;Total;257.02;279.55;295.42;289.35;282.36;286.72;;2.7;2.7;13.51;5.41;13.51;27.03;13.51;13.51;8.11;;2.7;2.7;5.41;5.41;10.81;13.51;16.22;27.03;8.11;8.11;;3.85;7.42;18.68;18.68;25.82;21.7;;3.85;;7.69;10.99;18.41;26.65;14.84;10.71;10.71;;;4.17;12.5;20.83;25;37.5;;;;;4.17;12.5;16.67;33.33;16.67;12.5;4.17;;;;;;;;;;;;;;;;;;;;;;;;;4.17;12.5;20.83;25;37.5;;;;;4.17;12.5;16.67;33.33;16.67;12.5;4.17;;;;
2023;25;Paraíba;2513943;São Domingos do Cariri;Total - Federal  Estadual e Municipal;Urbana;257.02;279.55;295.42;289.35;282.36;286.72;;2.7;2.7;13.51;5.41;13.51;27.03;13.51;13.51;8.11;;2.7;2.7;5.41;5.41;10.81;13.51;16.22;27.03;8.11;8.11;;3.85;7.42;18.68;18.68;25.82;21.7;;3.85;;7.69;10.99;18.41;26.65;14.84;10.71;10.71;;;4.17;12.5;20.83;25;37.5;;;;;4.17;12.5;16.67;33.33;16.67;12.5;4.17;;;;;;;;;;;;;;;;;;;;;;;;;4.17;12.5;20.83;25;37.5;;;;;4.17;12.5;16.67;33.33;16.67;12.5;4.17;;;;
2023;25;Paraíba;2513968;São Domingos;Total - Federal  Estadual  Municipal e Privada;Total;203.99;215.33;268.28;269.7;;;6.94;18.63;9.32;6.94;13.46;20.19;18.01;6.52;;;2.38;6.73;16.46;13.66;22.36;11.08;16.05;6.73;2.17;2.38;;8.33;16.67;4.17;20.83;20.83;16.67;8.33;4.17;;8.33;8.33;12.5;20.83;20.83;20.83;4.17;4.17;;;;;;;;;;;;;;;;;;;;;;;11.76;5.88;;29.41;17.65;29.41;5.88;;;23.53;17.65;17.65;5.88;23.53;5.88;5.88;;;;;11.76;5.88;;29.41;17.65;29.41;5.88;;;23.53;17.65;17.65;5.88;23.53;5.88;5.88;;;;
2023;25;Paraíba;2513968;São Domingos;Total - Federal  Estadual  Municipal e Privada;Urbana;203.99;215.33;268.28;269.7;;;6.94;18.63;9.32;6.94;13.46;20.19;18.01;6.52;;;2.38;6.73;16.46;13.66;22.36;11.08;16.05;6.73;2.17;2.38;;8.33;16.67;4.17;20.83;20.83;16.67;8.33;4.17;;8.33;8.33;12.5;20.83;20.83;20.83;4.17;4.17;;;;;;;;;;;;;;;;;;;;;;;11.76;5.88;;29.41;17.65;29.41;5.88;;;23.53;17.65;17.65;5.88;23.53;5.88;5.88;;;;;11.76;5.88;;29.41;17.65;29.41;5.88;;;23.53;17.65;17.65;5.88;23.53;5.88;5.88;;;;
2023;25;Paraíba;2513968;São Domingos;Estadual;Total;;;;;;;;;;;;;;;;;;;;;;;;;;;;;;;;;;;;;;;;;;;;;;;;;;;;;;;;;;;;;;;;;;;11.76;5.88;;29.41;17.65;29.41;5.88;;;23.53;17.65;17.65;5.88;23.53;5.88;5.88;;;;;11.76;5.88;;29.41;17.65;29.41;5.88;;;23.53;17.65;17.65;5.88;23.53;5.88;5.88;;;;
2023;25;Paraíba;2513968;São Domingos;Estadual;Urbana;;;;;;;;;;;;;;;;;;;;;;;;;;;;;;;;;;;;;;;;;;;;;;;;;;;;;;;;;;;;;;;;;;;11.76;5.88;0;29.41;17.65;29.41;5.88;0;0;23.53;17.65;17.65;5.88;23.53;5.88;5.88;0;0;0;0;11.76;5.88;0;29.41;17.65;29.41;5.88;0;0;23.53;17.65;17.65;5.88;23.53;5.88;5.88;0;0;0;0
2023;25;Paraíba;2513968;São Domingos;Municipal;Total;203.99;215.33;268.28;269.7;;;6.94;18.63;9.32;6.94;13.46;20.19;18.01;6.52;;;2.38;6.73;16.46;13.66;22.36;11.08;16.05;6.73;2.17;2.38;;8.33;16.67;4.17;20.83;20.83;16.67;8.33;4.17;;8.33;8.33;12.5;20.83;20.83;20.83;4.17;4.17;;;;;;;;;;;;;;;;;;;;;;;;;;;;;;;;;;;;;;;;;;;;;;;;;;;;;;;;;;;;;;
2023;25;Paraíba;2513968;São Domingos;Municipal;Urbana;203.99;215.33;268.28;269.7;;;6.94;18.63;9.32;6.94;13.46;20.19;18.01;6.52;0;0;2.38;6.73;16.46;13.66;22.36;11.08;16.05;6.73;2.17;2.38;0;8.33;16.67;4.17;20.83;20.83;16.67;8.33;4.17;0;8.33;8.33;12.5;20.83;20.83;20.83;4.17;4.17;0;0;;;;;;;;;;;;;;;;;;;;;;;;;;;;;;;;;;;;;;;;;;;;;;;;;;;;;;;;;;;;
2023;25;Paraíba;2513968;São Domingos;Total - Estadual e Municipal;Total;203.99;215.33;268.28;269.7;;;6.94;18.63;9.32;6.94;13.46;20.19;18.01;6.52;;;2.38;6.73;16.46;13.66;22.36;11.08;16.05;6.73;2.17;2.38;;8.33;16.67;4.17;20.83;20.83;16.67;8.33;4.17;;8.33;8.33;12.5;20.83;20.83;20.83;4.17;4.17;;;;;;;;;;;;;;;;;;;;;;;11.76;5.88;;29.41;17.65;29.41;5.88;;;23.53;17.65;17.65;5.88;23.53;5.88;5.88;;;;;11.76;5.88;;29.41;17.65;29.41;5.88;;;23.53;17.65;17.65;5.88;23.53;5.88;5.88;;;;
2023;25;Paraíba;2513968;São Domingos;Total - Estadual e Municipal;Urbana;203.99;215.33;268.28;269.7;;;6.94;18.63;9.32;6.94;13.46;20.19;18.01;6.52;;;2.38;6.73;16.46;13.66;22.36;11.08;16.05;6.73;2.17;2.38;;8.33;16.67;4.17;20.83;20.83;16.67;8.33;4.17;;8.33;8.33;12.5;20.83;20.83;20.83;4.17;4.17;;;;;;;;;;;;;;;;;;;;;;;11.76;5.88;;29.41;17.65;29.41;5.88;;;23.53;17.65;17.65;5.88;23.53;5.88;5.88;;;;;11.76;5.88;;29.41;17.65;29.41;5.88;;;23.53;17.65;17.65;5.88;23.53;5.88;5.88;;;;
2023;25;Paraíba;2513968;São Domingos;Total - Federal  Estadual e Municipal;Total;203.99;215.33;268.28;269.7;;;6.94;18.63;9.32;6.94;13.46;20.19;18.01;6.52;;;2.38;6.73;16.46;13.66;22.36;11.08;16.05;6.73;2.17;2.38;;8.33;16.67;4.17;20.83;20.83;16.67;8.33;4.17;;8.33;8.33;12.5;20.83;20.83;20.83;4.17;4.17;;;;;;;;;;;;;;;;;;;;;;;11.76;5.88;;29.41;17.65;29.41;5.88;;;23.53;17.65;17.65;5.88;23.53;5.88;5.88;;;;;11.76;5.88;;29.41;17.65;29.41;5.88;;;23.53;17.65;17.65;5.88;23.53;5.88;5.88;;;;
2023;25;Paraíba;2513968;São Domingos;Total - Federal  Estadual e Municipal;Urbana;203.99;215.33;268.28;269.7;;;6.94;18.63;9.32;6.94;13.46;20.19;18.01;6.52;;;2.38;6.73;16.46;13.66;22.36;11.08;16.05;6.73;2.17;2.38;;8.33;16.67;4.17;20.83;20.83;16.67;8.33;4.17;;8.33;8.33;12.5;20.83;20.83;20.83;4.17;4.17;;;;;;;;;;;;;;;;;;;;;;;11.76;5.88;;29.41;17.65;29.41;5.88;;;23.53;17.65;17.65;5.88;23.53;5.88;5.88;;;;;11.76;5.88;;29.41;17.65;29.41;5.88;;;23.53;17.65;17.65;5.88;23.53;5.88;5.88;;;;
2023;25;Paraíba;2513984;São Francisco;Total - Federal  Estadual  Municipal e Privada;Total;220.87;241.22;269.38;272.38;266.32;279.94;;6.98;16.13;4.35;29.63;13.73;13.5;13.5;;2.17;;9.15;2.17;11.56;13.73;18.54;20.48;8.7;4.35;11.33;;5.61;14.24;16.01;11.77;28.17;12.59;8.8;2.8;;4.41;11.3;19.03;18.54;18.84;14.9;10.06;2.91;;;10.71;21.43;32.14;21.43;3.57;10.71;;;;14.29;17.86;14.29;25;7.14;10.71;7.14;3.57;;;;;;;;;;;;;;;;;;;;;;;;10.71;21.43;32.14;21.43;3.57;10.71;;;;14.29;17.86;14.29;25;7.14;10.71;7.14;3.57;;;
2023;25;Paraíba;2513984;São Francisco;Total - Federal  Estadual  Municipal e Privada;Urbana;228.19;249.27;269.38;272.38;266.32;279.94;;4;12;8;28;12;16;16;;4;;8;4;8;12;12;20;16;8;12;;5.61;14.24;16.01;11.77;28.17;12.59;8.8;2.8;;4.41;11.3;19.03;18.54;18.84;14.9;10.06;2.91;;;10.71;21.43;32.14;21.43;3.57;10.71;;;;14.29;17.86;14.29;25;7.14;10.71;7.14;3.57;;;;;;;;;;;;;;;;;;;;;;;;10.71;21.43;32.14;21.43;3.57;10.71;;;;14.29;17.86;14.29;25;7.14;10.71;7.14;3.57;;;
2023;25;Paraíba;2513984;São Francisco;Total - Federal  Estadual  Municipal e Privada;Rural;212.15;231.63;;;;;;10.53;21.05;;31.58;15.79;10.53;10.53;;;;10.53;;15.79;15.79;26.32;21.05;;;10.53;;;;;;;;;;;;;;;;;;;;;;;;;;;;;;;;;;;;;;;;;;;;;;;;;;;;;;;;;;;;;;;;;;;;;;;;;;;;;;;;
2023;25;Paraíba;2513984;São Francisco;Estadual;Total;;;;;266.32;279.94;;;;;;;;;;;;;;;;;;;;;;;;;;;;;;;;;;;;;;;;;10.71;21.43;32.14;21.43;3.57;10.71;;;;14.29;17.86;14.29;25;7.14;10.71;7.14;3.57;;;;;;;;;;;;;;;;;;;;;;;;10.71;21.43;32.14;21.43;3.57;10.71;;;;14.29;17.86;14.29;25;7.14;10.71;7.14;3.57;;;
2023;25;Paraíba;2513984;São Francisco;Estadual;Urbana;;;;;266.32;279.94;;;;;;;;;;;;;;;;;;;;;;;;;;;;;;;;;;;;;;;;;10.71;21.43;32.14;21.43;3.57;10.71;0;0;0;14.29;17.86;14.29;25;7.14;10.71;7.14;3.57;0;0;0;;;;;;;;;;;;;;;;;;;;;10.71;21.43;32.14;21.43;3.57;10.71;0;0;0;14.29;17.86;14.29;25;7.14;10.71;7.14;3.57;0;0;0
2023;25;Paraíba;2513984;São Francisco;Municipal;Total;220.87;241.22;269.38;272.38;;;;6.98;16.13;4.35;29.63;13.73;13.5;13.5;;2.17;;9.15;2.17;11.56;13.73;18.54;20.48;8.7;4.35;11.33;;5.61;14.24;16.01;11.77;28.17;12.59;8.8;2.8;;4.41;11.3;19.03;18.54;18.84;14.9;10.06;2.91;;;;;;;;;;;;;;;;;;;;;;;;;;;;;;;;;;;;;;;;;;;;;;;;;;;;;;;;;;;;;;
2023;25;Paraíba;2513984;São Francisco;Municipal;Urbana;228.19;249.27;269.38;272.38;;;0;4;12;8;28;12;16;16;0;4;0;8;4;8;12;12;20;16;8;12;0;5.61;14.24;16.01;11.77;28.17;12.59;8.8;2.8;0;4.41;11.3;19.03;18.54;18.84;14.9;10.06;2.91;0;0;;;;;;;;;;;;;;;;;;;;;;;;;;;;;;;;;;;;;;;;;;;;;;;;;;;;;;;;;;;;
2023;25;Paraíba;2513984;São Francisco;Municipal;Rural;212.15;231.63;;;;;0;10.53;21.05;0;31.58;15.79;10.53;10.53;0;0;0;10.53;0;15.79;15.79;26.32;21.05;0;0;10.53;0;;;;;;;;;;;;;;;;;;;;;;;;;;;;;;;;;;;;;;;;;;;;;;;;;;;;;;;;;;;;;;;;;;;;;;;;;;;;;;;
2023;25;Paraíba;2513984;São Francisco;Total - Estadual e Municipal;Total;220.87;241.22;269.38;272.38;266.32;279.94;;6.98;16.13;4.35;29.63;13.73;13.5;13.5;;2.17;;9.15;2.17;11.56;13.73;18.54;20.48;8.7;4.35;11.33;;5.61;14.24;16.01;11.77;28.17;12.59;8.8;2.8;;4.41;11.3;19.03;18.54;18.84;14.9;10.06;2.91;;;10.71;21.43;32.14;21.43;3.57;10.71;;;;14.29;17.86;14.29;25;7.14;10.71;7.14;3.57;;;;;;;;;;;;;;;;;;;;;;;;10.71;21.43;32.14;21.43;3.57;10.71;;;;14.29;17.86;14.29;25;7.14;10.71;7.14;3.57;;;
2023;25;Paraíba;2513984;São Francisco;Total - Estadual e Municipal;Urbana;228.19;249.27;269.38;272.38;266.32;279.94;;4;12;8;28;12;16;16;;4;;8;4;8;12;12;20;16;8;12;;5.61;14.24;16.01;11.77;28.17;12.59;8.8;2.8;;4.41;11.3;19.03;18.54;18.84;14.9;10.06;2.91;;;10.71;21.43;32.14;21.43;3.57;10.71;;;;14.29;17.86;14.29;25;7.14;10.71;7.14;3.57;;;;;;;;;;;;;;;;;;;;;;;;10.71;21.43;32.14;21.43;3.57;10.71;;;;14.29;17.86;14.29;25;7.14;10.71;7.14;3.57;;;
2023;25;Paraíba;2513984;São Francisco;Total - Estadual e Municipal;Rural;212.15;231.63;;;;;;10.53;21.05;;31.58;15.79;10.53;10.53;;;;10.53;;15.79;15.79;26.32;21.05;;;10.53;;;;;;;;;;;;;;;;;;;;;;;;;;;;;;;;;;;;;;;;;;;;;;;;;;;;;;;;;;;;;;;;;;;;;;;;;;;;;;;;
2023;25;Paraíba;2513984;São Francisco;Total - Federal  Estadual e Municipal;Total;220.87;241.22;269.38;272.38;266.32;279.94;;6.98;16.13;4.35;29.63;13.73;13.5;13.5;;2.17;;9.15;2.17;11.56;13.73;18.54;20.48;8.7;4.35;11.33;;5.61;14.24;16.01;11.77;28.17;12.59;8.8;2.8;;4.41;11.3;19.03;18.54;18.84;14.9;10.06;2.91;;;10.71;21.43;32.14;21.43;3.57;10.71;;;;14.29;17.86;14.29;25;7.14;10.71;7.14;3.57;;;;;;;;;;;;;;;;;;;;;;;;10.71;21.43;32.14;21.43;3.57;10.71;;;;14.29;17.86;14.29;25;7.14;10.71;7.14;3.57;;;
2023;25;Paraíba;2513984;São Francisco;Total - Federal  Estadual e Municipal;Urbana;228.19;249.27;269.38;272.38;266.32;279.94;;4;12;8;28;12;16;16;;4;;8;4;8;12;12;20;16;8;12;;5.61;14.24;16.01;11.77;28.17;12.59;8.8;2.8;;4.41;11.3;19.03;18.54;18.84;14.9;10.06;2.91;;;10.71;21.43;32.14;21.43;3.57;10.71;;;;14.29;17.86;14.29;25;7.14;10.71;7.14;3.57;;;;;;;;;;;;;;;;;;;;;;;;10.71;21.43;32.14;21.43;3.57;10.71;;;;14.29;17.86;14.29;25;7.14;10.71;7.14;3.57;;;
2023;25;Paraíba;2513984;São Francisco;Total - Federal  Estadual e Municipal;Rural;212.15;231.63;;;;;;10.53;21.05;;31.58;15.79;10.53;10.53;;;;10.53;;15.79;15.79;26.32;21.05;;;10.53;;;;;;;;;;;;;;;;;;;;;;;;;;;;;;;;;;;;;;;;;;;;;;;;;;;;;;;;;;;;;;;;;;;;;;;;;;;;;;;;
2023;25;Paraíba;2514008;São João do Cariri;Total - Federal  Estadual  Municipal e Privada;Total;203.89;211.59;259.32;245.55;;;;17.74;19.62;9.81;19.62;11.32;11.7;3.77;4.15;2.26;1.89;12.45;9.81;15.47;19.62;18.87;17.74;4.15;;;;7.81;16.05;24.01;15.48;18.89;5.54;9.94;;2.27;16.48;18.18;14.06;28.13;13.21;7.24;2.7;;;;;;;;;;;;;;;;;;;;;;;;29.66;16.16;16.16;24.48;8.1;5.45;;;;40.41;8.13;24.37;8.13;13.55;5.41;;;;;;29.66;16.16;16.16;24.48;8.1;5.45;;;;40.41;8.13;24.37;8.13;13.55;5.41;;;;;
2023;25;Paraíba;2514008;São João do Cariri;Total - Federal  Estadual  Municipal e Privada;Urbana;202.87;214.65;255.6;239.36;;;;17.07;19.51;9.76;19.51;14.63;12.2;4.88;2.44;;2.44;7.32;9.76;17.07;19.51;24.39;17.07;2.44;;;;7.17;17.83;25.18;14.15;21.51;7.17;6.99;;;21.32;17.65;18.2;21.69;14.15;3.49;3.49;;;;;;;;;;;;;;;;;;;;;;;;29.66;16.16;16.16;24.48;8.1;5.45;;;;40.41;8.13;24.37;8.13;13.55;5.41;;;;;;29.66;16.16;16.16;24.48;8.1;5.45;;;;40.41;8.13;24.37;8.13;13.55;5.41;;;;;
2023;25;Paraíba;2514008;São João do Cariri;Total - Federal  Estadual  Municipal e Privada;Rural;207.37;201.15;271.96;266.63;;;;20;20;10;20;;10;;10;10;;30;10;10;20;;20;10;;;;10;10;20;20;10;;20;;10;;20;;50;10;20;;;;;;;;;;;;;;;;;;;;;;;;;;;;;;;;;;;;;;;;;;;;;;;;;;;;;;;;;;;;;;;;
2023;25;Paraíba;2514008;São João do Cariri;Estadual;Total;;;271.96;266.63;;;;;;;;;;;;;;;;;;;;;;;;10;10;20;20;10;;20;;10;;20;;50;10;20;;;;;;;;;;;;;;;;;;;;;;;;;29.66;16.16;16.16;24.48;8.1;5.45;;;;40.41;8.13;24.37;8.13;13.55;5.41;;;;;;29.66;16.16;16.16;24.48;8.1;5.45;;;;40.41;8.13;24.37;8.13;13.55;5.41;;;;;
2023;25;Paraíba;2514008;São João do Cariri;Estadual;Urbana;;;;;;;;;;;;;;;;;;;;;;;;;;;;;;;;;;;;;;;;;;;;;;;;;;;;;;;;;;;;;;;;;;;29.66;16.16;16.16;24.48;8.1;5.45;0;0;0;40.41;8.13;24.37;8.13;13.55;5.41;0;0;0;0;0;29.66;16.16;16.16;24.48;8.1;5.45;0;0;0;40.41;8.13;24.37;8.13;13.55;5.41;0;0;0;0;0
2023;25;Paraíba;2514008;São João do Cariri;Estadual;Rural;;;271.96;266.63;;;;;;;;;;;;;;;;;;;;;;;;10;10;20;20;10;0;20;0;10;0;20;0;50;10;20;0;0;0;0;;;;;;;;;;;;;;;;;;;;;;;;;;;;;;;;;;;;;;;;;;;;;;;;;;;;;;;;;;;;
2023;25;Paraíba;2514008;São João do Cariri;Municipal;Total;203.89;211.59;255.6;239.36;;;;17.74;19.62;9.81;19.62;11.32;11.7;3.77;4.15;2.26;1.89;12.45;9.81;15.47;19.62;18.87;17.74;4.15;;;;7.17;17.83;25.18;14.15;21.51;7.17;6.99;;;21.32;17.65;18.2;21.69;14.15;3.49;3.49;;;;;;;;;;;;;;;;;;;;;;;;;;;;;;;;;;;;;;;;;;;;;;;;;;;;;;;;;;;;;;;
2023;25;Paraíba;2514008;São João do Cariri;Municipal;Urbana;202.87;214.65;255.6;239.36;;;0;17.07;19.51;9.76;19.51;14.63;12.2;4.88;2.44;0;2.44;7.32;9.76;17.07;19.51;24.39;17.07;2.44;0;0;0;7.17;17.83;25.18;14.15;21.51;7.17;6.99;0;0;21.32;17.65;18.2;21.69;14.15;3.49;3.49;0;0;0;;;;;;;;;;;;;;;;;;;;;;;;;;;;;;;;;;;;;;;;;;;;;;;;;;;;;;;;;;;;
2023;25;Paraíba;2514008;São João do Cariri;Municipal;Rural;207.37;201.15;;;;;0;20;20;10;20;0;10;0;10;10;0;30;10;10;20;0;20;10;0;0;0;;;;;;;;;;;;;;;;;;;;;;;;;;;;;;;;;;;;;;;;;;;;;;;;;;;;;;;;;;;;;;;;;;;;;;;;;;;;;;;
2023;25;Paraíba;2514008;São João do Cariri;Total - Estadual e Municipal;Total;203.89;211.59;259.32;245.55;;;;17.74;19.62;9.81;19.62;11.32;11.7;3.77;4.15;2.26;1.89;12.45;9.81;15.47;19.62;18.87;17.74;4.15;;;;7.81;16.05;24.01;15.48;18.89;5.54;9.94;;2.27;16.48;18.18;14.06;28.13;13.21;7.24;2.7;;;;;;;;;;;;;;;;;;;;;;;;29.66;16.16;16.16;24.48;8.1;5.45;;;;40.41;8.13;24.37;8.13;13.55;5.41;;;;;;29.66;16.16;16.16;24.48;8.1;5.45;;;;40.41;8.13;24.37;8.13;13.55;5.41;;;;;
2023;25;Paraíba;2514008;São João do Cariri;Total - Estadual e Municipal;Urbana;202.87;214.65;255.6;239.36;;;;17.07;19.51;9.76;19.51;14.63;12.2;4.88;2.44;;2.44;7.32;9.76;17.07;19.51;24.39;17.07;2.44;;;;7.17;17.83;25.18;14.15;21.51;7.17;6.99;;;21.32;17.65;18.2;21.69;14.15;3.49;3.49;;;;;;;;;;;;;;;;;;;;;;;;29.66;16.16;16.16;24.48;8.1;5.45;;;;40.41;8.13;24.37;8.13;13.55;5.41;;;;;;29.66;16.16;16.16;24.48;8.1;5.45;;;;40.41;8.13;24.37;8.13;13.55;5.41;;;;;
2023;25;Paraíba;2514008;São João do Cariri;Total - Estadual e Municipal;Rural;207.37;201.15;271.96;266.63;;;;20;20;10;20;;10;;10;10;;30;10;10;20;;20;10;;;;10;10;20;20;10;;20;;10;;20;;50;10;20;;;;;;;;;;;;;;;;;;;;;;;;;;;;;;;;;;;;;;;;;;;;;;;;;;;;;;;;;;;;;;;;
2023;25;Paraíba;2514008;São João do Cariri;Total - Federal  Estadual e Municipal;Total;203.89;211.59;259.32;245.55;;;;17.74;19.62;9.81;19.62;11.32;11.7;3.77;4.15;2.26;1.89;12.45;9.81;15.47;19.62;18.87;17.74;4.15;;;;7.81;16.05;24.01;15.48;18.89;5.54;9.94;;2.27;16.48;18.18;14.06;28.13;13.21;7.24;2.7;;;;;;;;;;;;;;;;;;;;;;;;29.66;16.16;16.16;24.48;8.1;5.45;;;;40.41;8.13;24.37;8.13;13.55;5.41;;;;;;29.66;16.16;16.16;24.48;8.1;5.45;;;;40.41;8.13;24.37;8.13;13.55;5.41;;;;;
2023;25;Paraíba;2514008;São João do Cariri;Total - Federal  Estadual e Municipal;Urbana;202.87;214.65;255.6;239.36;;;;17.07;19.51;9.76;19.51;14.63;12.2;4.88;2.44;;2.44;7.32;9.76;17.07;19.51;24.39;17.07;2.44;;;;7.17;17.83;25.18;14.15;21.51;7.17;6.99;;;21.32;17.65;18.2;21.69;14.15;3.49;3.49;;;;;;;;;;;;;;;;;;;;;;;;29.66;16.16;16.16;24.48;8.1;5.45;;;;40.41;8.13;24.37;8.13;13.55;5.41;;;;;;29.66;16.16;16.16;24.48;8.1;5.45;;;;40.41;8.13;24.37;8.13;13.55;5.41;;;;;
2023;25;Paraíba;2514008;São João do Cariri;Total - Federal  Estadual e Municipal;Rural;207.37;201.15;271.96;266.63;;;;20;20;10;20;;10;;10;10;;30;10;10;20;;20;10;;;;10;10;20;20;10;;20;;10;;20;;50;10;20;;;;;;;;;;;;;;;;;;;;;;;;;;;;;;;;;;;;;;;;;;;;;;;;;;;;;;;;;;;;;;;;
2023;25;Paraíba;2514107;São João do Tigre;Total - Federal  Estadual  Municipal e Privada;Total;192.56;205.93;236.83;249.56;239.21;264.4;6.19;18.38;12.44;18.38;15.38;15.38;12.31;1.56;;;1.56;6.13;23.19;19.94;16.75;15.38;6.25;9.25;1.56;;;28.85;16.62;8.79;17.93;16.76;6.59;4.46;;;16.55;15.59;20.19;18.89;11.06;8.93;6.59;2.2;;;38.71;19.35;25.81;12.9;;3.23;;;;19.35;16.13;25.81;16.13;19.35;;3.23;;;;;;;;;;;;;;;;;;;;;;;;;38.71;19.35;25.81;12.9;;3.23;;;;19.35;16.13;25.81;16.13;19.35;;3.23;;;;
2023;25;Paraíba;2514107;São João do Tigre;Total - Federal  Estadual  Municipal e Privada;Urbana;184.03;200.69;248.98;259.72;239.21;264.4;10.71;21.43;14.29;14.29;14.29;14.29;10.71;;;;3.57;7.14;32.14;10.71;14.29;17.86;3.57;10.71;;;;14.29;23.81;9.52;14.29;23.81;9.52;4.76;;;9.52;14.29;19.05;23.81;19.05;;9.52;4.76;;;38.71;19.35;25.81;12.9;;3.23;;;;19.35;16.13;25.81;16.13;19.35;;3.23;;;;;;;;;;;;;;;;;;;;;;;;;38.71;19.35;25.81;12.9;;3.23;;;;19.35;16.13;25.81;16.13;19.35;;3.23;;;;
2023;25;Paraíba;2514107;São João do Tigre;Total - Federal  Estadual  Municipal e Privada;Rural;199.19;210.01;233.19;246.52;;;2.67;16;11;21.56;16.22;16.22;13.56;2.78;;;;5.33;16.22;27.11;18.67;13.44;8.33;8.11;2.78;;;33.21;14.46;8.57;19.02;14.64;5.71;4.38;;;18.66;15.98;20.54;17.41;8.66;11.61;5.71;1.43;;;;;;;;;;;;;;;;;;;;;;;;;;;;;;;;;;;;;;;;;;;;;;;;;;;;;;;;;;;;;;
2023;25;Paraíba;2514107;São João do Tigre;Estadual;Total;;;;;239.21;264.4;;;;;;;;;;;;;;;;;;;;;;;;;;;;;;;;;;;;;;;;;38.71;19.35;25.81;12.9;;3.23;;;;19.35;16.13;25.81;16.13;19.35;;3.23;;;;;;;;;;;;;;;;;;;;;;;;;38.71;19.35;25.81;12.9;;3.23;;;;19.35;16.13;25.81;16.13;19.35;;3.23;;;;
2023;25;Paraíba;2514107;São João do Tigre;Estadual;Urbana;;;;;239.21;264.4;;;;;;;;;;;;;;;;;;;;;;;;;;;;;;;;;;;;;;;;;38.71;19.35;25.81;12.9;0;3.23;0;0;0;19.35;16.13;25.81;16.13;19.35;0;3.23;0;0;0;0;;;;;;;;;;;;;;;;;;;;;38.71;19.35;25.81;12.9;0;3.23;0;0;0;19.35;16.13;25.81;16.13;19.35;0;3.23;0;0;0;0
2023;25;Paraíba;2514107;São João do Tigre;Municipal;Total;192.56;205.93;236.83;249.56;;;6.19;18.38;12.44;18.38;15.38;15.38;12.31;1.56;;;1.56;6.13;23.19;19.94;16.75;15.38;6.25;9.25;1.56;;;28.85;16.62;8.79;17.93;16.76;6.59;4.46;;;16.55;15.59;20.19;18.89;11.06;8.93;6.59;2.2;;;;;;;;;;;;;;;;;;;;;;;;;;;;;;;;;;;;;;;;;;;;;;;;;;;;;;;;;;;;;;
2023;25;Paraíba;2514107;São João do Tigre;Municipal;Urbana;184.03;200.69;248.98;259.72;;;10.71;21.43;14.29;14.29;14.29;14.29;10.71;0;0;0;3.57;7.14;32.14;10.71;14.29;17.86;3.57;10.71;0;0;0;14.29;23.81;9.52;14.29;23.81;9.52;4.76;0;0;9.52;14.29;19.05;23.81;19.05;0;9.52;4.76;0;0;;;;;;;;;;;;;;;;;;;;;;;;;;;;;;;;;;;;;;;;;;;;;;;;;;;;;;;;;;;;
2023;25;Paraíba;2514107;São João do Tigre;Municipal;Rural;199.19;210.01;233.19;246.52;;;2.67;16;11;21.56;16.22;16.22;13.56;2.78;0;0;0;5.33;16.22;27.11;18.67;13.44;8.33;8.11;2.78;0;0;33.21;14.46;8.57;19.02;14.64;5.71;4.38;0;0;18.66;15.98;20.54;17.41;8.66;11.61;5.71;1.43;0;0;;;;;;;;;;;;;;;;;;;;;;;;;;;;;;;;;;;;;;;;;;;;;;;;;;;;;;;;;;;;
2023;25;Paraíba;2514107;São João do Tigre;Total - Estadual e Municipal;Total;192.56;205.93;236.83;249.56;239.21;264.4;6.19;18.38;12.44;18.38;15.38;15.38;12.31;1.56;;;1.56;6.13;23.19;19.94;16.75;15.38;6.25;9.25;1.56;;;28.85;16.62;8.79;17.93;16.76;6.59;4.46;;;16.55;15.59;20.19;18.89;11.06;8.93;6.59;2.2;;;38.71;19.35;25.81;12.9;;3.23;;;;19.35;16.13;25.81;16.13;19.35;;3.23;;;;;;;;;;;;;;;;;;;;;;;;;38.71;19.35;25.81;12.9;;3.23;;;;19.35;16.13;25.81;16.13;19.35;;3.23;;;;
2023;25;Paraíba;2514107;São João do Tigre;Total - Estadual e Municipal;Urbana;184.03;200.69;248.98;259.72;239.21;264.4;10.71;21.43;14.29;14.29;14.29;14.29;10.71;;;;3.57;7.14;32.14;10.71;14.29;17.86;3.57;10.71;;;;14.29;23.81;9.52;14.29;23.81;9.52;4.76;;;9.52;14.29;19.05;23.81;19.05;;9.52;4.76;;;38.71;19.35;25.81;12.9;;3.23;;;;19.35;16.13;25.81;16.13;19.35;;3.23;;;;;;;;;;;;;;;;;;;;;;;;;38.71;19.35;25.81;12.9;;3.23;;;;19.35;16.13;25.81;16.13;19.35;;3.23;;;;
2023;25;Paraíba;2514107;São João do Tigre;Total - Estadual e Municipal;Rural;199.19;210.01;233.19;246.52;;;2.67;16;11;21.56;16.22;16.22;13.56;2.78;;;;5.33;16.22;27.11;18.67;13.44;8.33;8.11;2.78;;;33.21;14.46;8.57;19.02;14.64;5.71;4.38;;;18.66;15.98;20.54;17.41;8.66;11.61;5.71;1.43;;;;;;;;;;;;;;;;;;;;;;;;;;;;;;;;;;;;;;;;;;;;;;;;;;;;;;;;;;;;;;
2023;25;Paraíba;2514107;São João do Tigre;Total - Federal  Estadual e Municipal;Total;192.56;205.93;236.83;249.56;239.21;264.4;6.19;18.38;12.44;18.38;15.38;15.38;12.31;1.56;;;1.56;6.13;23.19;19.94;16.75;15.38;6.25;9.25;1.56;;;28.85;16.62;8.79;17.93;16.76;6.59;4.46;;;16.55;15.59;20.19;18.89;11.06;8.93;6.59;2.2;;;38.71;19.35;25.81;12.9;;3.23;;;;19.35;16.13;25.81;16.13;19.35;;3.23;;;;;;;;;;;;;;;;;;;;;;;;;38.71;19.35;25.81;12.9;;3.23;;;;19.35;16.13;25.81;16.13;19.35;;3.23;;;;
2023;25;Paraíba;2514107;São João do Tigre;Total - Federal  Estadual e Municipal;Urbana;184.03;200.69;248.98;259.72;239.21;264.4;10.71;21.43;14.29;14.29;14.29;14.29;10.71;;;;3.57;7.14;32.14;10.71;14.29;17.86;3.57;10.71;;;;14.29;23.81;9.52;14.29;23.81;9.52;4.76;;;9.52;14.29;19.05;23.81;19.05;;9.52;4.76;;;38.71;19.35;25.81;12.9;;3.23;;;;19.35;16.13;25.81;16.13;19.35;;3.23;;;;;;;;;;;;;;;;;;;;;;;;;38.71;19.35;25.81;12.9;;3.23;;;;19.35;16.13;25.81;16.13;19.35;;3.23;;;;
2023;25;Paraíba;2514107;São João do Tigre;Total - Federal  Estadual e Municipal;Rural;199.19;210.01;233.19;246.52;;;2.67;16;11;21.56;16.22;16.22;13.56;2.78;;;;5.33;16.22;27.11;18.67;13.44;8.33;8.11;2.78;;;33.21;14.46;8.57;19.02;14.64;5.71;4.38;;;18.66;15.98;20.54;17.41;8.66;11.61;5.71;1.43;;;;;;;;;;;;;;;;;;;;;;;;;;;;;;;;;;;;;;;;;;;;;;;;;;;;;;;;;;;;;;
2023;25;Paraíba;2514206;São José da Lagoa Tapada;Total - Federal  Estadual  Municipal e Privada;Total;201.38;219.5;264.87;262.13;265.41;285.77;4;8.95;18.79;17.77;21.73;12.87;10.91;4;0.98;;2.98;7.88;10.95;7.92;25.61;17.85;11.93;9.89;1.96;3.02;;7.81;12.46;17.3;21.25;16.31;16.38;5.67;2.83;;8.75;11.63;23.98;16.33;18.2;13.5;5.72;0.94;;0.96;14.71;20.58;27.21;16.41;18.88;2.21;;;;14.46;10.54;18.62;21.09;10.54;14.46;6.12;2.21;1.96;;;;;;;;;;;;;;;;;;;;;;;14.71;20.58;27.21;16.41;18.88;2.21;;;;14.46;10.54;18.62;21.09;10.54;14.46;6.12;2.21;1.96;;
2023;25;Paraíba;2514206;São José da Lagoa Tapada;Total - Federal  Estadual  Municipal e Privada;Urbana;201.38;219.5;264.87;262.13;265.41;285.77;4;8.95;18.79;17.77;21.73;12.87;10.91;4;0.98;;2.98;7.88;10.95;7.92;25.61;17.85;11.93;9.89;1.96;3.02;;7.81;12.46;17.3;21.25;16.31;16.38;5.67;2.83;;8.75;11.63;23.98;16.33;18.2;13.5;5.72;0.94;;0.96;14.71;20.58;27.21;16.41;18.88;2.21;;;;14.46;10.54;18.62;21.09;10.54;14.46;6.12;2.21;1.96;;;;;;;;;;;;;;;;;;;;;;;14.71;20.58;27.21;16.41;18.88;2.21;;;;14.46;10.54;18.62;21.09;10.54;14.46;6.12;2.21;1.96;;
2023;25;Paraíba;2514206;São José da Lagoa Tapada;Estadual;Total;;;249.88;251.42;265.41;285.77;;;;;;;;;;;;;;;;;;;;;;14.71;11.76;17.65;26.47;17.65;11.76;;;;17.65;11.76;23.53;14.71;14.71;17.65;;;;;14.71;20.58;27.21;16.41;18.88;2.21;;;;14.46;10.54;18.62;21.09;10.54;14.46;6.12;2.21;1.96;;;;;;;;;;;;;;;;;;;;;;;14.71;20.58;27.21;16.41;18.88;2.21;;;;14.46;10.54;18.62;21.09;10.54;14.46;6.12;2.21;1.96;;
2023;25;Paraíba;2514206;São José da Lagoa Tapada;Estadual;Urbana;;;249.88;251.42;265.41;285.77;;;;;;;;;;;;;;;;;;;;;;14.71;11.76;17.65;26.47;17.65;11.76;0;0;0;17.65;11.76;23.53;14.71;14.71;17.65;0;0;0;0;14.71;20.58;27.21;16.41;18.88;2.21;0;0;0;14.46;10.54;18.62;21.09;10.54;14.46;6.12;2.21;1.96;0;0;;;;;;;;;;;;;;;;;;;;;14.71;20.58;27.21;16.41;18.88;2.21;0;0;0;14.46;10.54;18.62;21.09;10.54;14.46;6.12;2.21;1.96;0;0
2023;25;Paraíba;2514206;São José da Lagoa Tapada;Municipal;Total;201.38;219.5;272.47;267.57;;;4;8.95;18.79;17.77;21.73;12.87;10.91;4;0.98;;2.98;7.88;10.95;7.92;25.61;17.85;11.93;9.89;1.96;3.02;;4.31;12.81;17.12;18.61;15.63;18.72;8.54;4.27;;4.23;11.56;24.21;17.16;19.98;11.4;8.62;1.41;;1.45;;;;;;;;;;;;;;;;;;;;;;;;;;;;;;;;;;;;;;;;;;;;;;;;;;;;;;;;;;;;
2023;25;Paraíba;2514206;São José da Lagoa Tapada;Municipal;Urbana;201.38;219.5;272.47;267.57;;;4;8.95;18.79;17.77;21.73;12.87;10.91;4;0.98;0;2.98;7.88;10.95;7.92;25.61;17.85;11.93;9.89;1.96;3.02;0;4.31;12.81;17.12;18.61;15.63;18.72;8.54;4.27;0;4.23;11.56;24.21;17.16;19.98;11.4;8.62;1.41;0;1.45;;;;;;;;;;;;;;;;;;;;;;;;;;;;;;;;;;;;;;;;;;;;;;;;;;;;;;;;;;;;
2023;25;Paraíba;2514206;São José da Lagoa Tapada;Total - Estadual e Municipal;Total;201.38;219.5;264.87;262.13;265.41;285.77;4;8.95;18.79;17.77;21.73;12.87;10.91;4;0.98;;2.98;7.88;10.95;7.92;25.61;17.85;11.93;9.89;1.96;3.02;;7.81;12.46;17.3;21.25;16.31;16.38;5.67;2.83;;8.75;11.63;23.98;16.33;18.2;13.5;5.72;0.94;;0.96;14.71;20.58;27.21;16.41;18.88;2.21;;;;14.46;10.54;18.62;21.09;10.54;14.46;6.12;2.21;1.96;;;;;;;;;;;;;;;;;;;;;;;14.71;20.58;27.21;16.41;18.88;2.21;;;;14.46;10.54;18.62;21.09;10.54;14.46;6.12;2.21;1.96;;
2023;25;Paraíba;2514206;São José da Lagoa Tapada;Total - Estadual e Municipal;Urbana;201.38;219.5;264.87;262.13;265.41;285.77;4;8.95;18.79;17.77;21.73;12.87;10.91;4;0.98;;2.98;7.88;10.95;7.92;25.61;17.85;11.93;9.89;1.96;3.02;;7.81;12.46;17.3;21.25;16.31;16.38;5.67;2.83;;8.75;11.63;23.98;16.33;18.2;13.5;5.72;0.94;;0.96;14.71;20.58;27.21;16.41;18.88;2.21;;;;14.46;10.54;18.62;21.09;10.54;14.46;6.12;2.21;1.96;;;;;;;;;;;;;;;;;;;;;;;14.71;20.58;27.21;16.41;18.88;2.21;;;;14.46;10.54;18.62;21.09;10.54;14.46;6.12;2.21;1.96;;
2023;25;Paraíba;2514206;São José da Lagoa Tapada;Total - Federal  Estadual e Municipal;Total;201.38;219.5;264.87;262.13;265.41;285.77;4;8.95;18.79;17.77;21.73;12.87;10.91;4;0.98;;2.98;7.88;10.95;7.92;25.61;17.85;11.93;9.89;1.96;3.02;;7.81;12.46;17.3;21.25;16.31;16.38;5.67;2.83;;8.75;11.63;23.98;16.33;18.2;13.5;5.72;0.94;;0.96;14.71;20.58;27.21;16.41;18.88;2.21;;;;14.46;10.54;18.62;21.09;10.54;14.46;6.12;2.21;1.96;;;;;;;;;;;;;;;;;;;;;;;14.71;20.58;27.21;16.41;18.88;2.21;;;;14.46;10.54;18.62;21.09;10.54;14.46;6.12;2.21;1.96;;
2023;25;Paraíba;2514206;São José da Lagoa Tapada;Total - Federal  Estadual e Municipal;Urbana;201.38;219.5;264.87;262.13;265.41;285.77;4;8.95;18.79;17.77;21.73;12.87;10.91;4;0.98;;2.98;7.88;10.95;7.92;25.61;17.85;11.93;9.89;1.96;3.02;;7.81;12.46;17.3;21.25;16.31;16.38;5.67;2.83;;8.75;11.63;23.98;16.33;18.2;13.5;5.72;0.94;;0.96;14.71;20.58;27.21;16.41;18.88;2.21;;;;14.46;10.54;18.62;21.09;10.54;14.46;6.12;2.21;1.96;;;;;;;;;;;;;;;;;;;;;;;14.71;20.58;27.21;16.41;18.88;2.21;;;;14.46;10.54;18.62;21.09;10.54;14.46;6.12;2.21;1.96;;
2023;25;Paraíba;2514305;São José de Caiana;Total - Federal  Estadual  Municipal e Privada;Total;227.15;242.65;244.54;244.43;228.08;238.73;1.16;3.56;14.32;15.44;15.65;15.51;13.02;10.67;8.29;2.38;;6.01;7.17;10.68;16.7;13.07;17.88;10.74;9.45;3.54;4.75;16.74;21.2;15.72;18.28;17.1;5.48;4.11;1.37;;16.09;16.91;19.47;26.15;15.91;;4.11;1.37;;;54.14;17.69;13;6.5;6.5;2.17;;;;49.57;11.07;19.74;10.95;6.5;2.17;;;;;;;;;;;;;;;;;;;;;;;;;;54.14;17.69;13;6.5;6.5;2.17;;;;49.57;11.07;19.74;10.95;6.5;2.17;;;;;
2023;25;Paraíba;2514305;São José de Caiana;Total - Federal  Estadual  Municipal e Privada;Urbana;227.15;242.65;244.54;244.43;228.08;238.73;1.16;3.56;14.32;15.44;15.65;15.51;13.02;10.67;8.29;2.38;;6.01;7.17;10.68;16.7;13.07;17.88;10.74;9.45;3.54;4.75;16.74;21.2;15.72;18.28;17.1;5.48;4.11;1.37;;16.09;16.91;19.47;26.15;15.91;;4.11;1.37;;;54.14;17.69;13;6.5;6.5;2.17;;;;49.57;11.07;19.74;10.95;6.5;2.17;;;;;;;;;;;;;;;;;;;;;;;;;;54.14;17.69;13;6.5;6.5;2.17;;;;49.57;11.07;19.74;10.95;6.5;2.17;;;;;
2023;25;Paraíba;2514305;São José de Caiana;Estadual;Total;;;231.44;241.78;228.08;238.73;;;;;;;;;;;;;;;;;;;;;;10;40;20;20;10;;;;;5;30;30;20;10;;5;;;;54.14;17.69;13;6.5;6.5;2.17;;;;49.57;11.07;19.74;10.95;6.5;2.17;;;;;;;;;;;;;;;;;;;;;;;;;;54.14;17.69;13;6.5;6.5;2.17;;;;49.57;11.07;19.74;10.95;6.5;2.17;;;;;
2023;25;Paraíba;2514305;São José de Caiana;Estadual;Urbana;;;231.44;241.78;228.08;238.73;;;;;;;;;;;;;;;;;;;;;;10;40;20;20;10;0;0;0;0;5;30;30;20;10;0;5;0;0;0;54.14;17.69;13;6.5;6.5;2.17;0;0;0;49.57;11.07;19.74;10.95;6.5;2.17;0;0;0;0;0;;;;;;;;;;;;;;;;;;;;;54.14;17.69;13;6.5;6.5;2.17;0;0;0;49.57;11.07;19.74;10.95;6.5;2.17;0;0;0;0;0
2023;25;Paraíba;2514305;São José de Caiana;Municipal;Total;227.15;242.65;249.48;245.42;;;1.16;3.56;14.32;15.44;15.65;15.51;13.02;10.67;8.29;2.38;;6.01;7.17;10.68;16.7;13.07;17.88;10.74;9.45;3.54;4.75;19.27;14.11;14.11;17.64;19.77;7.55;5.66;1.89;;20.27;11.97;15.5;28.46;18.13;;3.78;1.89;;;;;;;;;;;;;;;;;;;;;;;;;;;;;;;;;;;;;;;;;;;;;;;;;;;;;;;;;;;;;;
2023;25;Paraíba;2514305;São José de Caiana;Municipal;Urbana;227.15;242.65;249.48;245.42;;;1.16;3.56;14.32;15.44;15.65;15.51;13.02;10.67;8.29;2.38;0;6.01;7.17;10.68;16.7;13.07;17.88;10.74;9.45;3.54;4.75;19.27;14.11;14.11;17.64;19.77;7.55;5.66;1.89;0;20.27;11.97;15.5;28.46;18.13;0;3.78;1.89;0;0;;;;;;;;;;;;;;;;;;;;;;;;;;;;;;;;;;;;;;;;;;;;;;;;;;;;;;;;;;;;
2023;25;Paraíba;2514305;São José de Caiana;Total - Estadual e Municipal;Total;227.15;242.65;244.54;244.43;228.08;238.73;1.16;3.56;14.32;15.44;15.65;15.51;13.02;10.67;8.29;2.38;;6.01;7.17;10.68;16.7;13.07;17.88;10.74;9.45;3.54;4.75;16.74;21.2;15.72;18.28;17.1;5.48;4.11;1.37;;16.09;16.91;19.47;26.15;15.91;;4.11;1.37;;;54.14;17.69;13;6.5;6.5;2.17;;;;49.57;11.07;19.74;10.95;6.5;2.17;;;;;;;;;;;;;;;;;;;;;;;;;;54.14;17.69;13;6.5;6.5;2.17;;;;49.57;11.07;19.74;10.95;6.5;2.17;;;;;
2023;25;Paraíba;2514305;São José de Caiana;Total - Estadual e Municipal;Urbana;227.15;242.65;244.54;244.43;228.08;238.73;1.16;3.56;14.32;15.44;15.65;15.51;13.02;10.67;8.29;2.38;;6.01;7.17;10.68;16.7;13.07;17.88;10.74;9.45;3.54;4.75;16.74;21.2;15.72;18.28;17.1;5.48;4.11;1.37;;16.09;16.91;19.47;26.15;15.91;;4.11;1.37;;;54.14;17.69;13;6.5;6.5;2.17;;;;49.57;11.07;19.74;10.95;6.5;2.17;;;;;;;;;;;;;;;;;;;;;;;;;;54.14;17.69;13;6.5;6.5;2.17;;;;49.57;11.07;19.74;10.95;6.5;2.17;;;;;
2023;25;Paraíba;2514305;São José de Caiana;Total - Federal  Estadual e Municipal;Total;227.15;242.65;244.54;244.43;228.08;238.73;1.16;3.56;14.32;15.44;15.65;15.51;13.02;10.67;8.29;2.38;;6.01;7.17;10.68;16.7;13.07;17.88;10.74;9.45;3.54;4.75;16.74;21.2;15.72;18.28;17.1;5.48;4.11;1.37;;16.09;16.91;19.47;26.15;15.91;;4.11;1.37;;;54.14;17.69;13;6.5;6.5;2.17;;;;49.57;11.07;19.74;10.95;6.5;2.17;;;;;;;;;;;;;;;;;;;;;;;;;;54.14;17.69;13;6.5;6.5;2.17;;;;49.57;11.07;19.74;10.95;6.5;2.17;;;;;
2023;25;Paraíba;2514305;São José de Caiana;Total - Federal  Estadual e Municipal;Urbana;227.15;242.65;244.54;244.43;228.08;238.73;1.16;3.56;14.32;15.44;15.65;15.51;13.02;10.67;8.29;2.38;;6.01;7.17;10.68;16.7;13.07;17.88;10.74;9.45;3.54;4.75;16.74;21.2;15.72;18.28;17.1;5.48;4.11;1.37;;16.09;16.91;19.47;26.15;15.91;;4.11;1.37;;;54.14;17.69;13;6.5;6.5;2.17;;;;49.57;11.07;19.74;10.95;6.5;2.17;;;;;;;;;;;;;;;;;;;;;;;;;;54.14;17.69;13;6.5;6.5;2.17;;;;49.57;11.07;19.74;10.95;6.5;2.17;;;;;
2023;25;Paraíba;2514404;São José de Espinharas;Total - Federal  Estadual  Municipal e Privada;Total;199.67;210.82;240.95;242.15;;;4.23;21.16;10.9;13.17;13.12;20.69;7.3;7.3;2.12;;;12.91;12.12;19.95;13.86;21.06;11.16;6.83;2.12;;;22.39;25.33;15.17;10.17;8.39;10;6.78;1.78;;22.21;13.88;21.95;16.67;11.89;10.17;1.61;;1.61;;;;;;;;;;;;;;;;;;;;;;;;;;;;;;;;;;;;;;;;;;;;;;;;;;;;;;;;;;;;;
2023;25;Paraíba;2514404;São José de Espinharas;Total - Federal  Estadual  Municipal e Privada;Urbana;202.2;216.12;238.93;237.57;;;5.6;22.13;5.6;17.44;5.6;21.5;9.66;9.66;2.8;;;11.2;13.1;14.64;12.46;24.93;11.83;9.03;2.8;;;28.97;21.23;13.18;10.5;7.81;7.81;7.81;2.68;;23.84;18.55;20.99;13.02;13.1;10.5;;;;;;;;;;;;;;;;;;;;;;;;;;;;;;;;;;;;;;;;;;;;;;;;;;;;;;;;;;;;;;;;
2023;25;Paraíba;2514404;São José de Espinharas;Total - Federal  Estadual  Municipal e Privada;Rural;191.85;194.42;244.89;251.09;;;;18.18;27.27;;36.36;18.18;;;;;;18.18;9.09;36.36;18.18;9.09;9.09;;;;;9.52;33.33;19.05;9.52;9.52;14.29;4.76;;;19.05;4.76;23.81;23.81;9.52;9.52;4.76;;4.76;;;;;;;;;;;;;;;;;;;;;;;;;;;;;;;;;;;;;;;;;;;;;;;;;;;;;;;;;;;;;
2023;25;Paraíba;2514404;São José de Espinharas;Estadual;Total;;;222.39;216.21;;;;;;;;;;;;;;;;;;;;;;;;30.77;38.46;15.38;7.69;;;;7.69;;38.46;30.77;15.38;;7.69;7.69;;;;;;;;;;;;;;;;;;;;;;;;;;;;;;;;;;;;;;;;;;;;;;;;;;;;;;;;;;;;;;;;
2023;25;Paraíba;2514404;São José de Espinharas;Estadual;Urbana;;;222.39;216.21;;;;;;;;;;;;;;;;;;;;;;;;30.77;38.46;15.38;7.69;0;0;0;7.69;0;38.46;30.77;15.38;0;7.69;7.69;0;0;0;0;;;;;;;;;;;;;;;;;;;;;;;;;;;;;;;;;;;;;;;;;;;;;;;;;;;;;;;;;;;;
2023;25;Paraíba;2514404;São José de Espinharas;Municipal;Total;199.67;210.82;246.52;249.93;;;4.23;21.16;10.9;13.17;13.12;20.69;7.3;7.3;2.12;;;12.91;12.12;19.95;13.86;21.06;11.16;6.83;2.12;;;19.87;21.39;15.1;10.91;10.91;13.01;8.82;;;17.34;8.82;23.92;21.68;13.15;10.91;2.1;;2.1;;;;;;;;;;;;;;;;;;;;;;;;;;;;;;;;;;;;;;;;;;;;;;;;;;;;;;;;;;;;;
2023;25;Paraíba;2514404;São José de Espinharas;Municipal;Urbana;202.2;216.12;247.79;249.02;;;5.6;22.13;5.6;17.44;5.6;21.5;9.66;9.66;2.8;0;0;11.2;13.1;14.64;12.46;24.93;11.83;9.03;2.8;0;0;28;12;12;12;12;12;12;0;0;16;12;24;20;16;12;0;0;0;0;;;;;;;;;;;;;;;;;;;;;;;;;;;;;;;;;;;;;;;;;;;;;;;;;;;;;;;;;;;;
2023;25;Paraíba;2514404;São José de Espinharas;Municipal;Rural;191.85;194.42;244.89;251.09;;;0;18.18;27.27;0;36.36;18.18;0;0;0;0;0;18.18;9.09;36.36;18.18;9.09;9.09;0;0;0;0;9.52;33.33;19.05;9.52;9.52;14.29;4.76;0;0;19.05;4.76;23.81;23.81;9.52;9.52;4.76;0;4.76;0;;;;;;;;;;;;;;;;;;;;;;;;;;;;;;;;;;;;;;;;;;;;;;;;;;;;;;;;;;;;
2023;25;Paraíba;2514404;São José de Espinharas;Total - Estadual e Municipal;Total;199.67;210.82;240.95;242.15;;;4.23;21.16;10.9;13.17;13.12;20.69;7.3;7.3;2.12;;;12.91;12.12;19.95;13.86;21.06;11.16;6.83;2.12;;;22.39;25.33;15.17;10.17;8.39;10;6.78;1.78;;22.21;13.88;21.95;16.67;11.89;10.17;1.61;;1.61;;;;;;;;;;;;;;;;;;;;;;;;;;;;;;;;;;;;;;;;;;;;;;;;;;;;;;;;;;;;;
2023;25;Paraíba;2514404;São José de Espinharas;Total - Estadual e Municipal;Urbana;202.2;216.12;238.93;237.57;;;5.6;22.13;5.6;17.44;5.6;21.5;9.66;9.66;2.8;;;11.2;13.1;14.64;12.46;24.93;11.83;9.03;2.8;;;28.97;21.23;13.18;10.5;7.81;7.81;7.81;2.68;;23.84;18.55;20.99;13.02;13.1;10.5;;;;;;;;;;;;;;;;;;;;;;;;;;;;;;;;;;;;;;;;;;;;;;;;;;;;;;;;;;;;;;;;
2023;25;Paraíba;2514404;São José de Espinharas;Total - Estadual e Municipal;Rural;191.85;194.42;244.89;251.09;;;;18.18;27.27;;36.36;18.18;;;;;;18.18;9.09;36.36;18.18;9.09;9.09;;;;;9.52;33.33;19.05;9.52;9.52;14.29;4.76;;;19.05;4.76;23.81;23.81;9.52;9.52;4.76;;4.76;;;;;;;;;;;;;;;;;;;;;;;;;;;;;;;;;;;;;;;;;;;;;;;;;;;;;;;;;;;;;
2023;25;Paraíba;2514404;São José de Espinharas;Total - Federal  Estadual e Municipal;Total;199.67;210.82;240.95;242.15;;;4.23;21.16;10.9;13.17;13.12;20.69;7.3;7.3;2.12;;;12.91;12.12;19.95;13.86;21.06;11.16;6.83;2.12;;;22.39;25.33;15.17;10.17;8.39;10;6.78;1.78;;22.21;13.88;21.95;16.67;11.89;10.17;1.61;;1.61;;;;;;;;;;;;;;;;;;;;;;;;;;;;;;;;;;;;;;;;;;;;;;;;;;;;;;;;;;;;;
2023;25;Paraíba;2514404;São José de Espinharas;Total - Federal  Estadual e Municipal;Urbana;202.2;216.12;238.93;237.57;;;5.6;22.13;5.6;17.44;5.6;21.5;9.66;9.66;2.8;;;11.2;13.1;14.64;12.46;24.93;11.83;9.03;2.8;;;28.97;21.23;13.18;10.5;7.81;7.81;7.81;2.68;;23.84;18.55;20.99;13.02;13.1;10.5;;;;;;;;;;;;;;;;;;;;;;;;;;;;;;;;;;;;;;;;;;;;;;;;;;;;;;;;;;;;;;;;
2023;25;Paraíba;2514404;São José de Espinharas;Total - Federal  Estadual e Municipal;Rural;191.85;194.42;244.89;251.09;;;;18.18;27.27;;36.36;18.18;;;;;;18.18;9.09;36.36;18.18;9.09;9.09;;;;;9.52;33.33;19.05;9.52;9.52;14.29;4.76;;;19.05;4.76;23.81;23.81;9.52;9.52;4.76;;4.76;;;;;;;;;;;;;;;;;;;;;;;;;;;;;;;;;;;;;;;;;;;;;;;;;;;;;;;;;;;;;
2023;25;Paraíba;2514453;São José dos Ramos;Total - Federal  Estadual  Municipal e Privada;Total;166.52;170.56;229.94;216.73;244.79;237.79;25.55;20.31;19.01;11.7;9.3;8.1;1.21;2.41;2.41;;11.62;26.74;17.91;20.53;13.29;6.29;1.21;1.21;1.21;;;31.88;16.08;12.59;18.3;14.09;7.07;;;;35.96;27.05;14.14;12.97;4.22;4.35;1.32;;;;38.13;15.8;23.86;10.24;5.99;5.99;;;;37.91;28;24.18;5.88;2.07;;1.96;;;;;;;;;;;;;;;;;;;;;;;;;38.13;15.8;23.86;10.24;5.99;5.99;;;;37.91;28;24.18;5.88;2.07;;1.96;;;;
2023;25;Paraíba;2514453;São José dos Ramos;Total - Federal  Estadual  Municipal e Privada;Urbana;190.86;188.42;234.66;215.11;244.57;236.7;11.87;19.2;6.21;24.29;15.25;9.04;2.83;5.65;5.65;;8.48;18.08;9.6;28.79;18.08;8.48;2.83;2.83;2.83;;;32.68;12.25;6.05;24.35;14.54;10.13;;;;32.52;30.56;16.5;12.25;6.05;2.12;;;;;37.67;14.77;24.8;10.3;7.45;5.01;;;;42.28;25.07;20.33;7.32;2.57;;2.44;;;;;;;;;;;;;;;;;;;;;;;;;37.67;14.77;24.8;10.3;7.45;5.01;;;;42.28;25.07;20.33;7.32;2.57;;2.44;;;;
2023;25;Paraíba;2514453;São José dos Ramos;Total - Federal  Estadual  Municipal e Privada;Rural;148.4;157.28;219.05;220.45;245.71;242.27;35.73;21.14;28.54;2.33;4.86;7.4;;;;;13.95;33.19;24.1;14.38;9.73;4.65;;;;;;30.04;24.9;27.67;4.35;13.04;;;;;43.87;18.97;8.7;14.62;;9.49;4.35;;;;40;20;20;10;;10;;;;20;40;40;;;;;;;;;;;;;;;;;;;;;;;;;;;;;40;20;20;10;;10;;;;20;40;40;;;;;;;;
2023;25;Paraíba;2514453;São José dos Ramos;Estadual;Total;;;;;244.57;236.7;;;;;;;;;;;;;;;;;;;;;;;;;;;;;;;;;;;;;;;;;37.67;14.77;24.8;10.3;7.45;5.01;;;;42.28;25.07;20.33;7.32;2.57;;2.44;;;;;;;;;;;;;;;;;;;;;;;;;37.67;14.77;24.8;10.3;7.45;5.01;;;;42.28;25.07;20.33;7.32;2.57;;2.44;;;;
2023;25;Paraíba;2514453;São José dos Ramos;Estadual;Urbana;;;;;244.57;236.7;;;;;;;;;;;;;;;;;;;;;;;;;;;;;;;;;;;;;;;;;37.67;14.77;24.8;10.3;7.45;5.01;0;0;0;42.28;25.07;20.33;7.32;2.57;0;2.44;0;0;0;0;;;;;;;;;;;;;;;;;;;;;37.67;14.77;24.8;10.3;7.45;5.01;0;0;0;42.28;25.07;20.33;7.32;2.57;0;2.44;0;0;0;0
2023;25;Paraíba;2514453;São José dos Ramos;Municipal;Total;166.52;170.56;229.94;216.73;245.71;242.27;25.55;20.31;19.01;11.7;9.3;8.1;1.21;2.41;2.41;;11.62;26.74;17.91;20.53;13.29;6.29;1.21;1.21;1.21;;;31.88;16.08;12.59;18.3;14.09;7.07;;;;35.96;27.05;14.14;12.97;4.22;4.35;1.32;;;;40;20;20;10;;10;;;;20;40;40;;;;;;;;;;;;;;;;;;;;;;;;;;;;;40;20;20;10;;10;;;;20;40;40;;;;;;;;
2023;25;Paraíba;2514453;São José dos Ramos;Municipal;Urbana;190.86;188.42;234.66;215.11;;;11.87;19.2;6.21;24.29;15.25;9.04;2.83;5.65;5.65;0;8.48;18.08;9.6;28.79;18.08;8.48;2.83;2.83;2.83;0;0;32.68;12.25;6.05;24.35;14.54;10.13;0;0;0;32.52;30.56;16.5;12.25;6.05;2.12;0;0;0;0;;;;;;;;;;;;;;;;;;;;;;;;;;;;;;;;;;;;;;;;;;;;;;;;;;;;;;;;;;;;
2023;25;Paraíba;2514453;São José dos Ramos;Municipal;Rural;148.4;157.28;219.05;220.45;245.71;242.27;35.73;21.14;28.54;2.33;4.86;7.4;0;0;0;0;13.95;33.19;24.1;14.38;9.73;4.65;0;0;0;0;0;30.04;24.9;27.67;4.35;13.04;0;0;0;0;43.87;18.97;8.7;14.62;0;9.49;4.35;0;0;0;40;20;20;10;0;10;0;0;0;20;40;40;0;0;0;0;0;0;0;0;;;;;;;;;;;;;;;;;;;;;40;20;20;10;0;10;0;0;0;20;40;40;0;0;0;0;0;0;0;0
2023;25;Paraíba;2514453;São José dos Ramos;Total - Estadual e Municipal;Total;166.52;170.56;229.94;216.73;244.79;237.79;25.55;20.31;19.01;11.7;9.3;8.1;1.21;2.41;2.41;;11.62;26.74;17.91;20.53;13.29;6.29;1.21;1.21;1.21;;;31.88;16.08;12.59;18.3;14.09;7.07;;;;35.96;27.05;14.14;12.97;4.22;4.35;1.32;;;;38.13;15.8;23.86;10.24;5.99;5.99;;;;37.91;28;24.18;5.88;2.07;;1.96;;;;;;;;;;;;;;;;;;;;;;;;;38.13;15.8;23.86;10.24;5.99;5.99;;;;37.91;28;24.18;5.88;2.07;;1.96;;;;
2023;25;Paraíba;2514453;São José dos Ramos;Total - Estadual e Municipal;Urbana;190.86;188.42;234.66;215.11;244.57;236.7;11.87;19.2;6.21;24.29;15.25;9.04;2.83;5.65;5.65;;8.48;18.08;9.6;28.79;18.08;8.48;2.83;2.83;2.83;;;32.68;12.25;6.05;24.35;14.54;10.13;;;;32.52;30.56;16.5;12.25;6.05;2.12;;;;;37.67;14.77;24.8;10.3;7.45;5.01;;;;42.28;25.07;20.33;7.32;2.57;;2.44;;;;;;;;;;;;;;;;;;;;;;;;;37.67;14.77;24.8;10.3;7.45;5.01;;;;42.28;25.07;20.33;7.32;2.57;;2.44;;;;
2023;25;Paraíba;2514453;São José dos Ramos;Total - Estadual e Municipal;Rural;148.4;157.28;219.05;220.45;245.71;242.27;35.73;21.14;28.54;2.33;4.86;7.4;;;;;13.95;33.19;24.1;14.38;9.73;4.65;;;;;;30.04;24.9;27.67;4.35;13.04;;;;;43.87;18.97;8.7;14.62;;9.49;4.35;;;;40;20;20;10;;10;;;;20;40;40;;;;;;;;;;;;;;;;;;;;;;;;;;;;;40;20;20;10;;10;;;;20;40;40;;;;;;;;
2023;25;Paraíba;2514453;São José dos Ramos;Total - Federal  Estadual e Municipal;Total;166.52;170.56;229.94;216.73;244.79;237.79;25.55;20.31;19.01;11.7;9.3;8.1;1.21;2.41;2.41;;11.62;26.74;17.91;20.53;13.29;6.29;1.21;1.21;1.21;;;31.88;16.08;12.59;18.3;14.09;7.07;;;;35.96;27.05;14.14;12.97;4.22;4.35;1.32;;;;38.13;15.8;23.86;10.24;5.99;5.99;;;;37.91;28;24.18;5.88;2.07;;1.96;;;;;;;;;;;;;;;;;;;;;;;;;38.13;15.8;23.86;10.24;5.99;5.99;;;;37.91;28;24.18;5.88;2.07;;1.96;;;;
2023;25;Paraíba;2514453;São José dos Ramos;Total - Federal  Estadual e Municipal;Urbana;190.86;188.42;234.66;215.11;244.57;236.7;11.87;19.2;6.21;24.29;15.25;9.04;2.83;5.65;5.65;;8.48;18.08;9.6;28.79;18.08;8.48;2.83;2.83;2.83;;;32.68;12.25;6.05;24.35;14.54;10.13;;;;32.52;30.56;16.5;12.25;6.05;2.12;;;;;37.67;14.77;24.8;10.3;7.45;5.01;;;;42.28;25.07;20.33;7.32;2.57;;2.44;;;;;;;;;;;;;;;;;;;;;;;;;37.67;14.77;24.8;10.3;7.45;5.01;;;;42.28;25.07;20.33;7.32;2.57;;2.44;;;;
2023;25;Paraíba;2514453;São José dos Ramos;Total - Federal  Estadual e Municipal;Rural;148.4;157.28;219.05;220.45;245.71;242.27;35.73;21.14;28.54;2.33;4.86;7.4;;;;;13.95;33.19;24.1;14.38;9.73;4.65;;;;;;30.04;24.9;27.67;4.35;13.04;;;;;43.87;18.97;8.7;14.62;;9.49;4.35;;;;40;20;20;10;;10;;;;20;40;40;;;;;;;;;;;;;;;;;;;;;;;;;;;;;40;20;20;10;;10;;;;20;40;40;;;;;;;;
2023;25;Paraíba;2514503;São José de Piranhas;Total - Federal  Estadual  Municipal e Privada;Total;202.86;214.5;242.02;248.41;262.7;252.16;2.65;16.19;14.34;10.86;21.54;15.01;11.52;3.54;3.48;0.88;5.42;10.66;10.73;13.64;13.34;20.62;11.56;6.98;5.31;0.85;0.88;23.82;11.36;19.64;16.84;14.92;10.4;2.58;0.45;;18.35;12.38;18.79;20.94;14.43;9.09;3.42;2.15;0.45;;21.14;16.68;17;21.31;12.81;11.06;;;;30.38;24.84;17.22;11.59;11.91;2.97;1.09;;;;;9.09;27.27;22.73;9.09;18.18;13.64;;;;13.64;27.27;31.82;13.64;13.64;;;;;;;18.66;18.86;18.18;18.8;13.92;11.59;;;;26.93;25.34;20.22;12.01;12.27;2.36;0.87;;;;
2023;25;Paraíba;2514503;São José de Piranhas;Total - Federal  Estadual  Municipal e Privada;Urbana;204.32;217.1;238.84;245.58;262.7;252.16;2.97;17.03;12.8;8.91;20.86;16.79;11.81;3.96;3.89;0.99;4.98;10.85;10.92;12.02;12.76;19.83;12.94;7.81;5.94;0.95;0.99;26.03;12.1;20.17;15.42;13.23;9.55;2.99;0.52;;20.72;13.31;16.56;21.18;14.7;7.04;3.46;2.49;0.52;;21.14;16.68;17;21.31;12.81;11.06;;;;30.38;24.84;17.22;11.59;11.91;2.97;1.09;;;;;9.09;27.27;22.73;9.09;18.18;13.64;;;;13.64;27.27;31.82;13.64;13.64;;;;;;;18.66;18.86;18.18;18.8;13.92;11.59;;;;26.93;25.34;20.22;12.01;12.27;2.36;0.87;;;;
2023;25;Paraíba;2514503;São José de Piranhas;Total - Federal  Estadual  Municipal e Privada;Rural;190.56;192.64;262.18;266.32;;;;9.09;27.27;27.27;27.27;;9.09;;;;9.09;9.09;9.09;27.27;18.18;27.27;;;;;;9.79;6.67;16.25;25.83;25.63;15.83;;;;3.33;6.46;32.92;19.38;12.71;22.08;3.13;;;;;;;;;;;;;;;;;;;;;;;;;;;;;;;;;;;;;;;;;;;;;;;;;;;;;;;;;;;;;;;
2023;25;Paraíba;2514503;São José de Piranhas;Estadual;Total;;;;;262.7;252.16;;;;;;;;;;;;;;;;;;;;;;;;;;;;;;;;;;;;;;;;;21.14;16.68;17;21.31;12.81;11.06;;;;30.38;24.84;17.22;11.59;11.91;2.97;1.09;;;;;9.09;27.27;22.73;9.09;18.18;13.64;;;;13.64;27.27;31.82;13.64;13.64;;;;;;;18.66;18.86;18.18;18.8;13.92;11.59;;;;26.93;25.34;20.22;12.01;12.27;2.36;0.87;;;;
2023;25;Paraíba;2514503;São José de Piranhas;Estadual;Urbana;;;;;262.7;252.16;;;;;;;;;;;;;;;;;;;;;;;;;;;;;;;;;;;;;;;;;21.14;16.68;17;21.31;12.81;11.06;0;0;0;30.38;24.84;17.22;11.59;11.91;2.97;1.09;0;0;0;0;9.09;27.27;22.73;9.09;18.18;13.64;0;0;0;13.64;27.27;31.82;13.64;13.64;0;0;0;0;0;0;18.66;18.86;18.18;18.8;13.92;11.59;0;0;0;26.93;25.34;20.22;12.01;12.27;2.36;0.87;0;0;0;0
2023;25;Paraíba;2514503;São José de Piranhas;Municipal;Total;202.86;214.5;242.02;248.41;;;2.65;16.19;14.34;10.86;21.54;15.01;11.52;3.54;3.48;0.88;5.42;10.66;10.73;13.64;13.34;20.62;11.56;6.98;5.31;0.85;0.88;23.82;11.36;19.64;16.84;14.92;10.4;2.58;0.45;;18.35;12.38;18.79;20.94;14.43;9.09;3.42;2.15;0.45;;;;;;;;;;;;;;;;;;;;;;;;;;;;;;;;;;;;;;;;;;;;;;;;;;;;;;;;;;;;;
2023;25;Paraíba;2514503;São José de Piranhas;Municipal;Urbana;204.32;217.1;238.84;245.58;;;2.97;17.03;12.8;8.91;20.86;16.79;11.81;3.96;3.89;0.99;4.98;10.85;10.92;12.02;12.76;19.83;12.94;7.81;5.94;0.95;0.99;26.03;12.1;20.17;15.42;13.23;9.55;2.99;0.52;0;20.72;13.31;16.56;21.18;14.7;7.04;3.46;2.49;0.52;0;;;;;;;;;;;;;;;;;;;;;;;;;;;;;;;;;;;;;;;;;;;;;;;;;;;;;;;;;;;;
2023;25;Paraíba;2514503;São José de Piranhas;Municipal;Rural;190.56;192.64;262.18;266.32;;;0;9.09;27.27;27.27;27.27;0;9.09;0;0;0;9.09;9.09;9.09;27.27;18.18;27.27;0;0;0;0;0;9.79;6.67;16.25;25.83;25.63;15.83;0;0;0;3.33;6.46;32.92;19.38;12.71;22.08;3.13;0;0;0;;;;;;;;;;;;;;;;;;;;;;;;;;;;;;;;;;;;;;;;;;;;;;;;;;;;;;;;;;;;
2023;25;Paraíba;2514503;São José de Piranhas;Total - Estadual e Municipal;Total;202.86;214.5;242.02;248.41;262.7;252.16;2.65;16.19;14.34;10.86;21.54;15.01;11.52;3.54;3.48;0.88;5.42;10.66;10.73;13.64;13.34;20.62;11.56;6.98;5.31;0.85;0.88;23.82;11.36;19.64;16.84;14.92;10.4;2.58;0.45;;18.35;12.38;18.79;20.94;14.43;9.09;3.42;2.15;0.45;;21.14;16.68;17;21.31;12.81;11.06;;;;30.38;24.84;17.22;11.59;11.91;2.97;1.09;;;;;9.09;27.27;22.73;9.09;18.18;13.64;;;;13.64;27.27;31.82;13.64;13.64;;;;;;;18.66;18.86;18.18;18.8;13.92;11.59;;;;26.93;25.34;20.22;12.01;12.27;2.36;0.87;;;;
2023;25;Paraíba;2514503;São José de Piranhas;Total - Estadual e Municipal;Urbana;204.32;217.1;238.84;245.58;262.7;252.16;2.97;17.03;12.8;8.91;20.86;16.79;11.81;3.96;3.89;0.99;4.98;10.85;10.92;12.02;12.76;19.83;12.94;7.81;5.94;0.95;0.99;26.03;12.1;20.17;15.42;13.23;9.55;2.99;0.52;;20.72;13.31;16.56;21.18;14.7;7.04;3.46;2.49;0.52;;21.14;16.68;17;21.31;12.81;11.06;;;;30.38;24.84;17.22;11.59;11.91;2.97;1.09;;;;;9.09;27.27;22.73;9.09;18.18;13.64;;;;13.64;27.27;31.82;13.64;13.64;;;;;;;18.66;18.86;18.18;18.8;13.92;11.59;;;;26.93;25.34;20.22;12.01;12.27;2.36;0.87;;;;
2023;25;Paraíba;2514503;São José de Piranhas;Total - Estadual e Municipal;Rural;190.56;192.64;262.18;266.32;;;;9.09;27.27;27.27;27.27;;9.09;;;;9.09;9.09;9.09;27.27;18.18;27.27;;;;;;9.79;6.67;16.25;25.83;25.63;15.83;;;;3.33;6.46;32.92;19.38;12.71;22.08;3.13;;;;;;;;;;;;;;;;;;;;;;;;;;;;;;;;;;;;;;;;;;;;;;;;;;;;;;;;;;;;;;;
2023;25;Paraíba;2514503;São José de Piranhas;Total - Federal  Estadual e Municipal;Total;202.86;214.5;242.02;248.41;262.7;252.16;2.65;16.19;14.34;10.86;21.54;15.01;11.52;3.54;3.48;0.88;5.42;10.66;10.73;13.64;13.34;20.62;11.56;6.98;5.31;0.85;0.88;23.82;11.36;19.64;16.84;14.92;10.4;2.58;0.45;;18.35;12.38;18.79;20.94;14.43;9.09;3.42;2.15;0.45;;21.14;16.68;17;21.31;12.81;11.06;;;;30.38;24.84;17.22;11.59;11.91;2.97;1.09;;;;;9.09;27.27;22.73;9.09;18.18;13.64;;;;13.64;27.27;31.82;13.64;13.64;;;;;;;18.66;18.86;18.18;18.8;13.92;11.59;;;;26.93;25.34;20.22;12.01;12.27;2.36;0.87;;;;
2023;25;Paraíba;2514503;São José de Piranhas;Total - Federal  Estadual e Municipal;Urbana;204.32;217.1;238.84;245.58;262.7;252.16;2.97;17.03;12.8;8.91;20.86;16.79;11.81;3.96;3.89;0.99;4.98;10.85;10.92;12.02;12.76;19.83;12.94;7.81;5.94;0.95;0.99;26.03;12.1;20.17;15.42;13.23;9.55;2.99;0.52;;20.72;13.31;16.56;21.18;14.7;7.04;3.46;2.49;0.52;;21.14;16.68;17;21.31;12.81;11.06;;;;30.38;24.84;17.22;11.59;11.91;2.97;1.09;;;;;9.09;27.27;22.73;9.09;18.18;13.64;;;;13.64;27.27;31.82;13.64;13.64;;;;;;;18.66;18.86;18.18;18.8;13.92;11.59;;;;26.93;25.34;20.22;12.01;12.27;2.36;0.87;;;;
2023;25;Paraíba;2514503;São José de Piranhas;Total - Federal  Estadual e Municipal;Rural;190.56;192.64;262.18;266.32;;;;9.09;27.27;27.27;27.27;;9.09;;;;9.09;9.09;9.09;27.27;18.18;27.27;;;;;;9.79;6.67;16.25;25.83;25.63;15.83;;;;3.33;6.46;32.92;19.38;12.71;22.08;3.13;;;;;;;;;;;;;;;;;;;;;;;;;;;;;;;;;;;;;;;;;;;;;;;;;;;;;;;;;;;;;;;
2023;25;Paraíba;2514552;São José de Princesa;Total - Federal  Estadual  Municipal e Privada;Total;191.91;206.54;271.72;264.46;262.79;278.91;8.33;19.44;19.44;11.11;16.67;8.33;2.78;13.89;;;2.78;16.67;8.33;13.89;16.67;19.44;19.44;;2.78;;;3;5.67;22.67;26.33;16.67;14.33;11.33;;;8.33;16.67;8.33;17.67;26;14.67;8.33;;;;11.76;35.29;5.88;29.41;11.76;5.88;;;;5.88;11.76;29.41;23.53;23.53;5.88;;;;;;;;;;;;;;;;;;;;;;;;;;11.76;35.29;5.88;29.41;11.76;5.88;;;;5.88;11.76;29.41;23.53;23.53;5.88;;;;;
2023;25;Paraíba;2514552;São José de Princesa;Total - Federal  Estadual  Municipal e Privada;Urbana;;;271.4;271.21;262.79;278.91;;;;;;;;;;;;;;;;;;;;;;5;5;20;35;10;15;10;;;5;10;5;25;30;20;5;;;;11.76;35.29;5.88;29.41;11.76;5.88;;;;5.88;11.76;29.41;23.53;23.53;5.88;;;;;;;;;;;;;;;;;;;;;;;;;;11.76;35.29;5.88;29.41;11.76;5.88;;;;5.88;11.76;29.41;23.53;23.53;5.88;;;;;
2023;25;Paraíba;2514552;São José de Princesa;Total - Federal  Estadual  Municipal e Privada;Rural;191.91;206.54;272.19;254.34;;;8.33;19.44;19.44;11.11;16.67;8.33;2.78;13.89;;;2.78;16.67;8.33;13.89;16.67;19.44;19.44;;2.78;;;;6.67;26.67;13.33;26.67;13.33;13.33;;;13.33;26.67;13.33;6.67;20;6.67;13.33;;;;;;;;;;;;;;;;;;;;;;;;;;;;;;;;;;;;;;;;;;;;;;;;;;;;;;;;;;;;;;;
2023;25;Paraíba;2514552;São José de Princesa;Estadual;Total;;;271.4;271.21;262.79;278.91;;;;;;;;;;;;;;;;;;;;;;5;5;20;35;10;15;10;;;5;10;5;25;30;20;5;;;;11.76;35.29;5.88;29.41;11.76;5.88;;;;5.88;11.76;29.41;23.53;23.53;5.88;;;;;;;;;;;;;;;;;;;;;;;;;;11.76;35.29;5.88;29.41;11.76;5.88;;;;5.88;11.76;29.41;23.53;23.53;5.88;;;;;
2023;25;Paraíba;2514552;São José de Princesa;Estadual;Urbana;;;271.4;271.21;262.79;278.91;;;;;;;;;;;;;;;;;;;;;;5;5;20;35;10;15;10;0;0;5;10;5;25;30;20;5;0;0;0;11.76;35.29;5.88;29.41;11.76;5.88;0;0;0;5.88;11.76;29.41;23.53;23.53;5.88;0;0;0;0;0;;;;;;;;;;;;;;;;;;;;;11.76;35.29;5.88;29.41;11.76;5.88;0;0;0;5.88;11.76;29.41;23.53;23.53;5.88;0;0;0;0;0
2023;25;Paraíba;2514552;São José de Princesa;Municipal;Total;191.91;206.54;272.19;254.34;;;8.33;19.44;19.44;11.11;16.67;8.33;2.78;13.89;;;2.78;16.67;8.33;13.89;16.67;19.44;19.44;;2.78;;;;6.67;26.67;13.33;26.67;13.33;13.33;;;13.33;26.67;13.33;6.67;20;6.67;13.33;;;;;;;;;;;;;;;;;;;;;;;;;;;;;;;;;;;;;;;;;;;;;;;;;;;;;;;;;;;;;;;
2023;25;Paraíba;2514552;São José de Princesa;Municipal;Rural;191.91;206.54;272.19;254.34;;;8.33;19.44;19.44;11.11;16.67;8.33;2.78;13.89;0;0;2.78;16.67;8.33;13.89;16.67;19.44;19.44;0;2.78;0;0;0;6.67;26.67;13.33;26.67;13.33;13.33;0;0;13.33;26.67;13.33;6.67;20;6.67;13.33;0;0;0;;;;;;;;;;;;;;;;;;;;;;;;;;;;;;;;;;;;;;;;;;;;;;;;;;;;;;;;;;;;
2023;25;Paraíba;2514552;São José de Princesa;Total - Estadual e Municipal;Total;191.91;206.54;271.72;264.46;262.79;278.91;8.33;19.44;19.44;11.11;16.67;8.33;2.78;13.89;;;2.78;16.67;8.33;13.89;16.67;19.44;19.44;;2.78;;;3;5.67;22.67;26.33;16.67;14.33;11.33;;;8.33;16.67;8.33;17.67;26;14.67;8.33;;;;11.76;35.29;5.88;29.41;11.76;5.88;;;;5.88;11.76;29.41;23.53;23.53;5.88;;;;;;;;;;;;;;;;;;;;;;;;;;11.76;35.29;5.88;29.41;11.76;5.88;;;;5.88;11.76;29.41;23.53;23.53;5.88;;;;;
2023;25;Paraíba;2514552;São José de Princesa;Total - Estadual e Municipal;Urbana;;;271.4;271.21;262.79;278.91;;;;;;;;;;;;;;;;;;;;;;5;5;20;35;10;15;10;;;5;10;5;25;30;20;5;;;;11.76;35.29;5.88;29.41;11.76;5.88;;;;5.88;11.76;29.41;23.53;23.53;5.88;;;;;;;;;;;;;;;;;;;;;;;;;;11.76;35.29;5.88;29.41;11.76;5.88;;;;5.88;11.76;29.41;23.53;23.53;5.88;;;;;
2023;25;Paraíba;2514552;São José de Princesa;Total - Estadual e Municipal;Rural;191.91;206.54;272.19;254.34;;;8.33;19.44;19.44;11.11;16.67;8.33;2.78;13.89;;;2.78;16.67;8.33;13.89;16.67;19.44;19.44;;2.78;;;;6.67;26.67;13.33;26.67;13.33;13.33;;;13.33;26.67;13.33;6.67;20;6.67;13.33;;;;;;;;;;;;;;;;;;;;;;;;;;;;;;;;;;;;;;;;;;;;;;;;;;;;;;;;;;;;;;;
2023;25;Paraíba;2514552;São José de Princesa;Total - Federal  Estadual e Municipal;Total;191.91;206.54;271.72;264.46;262.79;278.91;8.33;19.44;19.44;11.11;16.67;8.33;2.78;13.89;;;2.78;16.67;8.33;13.89;16.67;19.44;19.44;;2.78;;;3;5.67;22.67;26.33;16.67;14.33;11.33;;;8.33;16.67;8.33;17.67;26;14.67;8.33;;;;11.76;35.29;5.88;29.41;11.76;5.88;;;;5.88;11.76;29.41;23.53;23.53;5.88;;;;;;;;;;;;;;;;;;;;;;;;;;11.76;35.29;5.88;29.41;11.76;5.88;;;;5.88;11.76;29.41;23.53;23.53;5.88;;;;;
2023;25;Paraíba;2514552;São José de Princesa;Total - Federal  Estadual e Municipal;Urbana;;;271.4;271.21;262.79;278.91;;;;;;;;;;;;;;;;;;;;;;5;5;20;35;10;15;10;;;5;10;5;25;30;20;5;;;;11.76;35.29;5.88;29.41;11.76;5.88;;;;5.88;11.76;29.41;23.53;23.53;5.88;;;;;;;;;;;;;;;;;;;;;;;;;;11.76;35.29;5.88;29.41;11.76;5.88;;;;5.88;11.76;29.41;23.53;23.53;5.88;;;;;
2023;25;Paraíba;2514552;São José de Princesa;Total - Federal  Estadual e Municipal;Rural;191.91;206.54;272.19;254.34;;;8.33;19.44;19.44;11.11;16.67;8.33;2.78;13.89;;;2.78;16.67;8.33;13.89;16.67;19.44;19.44;;2.78;;;;6.67;26.67;13.33;26.67;13.33;13.33;;;13.33;26.67;13.33;6.67;20;6.67;13.33;;;;;;;;;;;;;;;;;;;;;;;;;;;;;;;;;;;;;;;;;;;;;;;;;;;;;;;;;;;;;;;
2023;25;Paraíba;2514602;São José do Bonfim;Total - Federal  Estadual  Municipal e Privada;Total;185.14;203.37;235.04;233.91;244.61;257.94;11.09;13.32;17.77;26.7;8.89;6.67;11.12;4.44;;;4.44;11.11;13.33;15.57;19.99;22.25;6.66;6.66;;;;25.99;20.21;16.31;18.06;8.9;5.26;3.51;1.75;;16.83;30.86;23.85;12.54;10.66;1.75;1.75;1.75;;;34.62;19.23;23.08;15.38;7.69;;;;;19.23;19.23;38.46;3.85;19.23;;;;;;;;;;;;;;;;;;;;;;;;;;;34.62;19.23;23.08;15.38;7.69;;;;;19.23;19.23;38.46;3.85;19.23;;;;;;
2023;25;Paraíba;2514602;São José do Bonfim;Total - Federal  Estadual  Municipal e Privada;Urbana;185.14;203.37;235.04;233.91;244.61;257.94;11.09;13.32;17.77;26.7;8.89;6.67;11.12;4.44;;;4.44;11.11;13.33;15.57;19.99;22.25;6.66;6.66;;;;25.99;20.21;16.31;18.06;8.9;5.26;3.51;1.75;;16.83;30.86;23.85;12.54;10.66;1.75;1.75;1.75;;;34.62;19.23;23.08;15.38;7.69;;;;;19.23;19.23;38.46;3.85;19.23;;;;;;;;;;;;;;;;;;;;;;;;;;;34.62;19.23;23.08;15.38;7.69;;;;;19.23;19.23;38.46;3.85;19.23;;;;;;
2023;25;Paraíba;2514602;São José do Bonfim;Estadual;Total;;;;;244.61;257.94;;;;;;;;;;;;;;;;;;;;;;;;;;;;;;;;;;;;;;;;;34.62;19.23;23.08;15.38;7.69;;;;;19.23;19.23;38.46;3.85;19.23;;;;;;;;;;;;;;;;;;;;;;;;;;;34.62;19.23;23.08;15.38;7.69;;;;;19.23;19.23;38.46;3.85;19.23;;;;;;
2023;25;Paraíba;2514602;São José do Bonfim;Estadual;Urbana;;;;;244.61;257.94;;;;;;;;;;;;;;;;;;;;;;;;;;;;;;;;;;;;;;;;;34.62;19.23;23.08;15.38;7.69;0;0;0;0;19.23;19.23;38.46;3.85;19.23;0;0;0;0;0;0;;;;;;;;;;;;;;;;;;;;;34.62;19.23;23.08;15.38;7.69;0;0;0;0;19.23;19.23;38.46;3.85;19.23;0;0;0;0;0;0
2023;25;Paraíba;2514602;São José do Bonfim;Municipal;Total;185.14;203.37;235.04;233.91;;;11.09;13.32;17.77;26.7;8.89;6.67;11.12;4.44;;;4.44;11.11;13.33;15.57;19.99;22.25;6.66;6.66;;;;25.99;20.21;16.31;18.06;8.9;5.26;3.51;1.75;;16.83;30.86;23.85;12.54;10.66;1.75;1.75;1.75;;;;;;;;;;;;;;;;;;;;;;;;;;;;;;;;;;;;;;;;;;;;;;;;;;;;;;;;;;;;;;
2023;25;Paraíba;2514602;São José do Bonfim;Municipal;Urbana;185.14;203.37;235.04;233.91;;;11.09;13.32;17.77;26.7;8.89;6.67;11.12;4.44;0;0;4.44;11.11;13.33;15.57;19.99;22.25;6.66;6.66;0;0;0;25.99;20.21;16.31;18.06;8.9;5.26;3.51;1.75;0;16.83;30.86;23.85;12.54;10.66;1.75;1.75;1.75;0;0;;;;;;;;;;;;;;;;;;;;;;;;;;;;;;;;;;;;;;;;;;;;;;;;;;;;;;;;;;;;
2023;25;Paraíba;2514602;São José do Bonfim;Total - Estadual e Municipal;Total;185.14;203.37;235.04;233.91;244.61;257.94;11.09;13.32;17.77;26.7;8.89;6.67;11.12;4.44;;;4.44;11.11;13.33;15.57;19.99;22.25;6.66;6.66;;;;25.99;20.21;16.31;18.06;8.9;5.26;3.51;1.75;;16.83;30.86;23.85;12.54;10.66;1.75;1.75;1.75;;;34.62;19.23;23.08;15.38;7.69;;;;;19.23;19.23;38.46;3.85;19.23;;;;;;;;;;;;;;;;;;;;;;;;;;;34.62;19.23;23.08;15.38;7.69;;;;;19.23;19.23;38.46;3.85;19.23;;;;;;
2023;25;Paraíba;2514602;São José do Bonfim;Total - Estadual e Municipal;Urbana;185.14;203.37;235.04;233.91;244.61;257.94;11.09;13.32;17.77;26.7;8.89;6.67;11.12;4.44;;;4.44;11.11;13.33;15.57;19.99;22.25;6.66;6.66;;;;25.99;20.21;16.31;18.06;8.9;5.26;3.51;1.75;;16.83;30.86;23.85;12.54;10.66;1.75;1.75;1.75;;;34.62;19.23;23.08;15.38;7.69;;;;;19.23;19.23;38.46;3.85;19.23;;;;;;;;;;;;;;;;;;;;;;;;;;;34.62;19.23;23.08;15.38;7.69;;;;;19.23;19.23;38.46;3.85;19.23;;;;;;
2023;25;Paraíba;2514602;São José do Bonfim;Total - Federal  Estadual e Municipal;Total;185.14;203.37;235.04;233.91;244.61;257.94;11.09;13.32;17.77;26.7;8.89;6.67;11.12;4.44;;;4.44;11.11;13.33;15.57;19.99;22.25;6.66;6.66;;;;25.99;20.21;16.31;18.06;8.9;5.26;3.51;1.75;;16.83;30.86;23.85;12.54;10.66;1.75;1.75;1.75;;;34.62;19.23;23.08;15.38;7.69;;;;;19.23;19.23;38.46;3.85;19.23;;;;;;;;;;;;;;;;;;;;;;;;;;;34.62;19.23;23.08;15.38;7.69;;;;;19.23;19.23;38.46;3.85;19.23;;;;;;
2023;25;Paraíba;2514602;São José do Bonfim;Total - Federal  Estadual e Municipal;Urbana;185.14;203.37;235.04;233.91;244.61;257.94;11.09;13.32;17.77;26.7;8.89;6.67;11.12;4.44;;;4.44;11.11;13.33;15.57;19.99;22.25;6.66;6.66;;;;25.99;20.21;16.31;18.06;8.9;5.26;3.51;1.75;;16.83;30.86;23.85;12.54;10.66;1.75;1.75;1.75;;;34.62;19.23;23.08;15.38;7.69;;;;;19.23;19.23;38.46;3.85;19.23;;;;;;;;;;;;;;;;;;;;;;;;;;;34.62;19.23;23.08;15.38;7.69;;;;;19.23;19.23;38.46;3.85;19.23;;;;;;
2023;25;Paraíba;2514651;São José do Brejo do Cruz;Total - Federal  Estadual  Municipal e Privada;Total;;;250.54;247.56;274.92;266.31;;;;;;;;;;;;;;;;;;;;;;20;13.33;16.67;20;13.33;3.33;13.33;;;16.67;13.33;23.33;20;10;10;6.67;;;;14.29;14.29;35.71;14.29;7.14;;7.14;7.14;;7.14;28.57;21.43;35.71;;;7.14;;;;;;;;;;;;;;;;;;;;;;;;;14.29;14.29;35.71;14.29;7.14;;7.14;7.14;;7.14;28.57;21.43;35.71;;;7.14;;;;
2023;25;Paraíba;2514651;São José do Brejo do Cruz;Total - Federal  Estadual  Municipal e Privada;Urbana;;;250.54;247.56;274.92;266.31;;;;;;;;;;;;;;;;;;;;;;20;13.33;16.67;20;13.33;3.33;13.33;;;16.67;13.33;23.33;20;10;10;6.67;;;;14.29;14.29;35.71;14.29;7.14;;7.14;7.14;;7.14;28.57;21.43;35.71;;;7.14;;;;;;;;;;;;;;;;;;;;;;;;;14.29;14.29;35.71;14.29;7.14;;7.14;7.14;;7.14;28.57;21.43;35.71;;;7.14;;;;
2023;25;Paraíba;2514651;São José do Brejo do Cruz;Estadual;Total;;;;;274.92;266.31;;;;;;;;;;;;;;;;;;;;;;;;;;;;;;;;;;;;;;;;;14.29;14.29;35.71;14.29;7.14;;7.14;7.14;;7.14;28.57;21.43;35.71;;;7.14;;;;;;;;;;;;;;;;;;;;;;;;;14.29;14.29;35.71;14.29;7.14;;7.14;7.14;;7.14;28.57;21.43;35.71;;;7.14;;;;
2023;25;Paraíba;2514651;São José do Brejo do Cruz;Estadual;Urbana;;;;;274.92;266.31;;;;;;;;;;;;;;;;;;;;;;;;;;;;;;;;;;;;;;;;;14.29;14.29;35.71;14.29;7.14;0;7.14;7.14;0;7.14;28.57;21.43;35.71;0;0;7.14;0;0;0;0;;;;;;;;;;;;;;;;;;;;;14.29;14.29;35.71;14.29;7.14;0;7.14;7.14;0;7.14;28.57;21.43;35.71;0;0;7.14;0;0;0;0
2023;25;Paraíba;2514651;São José do Brejo do Cruz;Municipal;Total;;;250.54;247.56;;;;;;;;;;;;;;;;;;;;;;;;20;13.33;16.67;20;13.33;3.33;13.33;;;16.67;13.33;23.33;20;10;10;6.67;;;;;;;;;;;;;;;;;;;;;;;;;;;;;;;;;;;;;;;;;;;;;;;;;;;;;;;;;;;;;;;
2023;25;Paraíba;2514651;São José do Brejo do Cruz;Municipal;Urbana;;;250.54;247.56;;;;;;;;;;;;;;;;;;;;;;;;20;13.33;16.67;20;13.33;3.33;13.33;0;0;16.67;13.33;23.33;20;10;10;6.67;0;0;0;;;;;;;;;;;;;;;;;;;;;;;;;;;;;;;;;;;;;;;;;;;;;;;;;;;;;;;;;;;;
2023;25;Paraíba;2514651;São José do Brejo do Cruz;Total - Estadual e Municipal;Total;;;250.54;247.56;274.92;266.31;;;;;;;;;;;;;;;;;;;;;;20;13.33;16.67;20;13.33;3.33;13.33;;;16.67;13.33;23.33;20;10;10;6.67;;;;14.29;14.29;35.71;14.29;7.14;;7.14;7.14;;7.14;28.57;21.43;35.71;;;7.14;;;;;;;;;;;;;;;;;;;;;;;;;14.29;14.29;35.71;14.29;7.14;;7.14;7.14;;7.14;28.57;21.43;35.71;;;7.14;;;;
2023;25;Paraíba;2514651;São José do Brejo do Cruz;Total - Estadual e Municipal;Urbana;;;250.54;247.56;274.92;266.31;;;;;;;;;;;;;;;;;;;;;;20;13.33;16.67;20;13.33;3.33;13.33;;;16.67;13.33;23.33;20;10;10;6.67;;;;14.29;14.29;35.71;14.29;7.14;;7.14;7.14;;7.14;28.57;21.43;35.71;;;7.14;;;;;;;;;;;;;;;;;;;;;;;;;14.29;14.29;35.71;14.29;7.14;;7.14;7.14;;7.14;28.57;21.43;35.71;;;7.14;;;;
2023;25;Paraíba;2514651;São José do Brejo do Cruz;Total - Federal  Estadual e Municipal;Total;;;250.54;247.56;274.92;266.31;;;;;;;;;;;;;;;;;;;;;;20;13.33;16.67;20;13.33;3.33;13.33;;;16.67;13.33;23.33;20;10;10;6.67;;;;14.29;14.29;35.71;14.29;7.14;;7.14;7.14;;7.14;28.57;21.43;35.71;;;7.14;;;;;;;;;;;;;;;;;;;;;;;;;14.29;14.29;35.71;14.29;7.14;;7.14;7.14;;7.14;28.57;21.43;35.71;;;7.14;;;;
2023;25;Paraíba;2514651;São José do Brejo do Cruz;Total - Federal  Estadual e Municipal;Urbana;;;250.54;247.56;274.92;266.31;;;;;;;;;;;;;;;;;;;;;;20;13.33;16.67;20;13.33;3.33;13.33;;;16.67;13.33;23.33;20;10;10;6.67;;;;14.29;14.29;35.71;14.29;7.14;;7.14;7.14;;7.14;28.57;21.43;35.71;;;7.14;;;;;;;;;;;;;;;;;;;;;;;;;14.29;14.29;35.71;14.29;7.14;;7.14;7.14;;7.14;28.57;21.43;35.71;;;7.14;;;;
2023;25;Paraíba;2514701;São José do Sabugi;Total - Federal  Estadual  Municipal e Privada;Total;204.77;212.23;216.81;228.68;260.33;263.46;;14.53;17.57;11.15;19.93;19.93;8.45;5.74;2.7;;2.7;11.82;5.74;19.93;17.23;20.27;16.89;;2.7;2.7;;50.72;11.83;13.52;11.83;2.47;4.68;2.47;2.47;;29.52;25.62;16.25;9.1;9.62;7.41;2.47;;;;20;16.67;23.33;26.67;10;;3.33;;;16.67;13.33;30;26.67;13.33;;;;;;;;;;;;;;;;;;;;;;;;;;;20;16.67;23.33;26.67;10;;3.33;;;16.67;13.33;30;26.67;13.33;;;;;;
2023;25;Paraíba;2514701;São José do Sabugi;Total - Federal  Estadual  Municipal e Privada;Urbana;204.77;212.23;216.81;228.68;260.33;263.46;;14.53;17.57;11.15;19.93;19.93;8.45;5.74;2.7;;2.7;11.82;5.74;19.93;17.23;20.27;16.89;;2.7;2.7;;50.72;11.83;13.52;11.83;2.47;4.68;2.47;2.47;;29.52;25.62;16.25;9.1;9.62;7.41;2.47;;;;20;16.67;23.33;26.67;10;;3.33;;;16.67;13.33;30;26.67;13.33;;;;;;;;;;;;;;;;;;;;;;;;;;;20;16.67;23.33;26.67;10;;3.33;;;16.67;13.33;30;26.67;13.33;;;;;;
2023;25;Paraíba;2514701;São José do Sabugi;Estadual;Total;;;;;260.33;263.46;;;;;;;;;;;;;;;;;;;;;;;;;;;;;;;;;;;;;;;;;20;16.67;23.33;26.67;10;;3.33;;;16.67;13.33;30;26.67;13.33;;;;;;;;;;;;;;;;;;;;;;;;;;;20;16.67;23.33;26.67;10;;3.33;;;16.67;13.33;30;26.67;13.33;;;;;;
2023;25;Paraíba;2514701;São José do Sabugi;Estadual;Urbana;;;;;260.33;263.46;;;;;;;;;;;;;;;;;;;;;;;;;;;;;;;;;;;;;;;;;20;16.67;23.33;26.67;10;0;3.33;0;0;16.67;13.33;30;26.67;13.33;0;0;0;0;0;0;;;;;;;;;;;;;;;;;;;;;20;16.67;23.33;26.67;10;0;3.33;0;0;16.67;13.33;30;26.67;13.33;0;0;0;0;0;0
2023;25;Paraíba;2514701;São José do Sabugi;Municipal;Total;204.77;212.23;216.81;228.68;;;;14.53;17.57;11.15;19.93;19.93;8.45;5.74;2.7;;2.7;11.82;5.74;19.93;17.23;20.27;16.89;;2.7;2.7;;50.72;11.83;13.52;11.83;2.47;4.68;2.47;2.47;;29.52;25.62;16.25;9.1;9.62;7.41;2.47;;;;;;;;;;;;;;;;;;;;;;;;;;;;;;;;;;;;;;;;;;;;;;;;;;;;;;;;;;;;;;;
2023;25;Paraíba;2514701;São José do Sabugi;Municipal;Urbana;204.77;212.23;216.81;228.68;;;0;14.53;17.57;11.15;19.93;19.93;8.45;5.74;2.7;0;2.7;11.82;5.74;19.93;17.23;20.27;16.89;0;2.7;2.7;0;50.72;11.83;13.52;11.83;2.47;4.68;2.47;2.47;0;29.52;25.62;16.25;9.1;9.62;7.41;2.47;0;0;0;;;;;;;;;;;;;;;;;;;;;;;;;;;;;;;;;;;;;;;;;;;;;;;;;;;;;;;;;;;;
2023;25;Paraíba;2514701;São José do Sabugi;Total - Estadual e Municipal;Total;204.77;212.23;216.81;228.68;260.33;263.46;;14.53;17.57;11.15;19.93;19.93;8.45;5.74;2.7;;2.7;11.82;5.74;19.93;17.23;20.27;16.89;;2.7;2.7;;50.72;11.83;13.52;11.83;2.47;4.68;2.47;2.47;;29.52;25.62;16.25;9.1;9.62;7.41;2.47;;;;20;16.67;23.33;26.67;10;;3.33;;;16.67;13.33;30;26.67;13.33;;;;;;;;;;;;;;;;;;;;;;;;;;;20;16.67;23.33;26.67;10;;3.33;;;16.67;13.33;30;26.67;13.33;;;;;;
2023;25;Paraíba;2514701;São José do Sabugi;Total - Estadual e Municipal;Urbana;204.77;212.23;216.81;228.68;260.33;263.46;;14.53;17.57;11.15;19.93;19.93;8.45;5.74;2.7;;2.7;11.82;5.74;19.93;17.23;20.27;16.89;;2.7;2.7;;50.72;11.83;13.52;11.83;2.47;4.68;2.47;2.47;;29.52;25.62;16.25;9.1;9.62;7.41;2.47;;;;20;16.67;23.33;26.67;10;;3.33;;;16.67;13.33;30;26.67;13.33;;;;;;;;;;;;;;;;;;;;;;;;;;;20;16.67;23.33;26.67;10;;3.33;;;16.67;13.33;30;26.67;13.33;;;;;;
2023;25;Paraíba;2514701;São José do Sabugi;Total - Federal  Estadual e Municipal;Total;204.77;212.23;216.81;228.68;260.33;263.46;;14.53;17.57;11.15;19.93;19.93;8.45;5.74;2.7;;2.7;11.82;5.74;19.93;17.23;20.27;16.89;;2.7;2.7;;50.72;11.83;13.52;11.83;2.47;4.68;2.47;2.47;;29.52;25.62;16.25;9.1;9.62;7.41;2.47;;;;20;16.67;23.33;26.67;10;;3.33;;;16.67;13.33;30;26.67;13.33;;;;;;;;;;;;;;;;;;;;;;;;;;;20;16.67;23.33;26.67;10;;3.33;;;16.67;13.33;30;26.67;13.33;;;;;;
2023;25;Paraíba;2514701;São José do Sabugi;Total - Federal  Estadual e Municipal;Urbana;204.77;212.23;216.81;228.68;260.33;263.46;;14.53;17.57;11.15;19.93;19.93;8.45;5.74;2.7;;2.7;11.82;5.74;19.93;17.23;20.27;16.89;;2.7;2.7;;50.72;11.83;13.52;11.83;2.47;4.68;2.47;2.47;;29.52;25.62;16.25;9.1;9.62;7.41;2.47;;;;20;16.67;23.33;26.67;10;;3.33;;;16.67;13.33;30;26.67;13.33;;;;;;;;;;;;;;;;;;;;;;;;;;;20;16.67;23.33;26.67;10;;3.33;;;16.67;13.33;30;26.67;13.33;;;;;;
2023;25;Paraíba;2514800;São José dos Cordeiros;Total - Federal  Estadual  Municipal e Privada;Total;203.08;215.23;244.6;246.8;273.17;266.12;10;3.33;30;13.33;6.67;10;13.33;10;3.33;;;6.67;10;23.33;23.33;13.33;10;13.33;;;;23.98;10.93;12.96;25.92;8.7;13.06;4.45;;;15.28;15.18;25.82;17.5;17.31;4.45;4.45;;;;26.67;6.67;20;6.67;26.67;6.67;6.67;;;6.67;40;26.67;;20;;6.67;;;;;;;;;;;;;;;;;;;;;;;;;26.67;6.67;20;6.67;26.67;6.67;6.67;;;6.67;40;26.67;;20;;6.67;;;;
2023;25;Paraíba;2514800;São José dos Cordeiros;Total - Federal  Estadual  Municipal e Privada;Urbana;203.08;215.23;244.6;246.8;273.17;266.12;10;3.33;30;13.33;6.67;10;13.33;10;3.33;;;6.67;10;23.33;23.33;13.33;10;13.33;;;;23.98;10.93;12.96;25.92;8.7;13.06;4.45;;;15.28;15.18;25.82;17.5;17.31;4.45;4.45;;;;26.67;6.67;20;6.67;26.67;6.67;6.67;;;6.67;40;26.67;;20;;6.67;;;;;;;;;;;;;;;;;;;;;;;;;26.67;6.67;20;6.67;26.67;6.67;6.67;;;6.67;40;26.67;;20;;6.67;;;;
2023;25;Paraíba;2514800;São José dos Cordeiros;Estadual;Total;;;244.6;246.8;273.17;266.12;;;;;;;;;;;;;;;;;;;;;;23.98;10.93;12.96;25.92;8.7;13.06;4.45;;;15.28;15.18;25.82;17.5;17.31;4.45;4.45;;;;26.67;6.67;20;6.67;26.67;6.67;6.67;;;6.67;40;26.67;;20;;6.67;;;;;;;;;;;;;;;;;;;;;;;;;26.67;6.67;20;6.67;26.67;6.67;6.67;;;6.67;40;26.67;;20;;6.67;;;;
2023;25;Paraíba;2514800;São José dos Cordeiros;Estadual;Urbana;;;244.6;246.8;273.17;266.12;;;;;;;;;;;;;;;;;;;;;;23.98;10.93;12.96;25.92;8.7;13.06;4.45;0;0;15.28;15.18;25.82;17.5;17.31;4.45;4.45;0;0;0;26.67;6.67;20;6.67;26.67;6.67;6.67;0;0;6.67;40;26.67;0;20;0;6.67;0;0;0;0;;;;;;;;;;;;;;;;;;;;;26.67;6.67;20;6.67;26.67;6.67;6.67;0;0;6.67;40;26.67;0;20;0;6.67;0;0;0;0
2023;25;Paraíba;2514800;São José dos Cordeiros;Municipal;Total;203.08;215.23;;;;;10;3.33;30;13.33;6.67;10;13.33;10;3.33;;;6.67;10;23.33;23.33;13.33;10;13.33;;;;;;;;;;;;;;;;;;;;;;;;;;;;;;;;;;;;;;;;;;;;;;;;;;;;;;;;;;;;;;;;;;;;;;;;;;;;;;;;;;
2023;25;Paraíba;2514800;São José dos Cordeiros;Municipal;Urbana;203.08;215.23;;;;;10;3.33;30;13.33;6.67;10;13.33;10;3.33;0;0;6.67;10;23.33;23.33;13.33;10;13.33;0;0;0;;;;;;;;;;;;;;;;;;;;;;;;;;;;;;;;;;;;;;;;;;;;;;;;;;;;;;;;;;;;;;;;;;;;;;;;;;;;;;;
2023;25;Paraíba;2514800;São José dos Cordeiros;Total - Estadual e Municipal;Total;203.08;215.23;244.6;246.8;273.17;266.12;10;3.33;30;13.33;6.67;10;13.33;10;3.33;;;6.67;10;23.33;23.33;13.33;10;13.33;;;;23.98;10.93;12.96;25.92;8.7;13.06;4.45;;;15.28;15.18;25.82;17.5;17.31;4.45;4.45;;;;26.67;6.67;20;6.67;26.67;6.67;6.67;;;6.67;40;26.67;;20;;6.67;;;;;;;;;;;;;;;;;;;;;;;;;26.67;6.67;20;6.67;26.67;6.67;6.67;;;6.67;40;26.67;;20;;6.67;;;;
2023;25;Paraíba;2514800;São José dos Cordeiros;Total - Estadual e Municipal;Urbana;203.08;215.23;244.6;246.8;273.17;266.12;10;3.33;30;13.33;6.67;10;13.33;10;3.33;;;6.67;10;23.33;23.33;13.33;10;13.33;;;;23.98;10.93;12.96;25.92;8.7;13.06;4.45;;;15.28;15.18;25.82;17.5;17.31;4.45;4.45;;;;26.67;6.67;20;6.67;26.67;6.67;6.67;;;6.67;40;26.67;;20;;6.67;;;;;;;;;;;;;;;;;;;;;;;;;26.67;6.67;20;6.67;26.67;6.67;6.67;;;6.67;40;26.67;;20;;6.67;;;;
2023;25;Paraíba;2514800;São José dos Cordeiros;Total - Federal  Estadual e Municipal;Total;203.08;215.23;244.6;246.8;273.17;266.12;10;3.33;30;13.33;6.67;10;13.33;10;3.33;;;6.67;10;23.33;23.33;13.33;10;13.33;;;;23.98;10.93;12.96;25.92;8.7;13.06;4.45;;;15.28;15.18;25.82;17.5;17.31;4.45;4.45;;;;26.67;6.67;20;6.67;26.67;6.67;6.67;;;6.67;40;26.67;;20;;6.67;;;;;;;;;;;;;;;;;;;;;;;;;26.67;6.67;20;6.67;26.67;6.67;6.67;;;6.67;40;26.67;;20;;6.67;;;;
2023;25;Paraíba;2514800;São José dos Cordeiros;Total - Federal  Estadual e Municipal;Urbana;203.08;215.23;244.6;246.8;273.17;266.12;10;3.33;30;13.33;6.67;10;13.33;10;3.33;;;6.67;10;23.33;23.33;13.33;10;13.33;;;;23.98;10.93;12.96;25.92;8.7;13.06;4.45;;;15.28;15.18;25.82;17.5;17.31;4.45;4.45;;;;26.67;6.67;20;6.67;26.67;6.67;6.67;;;6.67;40;26.67;;20;;6.67;;;;;;;;;;;;;;;;;;;;;;;;;26.67;6.67;20;6.67;26.67;6.67;6.67;;;6.67;40;26.67;;20;;6.67;;;;
2023;25;Paraíba;2514909;São Mamede;Total - Federal  Estadual  Municipal e Privada;Total;190.41;201.14;260.4;257.76;;;7.37;20.01;14.34;20.93;15.15;9.83;5.08;3.08;3.17;1.04;3.18;16.33;17.28;17.37;16.23;9.04;10.35;7.08;1.06;1.04;1.04;17.03;13.67;11.29;11.77;23.69;12.91;6.13;3.52;;14.97;17.59;12.07;14.09;22.3;9.51;4.74;3.63;1.11;;;;;;;;;;;;;;;;;;;;;;10.65;13.78;18.26;13.68;21.19;10.5;8.96;1.49;1.49;3.03;13.73;21.24;22.79;18.21;9.05;7.46;4.48;;;;10.65;13.78;18.26;13.68;21.19;10.5;8.96;1.49;1.49;3.03;13.73;21.24;22.79;18.21;9.05;7.46;4.48;;;
2023;25;Paraíba;2514909;São Mamede;Total - Federal  Estadual  Municipal e Privada;Urbana;190.41;201.14;260.4;257.76;;;7.37;20.01;14.34;20.93;15.15;9.83;5.08;3.08;3.17;1.04;3.18;16.33;17.28;17.37;16.23;9.04;10.35;7.08;1.06;1.04;1.04;17.03;13.67;11.29;11.77;23.69;12.91;6.13;3.52;;14.97;17.59;12.07;14.09;22.3;9.51;4.74;3.63;1.11;;;;;;;;;;;;;;;;;;;;;;10.65;13.78;18.26;13.68;21.19;10.5;8.96;1.49;1.49;3.03;13.73;21.24;22.79;18.21;9.05;7.46;4.48;;;;10.65;13.78;18.26;13.68;21.19;10.5;8.96;1.49;1.49;3.03;13.73;21.24;22.79;18.21;9.05;7.46;4.48;;;
2023;25;Paraíba;2514909;São Mamede;Estadual;Total;;;271.84;259.68;;;;;;;;;;;;;;;;;;;;;;;;10.23;9.09;11.74;16.67;29.92;7.95;9.09;5.3;;9.09;17.8;17.05;16.67;23.48;10.61;2.65;;2.65;;;;;;;;;;;;;;;;;;;;;;10.65;13.78;18.26;13.68;21.19;10.5;8.96;1.49;1.49;3.03;13.73;21.24;22.79;18.21;9.05;7.46;4.48;;;;10.65;13.78;18.26;13.68;21.19;10.5;8.96;1.49;1.49;3.03;13.73;21.24;22.79;18.21;9.05;7.46;4.48;;;
2023;25;Paraíba;2514909;São Mamede;Estadual;Urbana;;;271.84;259.68;;;;;;;;;;;;;;;;;;;;;;;;10.23;9.09;11.74;16.67;29.92;7.95;9.09;5.3;0;9.09;17.8;17.05;16.67;23.48;10.61;2.65;0;2.65;0;;;;;;;;;;;;;;;;;;;;;10.65;13.78;18.26;13.68;21.19;10.5;8.96;1.49;1.49;3.03;13.73;21.24;22.79;18.21;9.05;7.46;4.48;0;0;0;10.65;13.78;18.26;13.68;21.19;10.5;8.96;1.49;1.49;3.03;13.73;21.24;22.79;18.21;9.05;7.46;4.48;0;0;0
2023;25;Paraíba;2514909;São Mamede;Municipal;Total;190.41;201.14;252.17;256.38;;;7.37;20.01;14.34;20.93;15.15;9.83;5.08;3.08;3.17;1.04;3.18;16.33;17.28;17.37;16.23;9.04;10.35;7.08;1.06;1.04;1.04;21.92;16.96;10.96;8.24;19.2;16.48;4;2.24;;19.2;17.44;8.48;12.24;21.44;8.72;6.24;6.24;;;;;;;;;;;;;;;;;;;;;;;;;;;;;;;;;;;;;;;;;;;;;;;;;;;;;;;;;;;;;;
2023;25;Paraíba;2514909;São Mamede;Municipal;Urbana;190.41;201.14;252.17;256.38;;;7.37;20.01;14.34;20.93;15.15;9.83;5.08;3.08;3.17;1.04;3.18;16.33;17.28;17.37;16.23;9.04;10.35;7.08;1.06;1.04;1.04;21.92;16.96;10.96;8.24;19.2;16.48;4;2.24;0;19.2;17.44;8.48;12.24;21.44;8.72;6.24;6.24;0;0;;;;;;;;;;;;;;;;;;;;;;;;;;;;;;;;;;;;;;;;;;;;;;;;;;;;;;;;;;;;
2023;25;Paraíba;2514909;São Mamede;Total - Estadual e Municipal;Total;190.41;201.14;260.4;257.76;;;7.37;20.01;14.34;20.93;15.15;9.83;5.08;3.08;3.17;1.04;3.18;16.33;17.28;17.37;16.23;9.04;10.35;7.08;1.06;1.04;1.04;17.03;13.67;11.29;11.77;23.69;12.91;6.13;3.52;;14.97;17.59;12.07;14.09;22.3;9.51;4.74;3.63;1.11;;;;;;;;;;;;;;;;;;;;;;10.65;13.78;18.26;13.68;21.19;10.5;8.96;1.49;1.49;3.03;13.73;21.24;22.79;18.21;9.05;7.46;4.48;;;;10.65;13.78;18.26;13.68;21.19;10.5;8.96;1.49;1.49;3.03;13.73;21.24;22.79;18.21;9.05;7.46;4.48;;;
2023;25;Paraíba;2514909;São Mamede;Total - Estadual e Municipal;Urbana;190.41;201.14;260.4;257.76;;;7.37;20.01;14.34;20.93;15.15;9.83;5.08;3.08;3.17;1.04;3.18;16.33;17.28;17.37;16.23;9.04;10.35;7.08;1.06;1.04;1.04;17.03;13.67;11.29;11.77;23.69;12.91;6.13;3.52;;14.97;17.59;12.07;14.09;22.3;9.51;4.74;3.63;1.11;;;;;;;;;;;;;;;;;;;;;;10.65;13.78;18.26;13.68;21.19;10.5;8.96;1.49;1.49;3.03;13.73;21.24;22.79;18.21;9.05;7.46;4.48;;;;10.65;13.78;18.26;13.68;21.19;10.5;8.96;1.49;1.49;3.03;13.73;21.24;22.79;18.21;9.05;7.46;4.48;;;
2023;25;Paraíba;2514909;São Mamede;Total - Federal  Estadual e Municipal;Total;190.41;201.14;260.4;257.76;;;7.37;20.01;14.34;20.93;15.15;9.83;5.08;3.08;3.17;1.04;3.18;16.33;17.28;17.37;16.23;9.04;10.35;7.08;1.06;1.04;1.04;17.03;13.67;11.29;11.77;23.69;12.91;6.13;3.52;;14.97;17.59;12.07;14.09;22.3;9.51;4.74;3.63;1.11;;;;;;;;;;;;;;;;;;;;;;10.65;13.78;18.26;13.68;21.19;10.5;8.96;1.49;1.49;3.03;13.73;21.24;22.79;18.21;9.05;7.46;4.48;;;;10.65;13.78;18.26;13.68;21.19;10.5;8.96;1.49;1.49;3.03;13.73;21.24;22.79;18.21;9.05;7.46;4.48;;;
2023;25;Paraíba;2514909;São Mamede;Total - Federal  Estadual e Municipal;Urbana;190.41;201.14;260.4;257.76;;;7.37;20.01;14.34;20.93;15.15;9.83;5.08;3.08;3.17;1.04;3.18;16.33;17.28;17.37;16.23;9.04;10.35;7.08;1.06;1.04;1.04;17.03;13.67;11.29;11.77;23.69;12.91;6.13;3.52;;14.97;17.59;12.07;14.09;22.3;9.51;4.74;3.63;1.11;;;;;;;;;;;;;;;;;;;;;;10.65;13.78;18.26;13.68;21.19;10.5;8.96;1.49;1.49;3.03;13.73;21.24;22.79;18.21;9.05;7.46;4.48;;;;10.65;13.78;18.26;13.68;21.19;10.5;8.96;1.49;1.49;3.03;13.73;21.24;22.79;18.21;9.05;7.46;4.48;;;
2023;25;Paraíba;2515005;São Miguel de Taipu;Total - Federal  Estadual  Municipal e Privada;Total;167.91;173.13;228.8;219.27;253.46;245.91;16.9;16.67;24.52;22.38;8.57;5.71;3.33;1.9;;;10.24;22.14;22.38;18.81;15.71;3.57;5.24;1.9;;;;26.89;20.34;18.13;17.57;13.27;1.9;1.9;;;35.01;19.01;18.56;19.83;4.86;1.81;0.91;;;;30.35;16.47;22.44;11.15;9.92;6.94;2.73;;;33.59;23.54;20.69;11.03;6.94;4.22;;;;;;;;;;;;;;;;;;;;;;;;;;30.35;16.47;22.44;11.15;9.92;6.94;2.73;;;33.59;23.54;20.69;11.03;6.94;4.22;;;;;
2023;25;Paraíba;2515005;São Miguel de Taipu;Total - Federal  Estadual  Municipal e Privada;Urbana;170.2;174.25;217.12;208.14;251.11;247.01;14.29;12;27.43;26.86;10.29;6.86;;2.29;;;10.29;18.57;22.86;22.57;16.86;4.29;2.29;2.29;;;;34.95;23.7;16.33;17.16;7.86;;;;;47.89;20.75;9.19;14.25;6.45;1.47;;;;;33.33;19.29;19.3;10.53;7.02;7.02;3.51;;;29.82;24.56;22.81;12.28;7.02;3.51;;;;;;;;;;;;;;;;;;;;;;;;;;33.33;19.29;19.3;10.53;7.02;7.02;3.51;;;29.82;24.56;22.81;12.28;7.02;3.51;;;;;
2023;25;Paraíba;2515005;São Miguel de Taipu;Total - Federal  Estadual  Municipal e Privada;Rural;156.43;167.55;247.24;236.83;261.63;242.09;30;40;10;;;;20;;;;10;40;20;;10;;20;;;;;14.17;15.05;20.97;18.23;21.79;4.89;4.89;;;14.68;16.27;33.35;28.65;2.35;2.35;2.35;;;;20;6.67;33.33;13.33;20;6.67;;;;46.67;20;13.33;6.67;6.67;6.67;;;;;;;;;;;;;;;;;;;;;;;;;;20;6.67;33.33;13.33;20;6.67;;;;46.67;20;13.33;6.67;6.67;6.67;;;;;
2023;25;Paraíba;2515005;São Miguel de Taipu;Estadual;Total;;;250.21;235.66;253.46;245.91;;;;;;;;;;;;;;;;;;;;;;7.94;21.16;15.34;26.46;20.63;4.23;4.23;;;12.7;15.34;35.98;35.98;;;;;;;30.35;16.47;22.44;11.15;9.92;6.94;2.73;;;33.59;23.54;20.69;11.03;6.94;4.22;;;;;;;;;;;;;;;;;;;;;;;;;;30.35;16.47;22.44;11.15;9.92;6.94;2.73;;;33.59;23.54;20.69;11.03;6.94;4.22;;;;;
2023;25;Paraíba;2515005;São Miguel de Taipu;Estadual;Urbana;;;;;251.11;247.01;;;;;;;;;;;;;;;;;;;;;;;;;;;;;;;;;;;;;;;;;33.33;19.29;19.3;10.53;7.02;7.02;3.51;0;0;29.82;24.56;22.81;12.28;7.02;3.51;0;0;0;0;0;;;;;;;;;;;;;;;;;;;;;33.33;19.29;19.3;10.53;7.02;7.02;3.51;0;0;29.82;24.56;22.81;12.28;7.02;3.51;0;0;0;0;0
2023;25;Paraíba;2515005;São Miguel de Taipu;Estadual;Rural;;;250.21;235.66;261.63;242.09;;;;;;;;;;;;;;;;;;;;;;7.94;21.16;15.34;26.46;20.63;4.23;4.23;0;0;12.7;15.34;35.98;35.98;0;0;0;0;0;0;20;6.67;33.33;13.33;20;6.67;0;0;0;46.67;20;13.33;6.67;6.67;6.67;0;0;0;0;0;;;;;;;;;;;;;;;;;;;;;20;6.67;33.33;13.33;20;6.67;0;0;0;46.67;20;13.33;6.67;6.67;6.67;0;0;0;0;0
2023;25;Paraíba;2515005;São Miguel de Taipu;Municipal;Total;167.91;173.13;222.31;214.3;;;16.9;16.67;24.52;22.38;8.57;5.71;3.33;1.9;;;10.24;22.14;22.38;18.81;15.71;3.57;5.24;1.9;;;;32.64;20.09;18.98;14.88;11.03;1.19;1.19;;;41.78;20.12;13.28;14.94;6.33;2.36;1.19;;;;;;;;;;;;;;;;;;;;;;;;;;;;;;;;;;;;;;;;;;;;;;;;;;;;;;;;;;;;;;;
2023;25;Paraíba;2515005;São Miguel de Taipu;Municipal;Urbana;170.2;174.25;217.12;208.14;;;14.29;12;27.43;26.86;10.29;6.86;0;2.29;0;0;10.29;18.57;22.86;22.57;16.86;4.29;2.29;2.29;0;0;0;34.95;23.7;16.33;17.16;7.86;0;0;0;0;47.89;20.75;9.19;14.25;6.45;1.47;0;0;0;0;;;;;;;;;;;;;;;;;;;;;;;;;;;;;;;;;;;;;;;;;;;;;;;;;;;;;;;;;;;;
2023;25;Paraíba;2515005;São Miguel de Taipu;Municipal;Rural;156.43;167.55;242.8;238.58;;;30;40;10;0;0;0;20;0;0;0;10;40;20;0;10;0;20;0;0;0;0;23.53;5.88;29.41;5.88;23.53;5.88;5.88;0;0;17.65;17.65;29.41;17.65;5.88;5.88;5.88;0;0;0;;;;;;;;;;;;;;;;;;;;;;;;;;;;;;;;;;;;;;;;;;;;;;;;;;;;;;;;;;;;
2023;25;Paraíba;2515005;São Miguel de Taipu;Total - Estadual e Municipal;Total;167.91;173.13;228.8;219.27;253.46;245.91;16.9;16.67;24.52;22.38;8.57;5.71;3.33;1.9;;;10.24;22.14;22.38;18.81;15.71;3.57;5.24;1.9;;;;26.89;20.34;18.13;17.57;13.27;1.9;1.9;;;35.01;19.01;18.56;19.83;4.86;1.81;0.91;;;;30.35;16.47;22.44;11.15;9.92;6.94;2.73;;;33.59;23.54;20.69;11.03;6.94;4.22;;;;;;;;;;;;;;;;;;;;;;;;;;30.35;16.47;22.44;11.15;9.92;6.94;2.73;;;33.59;23.54;20.69;11.03;6.94;4.22;;;;;
2023;25;Paraíba;2515005;São Miguel de Taipu;Total - Estadual e Municipal;Urbana;170.2;174.25;217.12;208.14;251.11;247.01;14.29;12;27.43;26.86;10.29;6.86;;2.29;;;10.29;18.57;22.86;22.57;16.86;4.29;2.29;2.29;;;;34.95;23.7;16.33;17.16;7.86;;;;;47.89;20.75;9.19;14.25;6.45;1.47;;;;;33.33;19.29;19.3;10.53;7.02;7.02;3.51;;;29.82;24.56;22.81;12.28;7.02;3.51;;;;;;;;;;;;;;;;;;;;;;;;;;33.33;19.29;19.3;10.53;7.02;7.02;3.51;;;29.82;24.56;22.81;12.28;7.02;3.51;;;;;
2023;25;Paraíba;2515005;São Miguel de Taipu;Total - Estadual e Municipal;Rural;156.43;167.55;247.24;236.83;261.63;242.09;30;40;10;;;;20;;;;10;40;20;;10;;20;;;;;14.17;15.05;20.97;18.23;21.79;4.89;4.89;;;14.68;16.27;33.35;28.65;2.35;2.35;2.35;;;;20;6.67;33.33;13.33;20;6.67;;;;46.67;20;13.33;6.67;6.67;6.67;;;;;;;;;;;;;;;;;;;;;;;;;;20;6.67;33.33;13.33;20;6.67;;;;46.67;20;13.33;6.67;6.67;6.67;;;;;
2023;25;Paraíba;2515005;São Miguel de Taipu;Total - Federal  Estadual e Municipal;Total;167.91;173.13;228.8;219.27;253.46;245.91;16.9;16.67;24.52;22.38;8.57;5.71;3.33;1.9;;;10.24;22.14;22.38;18.81;15.71;3.57;5.24;1.9;;;;26.89;20.34;18.13;17.57;13.27;1.9;1.9;;;35.01;19.01;18.56;19.83;4.86;1.81;0.91;;;;30.35;16.47;22.44;11.15;9.92;6.94;2.73;;;33.59;23.54;20.69;11.03;6.94;4.22;;;;;;;;;;;;;;;;;;;;;;;;;;30.35;16.47;22.44;11.15;9.92;6.94;2.73;;;33.59;23.54;20.69;11.03;6.94;4.22;;;;;
2023;25;Paraíba;2515005;São Miguel de Taipu;Total - Federal  Estadual e Municipal;Urbana;170.2;174.25;217.12;208.14;251.11;247.01;14.29;12;27.43;26.86;10.29;6.86;;2.29;;;10.29;18.57;22.86;22.57;16.86;4.29;2.29;2.29;;;;34.95;23.7;16.33;17.16;7.86;;;;;47.89;20.75;9.19;14.25;6.45;1.47;;;;;33.33;19.29;19.3;10.53;7.02;7.02;3.51;;;29.82;24.56;22.81;12.28;7.02;3.51;;;;;;;;;;;;;;;;;;;;;;;;;;33.33;19.29;19.3;10.53;7.02;7.02;3.51;;;29.82;24.56;22.81;12.28;7.02;3.51;;;;;
2023;25;Paraíba;2515005;São Miguel de Taipu;Total - Federal  Estadual e Municipal;Rural;156.43;167.55;247.24;236.83;261.63;242.09;30;40;10;;;;20;;;;10;40;20;;10;;20;;;;;14.17;15.05;20.97;18.23;21.79;4.89;4.89;;;14.68;16.27;33.35;28.65;2.35;2.35;2.35;;;;20;6.67;33.33;13.33;20;6.67;;;;46.67;20;13.33;6.67;6.67;6.67;;;;;;;;;;;;;;;;;;;;;;;;;;20;6.67;33.33;13.33;20;6.67;;;;46.67;20;13.33;6.67;6.67;6.67;;;;;
2023;25;Paraíba;2515104;São Sebastião de Lagoa de Roça;Total - Federal  Estadual  Municipal e Privada;Total;206.02;219.31;252.35;245.77;259.67;252.56;4.11;10.18;13.48;23.81;17.44;13.93;5.76;7.52;3.76;;2.11;7.37;4.21;14.09;25.31;26.92;12.23;2.01;3.76;2.01;;18.42;14.98;16.69;10.09;20.68;12.66;4.31;2.17;;13.96;15.44;24.86;21.87;15.17;5.1;2.88;0.71;;;27.31;12.98;24.38;9.08;17.56;7.77;0.93;;;27.17;23.28;20.75;16.35;8.67;3.78;;;;;;;;;;;;;;;;;;;;;;;;;;27.31;12.98;24.38;9.08;17.56;7.77;0.93;;;27.17;23.28;20.75;16.35;8.67;3.78;;;;;
2023;25;Paraíba;2515104;São Sebastião de Lagoa de Roça;Total - Federal  Estadual  Municipal e Privada;Urbana;206.02;219.31;252.35;245.77;259.67;252.56;4.11;10.18;13.48;23.81;17.44;13.93;5.76;7.52;3.76;;2.11;7.37;4.21;14.09;25.31;26.92;12.23;2.01;3.76;2.01;;18.42;14.98;16.69;10.09;20.68;12.66;4.31;2.17;;13.96;15.44;24.86;21.87;15.17;5.1;2.88;0.71;;;27.31;12.98;24.38;9.08;17.56;7.77;0.93;;;27.17;23.28;20.75;16.35;8.67;3.78;;;;;;;;;;;;;;;;;;;;;;;;;;27.31;12.98;24.38;9.08;17.56;7.77;0.93;;;27.17;23.28;20.75;16.35;8.67;3.78;;;;;
2023;25;Paraíba;2515104;São Sebastião de Lagoa de Roça;Estadual;Total;;;252.21;248.83;259.67;252.56;;;;;;;;;;;;;;;;;;;;;;16.82;15.53;19.69;9.82;22.67;9.87;5.61;;;9.87;16.82;23.81;28.32;15.58;2.83;1.39;1.39;;;27.31;12.98;24.38;9.08;17.56;7.77;0.93;;;27.17;23.28;20.75;16.35;8.67;3.78;;;;;;;;;;;;;;;;;;;;;;;;;;27.31;12.98;24.38;9.08;17.56;7.77;0.93;;;27.17;23.28;20.75;16.35;8.67;3.78;;;;;
2023;25;Paraíba;2515104;São Sebastião de Lagoa de Roça;Estadual;Urbana;;;252.21;248.83;259.67;252.56;;;;;;;;;;;;;;;;;;;;;;16.82;15.53;19.69;9.82;22.67;9.87;5.61;0;0;9.87;16.82;23.81;28.32;15.58;2.83;1.39;1.39;0;0;27.31;12.98;24.38;9.08;17.56;7.77;0.93;0;0;27.17;23.28;20.75;16.35;8.67;3.78;0;0;0;0;0;;;;;;;;;;;;;;;;;;;;;27.31;12.98;24.38;9.08;17.56;7.77;0.93;0;0;27.17;23.28;20.75;16.35;8.67;3.78;0;0;0;0;0
2023;25;Paraíba;2515104;São Sebastião de Lagoa de Roça;Municipal;Total;206.02;219.31;252.5;242.53;;;4.11;10.18;13.48;23.81;17.44;13.93;5.76;7.52;3.76;;2.11;7.37;4.21;14.09;25.31;26.92;12.23;2.01;3.76;2.01;;20.11;14.41;13.51;10.36;18.58;15.62;2.94;4.47;;18.29;13.99;25.97;15.03;14.74;7.52;4.47;;;;;;;;;;;;;;;;;;;;;;;;;;;;;;;;;;;;;;;;;;;;;;;;;;;;;;;;;;;;;;;
2023;25;Paraíba;2515104;São Sebastião de Lagoa de Roça;Municipal;Urbana;206.02;219.31;252.5;242.53;;;4.11;10.18;13.48;23.81;17.44;13.93;5.76;7.52;3.76;0;2.11;7.37;4.21;14.09;25.31;26.92;12.23;2.01;3.76;2.01;0;20.11;14.41;13.51;10.36;18.58;15.62;2.94;4.47;0;18.29;13.99;25.97;15.03;14.74;7.52;4.47;0;0;0;;;;;;;;;;;;;;;;;;;;;;;;;;;;;;;;;;;;;;;;;;;;;;;;;;;;;;;;;;;;
2023;25;Paraíba;2515104;São Sebastião de Lagoa de Roça;Total - Estadual e Municipal;Total;206.02;219.31;252.35;245.77;259.67;252.56;4.11;10.18;13.48;23.81;17.44;13.93;5.76;7.52;3.76;;2.11;7.37;4.21;14.09;25.31;26.92;12.23;2.01;3.76;2.01;;18.42;14.98;16.69;10.09;20.68;12.66;4.31;2.17;;13.96;15.44;24.86;21.87;15.17;5.1;2.88;0.71;;;27.31;12.98;24.38;9.08;17.56;7.77;0.93;;;27.17;23.28;20.75;16.35;8.67;3.78;;;;;;;;;;;;;;;;;;;;;;;;;;27.31;12.98;24.38;9.08;17.56;7.77;0.93;;;27.17;23.28;20.75;16.35;8.67;3.78;;;;;
2023;25;Paraíba;2515104;São Sebastião de Lagoa de Roça;Total - Estadual e Municipal;Urbana;206.02;219.31;252.35;245.77;259.67;252.56;4.11;10.18;13.48;23.81;17.44;13.93;5.76;7.52;3.76;;2.11;7.37;4.21;14.09;25.31;26.92;12.23;2.01;3.76;2.01;;18.42;14.98;16.69;10.09;20.68;12.66;4.31;2.17;;13.96;15.44;24.86;21.87;15.17;5.1;2.88;0.71;;;27.31;12.98;24.38;9.08;17.56;7.77;0.93;;;27.17;23.28;20.75;16.35;8.67;3.78;;;;;;;;;;;;;;;;;;;;;;;;;;27.31;12.98;24.38;9.08;17.56;7.77;0.93;;;27.17;23.28;20.75;16.35;8.67;3.78;;;;;
2023;25;Paraíba;2515104;São Sebastião de Lagoa de Roça;Total - Federal  Estadual e Municipal;Total;206.02;219.31;252.35;245.77;259.67;252.56;4.11;10.18;13.48;23.81;17.44;13.93;5.76;7.52;3.76;;2.11;7.37;4.21;14.09;25.31;26.92;12.23;2.01;3.76;2.01;;18.42;14.98;16.69;10.09;20.68;12.66;4.31;2.17;;13.96;15.44;24.86;21.87;15.17;5.1;2.88;0.71;;;27.31;12.98;24.38;9.08;17.56;7.77;0.93;;;27.17;23.28;20.75;16.35;8.67;3.78;;;;;;;;;;;;;;;;;;;;;;;;;;27.31;12.98;24.38;9.08;17.56;7.77;0.93;;;27.17;23.28;20.75;16.35;8.67;3.78;;;;;
2023;25;Paraíba;2515104;São Sebastião de Lagoa de Roça;Total - Federal  Estadual e Municipal;Urbana;206.02;219.31;252.35;245.77;259.67;252.56;4.11;10.18;13.48;23.81;17.44;13.93;5.76;7.52;3.76;;2.11;7.37;4.21;14.09;25.31;26.92;12.23;2.01;3.76;2.01;;18.42;14.98;16.69;10.09;20.68;12.66;4.31;2.17;;13.96;15.44;24.86;21.87;15.17;5.1;2.88;0.71;;;27.31;12.98;24.38;9.08;17.56;7.77;0.93;;;27.17;23.28;20.75;16.35;8.67;3.78;;;;;;;;;;;;;;;;;;;;;;;;;;27.31;12.98;24.38;9.08;17.56;7.77;0.93;;;27.17;23.28;20.75;16.35;8.67;3.78;;;;;
2023;25;Paraíba;2515203;São Sebastião do Umbuzeiro;Total - Federal  Estadual  Municipal e Privada;Total;223.41;230.87;236.52;243.8;256.35;254.21;2.86;13.13;2.86;8.29;23.7;15.99;16.29;14.01;2.86;;2.57;10.86;5.43;10.86;15.7;8.29;21.42;16.58;2.57;5.72;;31.86;11.74;10.33;21.9;15.09;7.68;1.4;;;16.43;20.75;16.68;18.7;18.36;7.41;;1.67;;;29.17;25;12.5;12.5;8.33;4.17;4.17;4.17;;20.83;29.17;20.83;12.5;8.33;4.17;4.17;;;;;;;;;;;;;;;;;;;;;;;;;29.17;25;12.5;12.5;8.33;4.17;4.17;4.17;;20.83;29.17;20.83;12.5;8.33;4.17;4.17;;;;
2023;25;Paraíba;2515203;São Sebastião do Umbuzeiro;Total - Federal  Estadual  Municipal e Privada;Urbana;223.41;230.87;236.52;243.8;256.35;254.21;2.86;13.13;2.86;8.29;23.7;15.99;16.29;14.01;2.86;;2.57;10.86;5.43;10.86;15.7;8.29;21.42;16.58;2.57;5.72;;31.86;11.74;10.33;21.9;15.09;7.68;1.4;;;16.43;20.75;16.68;18.7;18.36;7.41;;1.67;;;29.17;25;12.5;12.5;8.33;4.17;4.17;4.17;;20.83;29.17;20.83;12.5;8.33;4.17;4.17;;;;;;;;;;;;;;;;;;;;;;;;;29.17;25;12.5;12.5;8.33;4.17;4.17;4.17;;20.83;29.17;20.83;12.5;8.33;4.17;4.17;;;;
2023;25;Paraíba;2515203;São Sebastião do Umbuzeiro;Estadual;Total;;;;;256.35;254.21;;;;;;;;;;;;;;;;;;;;;;;;;;;;;;;;;;;;;;;;;29.17;25;12.5;12.5;8.33;4.17;4.17;4.17;;20.83;29.17;20.83;12.5;8.33;4.17;4.17;;;;;;;;;;;;;;;;;;;;;;;;;29.17;25;12.5;12.5;8.33;4.17;4.17;4.17;;20.83;29.17;20.83;12.5;8.33;4.17;4.17;;;;
2023;25;Paraíba;2515203;São Sebastião do Umbuzeiro;Estadual;Urbana;;;;;256.35;254.21;;;;;;;;;;;;;;;;;;;;;;;;;;;;;;;;;;;;;;;;;29.17;25;12.5;12.5;8.33;4.17;4.17;4.17;0;20.83;29.17;20.83;12.5;8.33;4.17;4.17;0;0;0;0;;;;;;;;;;;;;;;;;;;;;29.17;25;12.5;12.5;8.33;4.17;4.17;4.17;0;20.83;29.17;20.83;12.5;8.33;4.17;4.17;0;0;0;0
2023;25;Paraíba;2515203;São Sebastião do Umbuzeiro;Municipal;Total;223.41;230.87;236.52;243.8;;;2.86;13.13;2.86;8.29;23.7;15.99;16.29;14.01;2.86;;2.57;10.86;5.43;10.86;15.7;8.29;21.42;16.58;2.57;5.72;;31.86;11.74;10.33;21.9;15.09;7.68;1.4;;;16.43;20.75;16.68;18.7;18.36;7.41;;1.67;;;;;;;;;;;;;;;;;;;;;;;;;;;;;;;;;;;;;;;;;;;;;;;;;;;;;;;;;;;;;;
2023;25;Paraíba;2515203;São Sebastião do Umbuzeiro;Municipal;Urbana;223.41;230.87;236.52;243.8;;;2.86;13.13;2.86;8.29;23.7;15.99;16.29;14.01;2.86;0;2.57;10.86;5.43;10.86;15.7;8.29;21.42;16.58;2.57;5.72;0;31.86;11.74;10.33;21.9;15.09;7.68;1.4;0;0;16.43;20.75;16.68;18.7;18.36;7.41;0;1.67;0;0;;;;;;;;;;;;;;;;;;;;;;;;;;;;;;;;;;;;;;;;;;;;;;;;;;;;;;;;;;;;
2023;25;Paraíba;2515203;São Sebastião do Umbuzeiro;Total - Estadual e Municipal;Total;223.41;230.87;236.52;243.8;256.35;254.21;2.86;13.13;2.86;8.29;23.7;15.99;16.29;14.01;2.86;;2.57;10.86;5.43;10.86;15.7;8.29;21.42;16.58;2.57;5.72;;31.86;11.74;10.33;21.9;15.09;7.68;1.4;;;16.43;20.75;16.68;18.7;18.36;7.41;;1.67;;;29.17;25;12.5;12.5;8.33;4.17;4.17;4.17;;20.83;29.17;20.83;12.5;8.33;4.17;4.17;;;;;;;;;;;;;;;;;;;;;;;;;29.17;25;12.5;12.5;8.33;4.17;4.17;4.17;;20.83;29.17;20.83;12.5;8.33;4.17;4.17;;;;
2023;25;Paraíba;2515203;São Sebastião do Umbuzeiro;Total - Estadual e Municipal;Urbana;223.41;230.87;236.52;243.8;256.35;254.21;2.86;13.13;2.86;8.29;23.7;15.99;16.29;14.01;2.86;;2.57;10.86;5.43;10.86;15.7;8.29;21.42;16.58;2.57;5.72;;31.86;11.74;10.33;21.9;15.09;7.68;1.4;;;16.43;20.75;16.68;18.7;18.36;7.41;;1.67;;;29.17;25;12.5;12.5;8.33;4.17;4.17;4.17;;20.83;29.17;20.83;12.5;8.33;4.17;4.17;;;;;;;;;;;;;;;;;;;;;;;;;29.17;25;12.5;12.5;8.33;4.17;4.17;4.17;;20.83;29.17;20.83;12.5;8.33;4.17;4.17;;;;
2023;25;Paraíba;2515203;São Sebastião do Umbuzeiro;Total - Federal  Estadual e Municipal;Total;223.41;230.87;236.52;243.8;256.35;254.21;2.86;13.13;2.86;8.29;23.7;15.99;16.29;14.01;2.86;;2.57;10.86;5.43;10.86;15.7;8.29;21.42;16.58;2.57;5.72;;31.86;11.74;10.33;21.9;15.09;7.68;1.4;;;16.43;20.75;16.68;18.7;18.36;7.41;;1.67;;;29.17;25;12.5;12.5;8.33;4.17;4.17;4.17;;20.83;29.17;20.83;12.5;8.33;4.17;4.17;;;;;;;;;;;;;;;;;;;;;;;;;29.17;25;12.5;12.5;8.33;4.17;4.17;4.17;;20.83;29.17;20.83;12.5;8.33;4.17;4.17;;;;
2023;25;Paraíba;2515203;São Sebastião do Umbuzeiro;Total - Federal  Estadual e Municipal;Urbana;223.41;230.87;236.52;243.8;256.35;254.21;2.86;13.13;2.86;8.29;23.7;15.99;16.29;14.01;2.86;;2.57;10.86;5.43;10.86;15.7;8.29;21.42;16.58;2.57;5.72;;31.86;11.74;10.33;21.9;15.09;7.68;1.4;;;16.43;20.75;16.68;18.7;18.36;7.41;;1.67;;;29.17;25;12.5;12.5;8.33;4.17;4.17;4.17;;20.83;29.17;20.83;12.5;8.33;4.17;4.17;;;;;;;;;;;;;;;;;;;;;;;;;29.17;25;12.5;12.5;8.33;4.17;4.17;4.17;;20.83;29.17;20.83;12.5;8.33;4.17;4.17;;;;
2023;25;Paraíba;2515302;Sapé;Total - Federal  Estadual  Municipal e Privada;Total;169.17;177.98;233.94;230.09;259.84;253.95;14.17;26.28;19.73;16.47;10.78;7.97;3.41;1.18;;;6.45;21.01;24.82;22.45;11.85;6.22;4.78;2.17;0.24;;;25.32;19.85;19.2;15.26;10.37;7.22;1.95;0.84;;25.68;21.89;20.26;16.86;10.05;3.86;1.09;0.31;;;23.61;18.9;20.47;17.51;10.93;5.81;2.5;0.27;;23.63;23.35;25.29;15.23;9.19;2.14;0.59;0.56;;;;43.59;18.84;13.97;10.68;8.37;1.59;1.59;1.37;;42.36;21.47;14.51;13.96;6.34;1.37;;;;;;27;18.89;19.37;16.35;10.49;5.09;2.35;0.46;;26.81;23.03;23.47;15.02;8.71;2.01;0.49;0.46;;;
2023;25;Paraíba;2515302;Sapé;Total - Federal  Estadual  Municipal e Privada;Urbana;168.92;177.53;234.44;230.43;261.16;254.76;13.56;28.28;18.4;17.32;10.16;7.22;3.5;1.56;;;6.14;21.49;26.58;21.83;10.57;5.15;5.68;2.55;;;;24.07;19.56;20.35;16.21;10.23;7.12;1.73;0.73;;25.4;21.17;21.3;16.68;9.9;3.9;1.29;0.36;;;23.14;18.14;20.58;18.2;11.21;5.78;2.66;0.29;;23.55;22.87;25.31;15.4;9.37;2.28;0.63;0.59;;;;43.59;18.84;13.97;10.68;8.37;1.59;1.59;1.37;;42.36;21.47;14.51;13.96;6.34;1.37;;;;;;26.78;18.26;19.4;16.86;10.71;5.04;2.47;0.48;;26.9;22.62;23.39;15.14;8.83;2.11;0.52;0.49;;;
2023;25;Paraíba;2515302;Sapé;Total - Federal  Estadual  Municipal e Privada;Rural;169.91;179.35;231.16;228.2;;;16.06;20.12;23.84;13.85;12.71;10.3;3.12;;;;7.41;19.54;19.38;24.37;15.81;9.53;1.98;0.99;0.99;;;32.41;21.45;12.67;9.94;11.12;7.78;3.17;1.46;;27.25;25.91;14.38;17.92;10.93;3.61;;;;;;;;;;;;;;;;;;;;;;;;;;;;;;;;;;;;;;;;;;;;;;;;;;;;;;;;;;;;;;;;
2023;25;Paraíba;2515302;Sapé;Estadual;Total;;;227.81;220.31;259.84;253.95;;;;;;;;;;;;;;;;;;;;;;27.7;23.5;22.63;11.2;7.8;6.13;0.47;0.56;;33.08;26.31;15.16;15.13;7.42;2.52;0.38;;;;23.61;18.9;20.47;17.51;10.93;5.81;2.5;0.27;;23.63;23.35;25.29;15.23;9.19;2.14;0.59;0.56;;;;43.59;18.84;13.97;10.68;8.37;1.59;1.59;1.37;;42.36;21.47;14.51;13.96;6.34;1.37;;;;;;27;18.89;19.37;16.35;10.49;5.09;2.35;0.46;;26.81;23.03;23.47;15.02;8.71;2.01;0.49;0.46;;;
2023;25;Paraíba;2515302;Sapé;Estadual;Urbana;;;227.48;219.68;261.16;254.76;;;;;;;;;;;;;;;;;;;;;;25.94;24.5;24.12;12.95;6.63;5.28;0.58;0;0;34;24.92;15.65;14.92;7.72;2.32;0.47;0;0;0;23.14;18.14;20.58;18.2;11.21;5.78;2.66;0.29;0;23.55;22.87;25.31;15.4;9.37;2.28;0.63;0.59;0;0;0;43.59;18.84;13.97;10.68;8.37;1.59;1.59;1.37;0;42.36;21.47;14.51;13.96;6.34;1.37;0;0;0;0;0;26.78;18.26;19.4;16.86;10.71;5.04;2.47;0.48;0;26.9;22.62;23.39;15.14;8.83;2.11;0.52;0.49;0;0;0
2023;25;Paraíba;2515302;Sapé;Municipal;Total;169.17;177.98;237.86;236.34;;;14.17;26.28;19.73;16.47;10.78;7.97;3.41;1.18;;;6.45;21.01;24.82;22.45;11.85;6.22;4.78;2.17;0.24;;;23.81;17.51;17;17.86;12;7.91;2.89;1.02;;20.96;19.07;23.51;17.97;11.73;4.71;1.55;0.51;;;;;;;;;;;;;;;;;;;;;;;;;;;;;;;;;;;;;;;;;;;;;;;;;;;;;;;;;;;;;;
2023;25;Paraíba;2515302;Sapé;Municipal;Urbana;168.92;177.53;238.6;236.86;;;13.56;28.28;18.4;17.32;10.16;7.22;3.5;1.56;0;0;6.14;21.49;26.58;21.83;10.57;5.15;5.68;2.55;0;0;0;22.95;16.61;18.1;18.16;12.38;8.21;2.42;1.17;0;20.25;18.93;24.68;17.73;11.2;4.85;1.78;0.58;0;0;;;;;;;;;;;;;;;;;;;;;;;;;;;;;;;;;;;;;;;;;;;;;;;;;;;;;;;;;;;;
2023;25;Paraíba;2515302;Sapé;Municipal;Rural;169.91;179.35;232.88;232.82;;;16.06;20.12;23.84;13.85;12.71;10.3;3.12;0;0;0;7.41;19.54;19.38;24.37;15.81;9.53;1.98;0.99;0.99;0;0;29.62;23.58;9.62;15.85;9.43;5.85;6.04;0;0;25.66;20;15.66;19.62;15.28;3.77;0;0;0;0;;;;;;;;;;;;;;;;;;;;;;;;;;;;;;;;;;;;;;;;;;;;;;;;;;;;;;;;;;;;
2023;25;Paraíba;2515302;Sapé;Total - Estadual e Municipal;Total;169.17;177.98;233.94;230.09;259.84;253.95;14.17;26.28;19.73;16.47;10.78;7.97;3.41;1.18;;;6.45;21.01;24.82;22.45;11.85;6.22;4.78;2.17;0.24;;;25.32;19.85;19.2;15.26;10.37;7.22;1.95;0.84;;25.68;21.89;20.26;16.86;10.05;3.86;1.09;0.31;;;23.61;18.9;20.47;17.51;10.93;5.81;2.5;0.27;;23.63;23.35;25.29;15.23;9.19;2.14;0.59;0.56;;;;43.59;18.84;13.97;10.68;8.37;1.59;1.59;1.37;;42.36;21.47;14.51;13.96;6.34;1.37;;;;;;27;18.89;19.37;16.35;10.49;5.09;2.35;0.46;;26.81;23.03;23.47;15.02;8.71;2.01;0.49;0.46;;;
2023;25;Paraíba;2515302;Sapé;Total - Estadual e Municipal;Urbana;168.92;177.53;234.44;230.43;261.16;254.76;13.56;28.28;18.4;17.32;10.16;7.22;3.5;1.56;;;6.14;21.49;26.58;21.83;10.57;5.15;5.68;2.55;;;;24.07;19.56;20.35;16.21;10.23;7.12;1.73;0.73;;25.4;21.17;21.3;16.68;9.9;3.9;1.29;0.36;;;23.14;18.14;20.58;18.2;11.21;5.78;2.66;0.29;;23.55;22.87;25.31;15.4;9.37;2.28;0.63;0.59;;;;43.59;18.84;13.97;10.68;8.37;1.59;1.59;1.37;;42.36;21.47;14.51;13.96;6.34;1.37;;;;;;26.78;18.26;19.4;16.86;10.71;5.04;2.47;0.48;;26.9;22.62;23.39;15.14;8.83;2.11;0.52;0.49;;;
2023;25;Paraíba;2515302;Sapé;Total - Estadual e Municipal;Rural;169.91;179.35;231.16;228.2;;;16.06;20.12;23.84;13.85;12.71;10.3;3.12;;;;7.41;19.54;19.38;24.37;15.81;9.53;1.98;0.99;0.99;;;32.41;21.45;12.67;9.94;11.12;7.78;3.17;1.46;;27.25;25.91;14.38;17.92;10.93;3.61;;;;;;;;;;;;;;;;;;;;;;;;;;;;;;;;;;;;;;;;;;;;;;;;;;;;;;;;;;;;;;;;
2023;25;Paraíba;2515302;Sapé;Total - Federal  Estadual e Municipal;Total;169.17;177.98;233.94;230.09;259.84;253.95;14.17;26.28;19.73;16.47;10.78;7.97;3.41;1.18;;;6.45;21.01;24.82;22.45;11.85;6.22;4.78;2.17;0.24;;;25.32;19.85;19.2;15.26;10.37;7.22;1.95;0.84;;25.68;21.89;20.26;16.86;10.05;3.86;1.09;0.31;;;23.61;18.9;20.47;17.51;10.93;5.81;2.5;0.27;;23.63;23.35;25.29;15.23;9.19;2.14;0.59;0.56;;;;43.59;18.84;13.97;10.68;8.37;1.59;1.59;1.37;;42.36;21.47;14.51;13.96;6.34;1.37;;;;;;27;18.89;19.37;16.35;10.49;5.09;2.35;0.46;;26.81;23.03;23.47;15.02;8.71;2.01;0.49;0.46;;;
2023;25;Paraíba;2515302;Sapé;Total - Federal  Estadual e Municipal;Urbana;168.92;177.53;234.44;230.43;261.16;254.76;13.56;28.28;18.4;17.32;10.16;7.22;3.5;1.56;;;6.14;21.49;26.58;21.83;10.57;5.15;5.68;2.55;;;;24.07;19.56;20.35;16.21;10.23;7.12;1.73;0.73;;25.4;21.17;21.3;16.68;9.9;3.9;1.29;0.36;;;23.14;18.14;20.58;18.2;11.21;5.78;2.66;0.29;;23.55;22.87;25.31;15.4;9.37;2.28;0.63;0.59;;;;43.59;18.84;13.97;10.68;8.37;1.59;1.59;1.37;;42.36;21.47;14.51;13.96;6.34;1.37;;;;;;26.78;18.26;19.4;16.86;10.71;5.04;2.47;0.48;;26.9;22.62;23.39;15.14;8.83;2.11;0.52;0.49;;;
2023;25;Paraíba;2515302;Sapé;Total - Federal  Estadual e Municipal;Rural;169.91;179.35;231.16;228.2;;;16.06;20.12;23.84;13.85;12.71;10.3;3.12;;;;7.41;19.54;19.38;24.37;15.81;9.53;1.98;0.99;0.99;;;32.41;21.45;12.67;9.94;11.12;7.78;3.17;1.46;;27.25;25.91;14.38;17.92;10.93;3.61;;;;;;;;;;;;;;;;;;;;;;;;;;;;;;;;;;;;;;;;;;;;;;;;;;;;;;;;;;;;;;;;
2023;25;Paraíba;2515401;São Vicente do Seridó;Total - Federal  Estadual  Municipal e Privada;Total;196.06;204;242.95;247.7;262;260.65;3.56;17.15;17.62;15.58;19.29;10.34;8.7;4.8;2.98;;0.83;18.73;12.76;18.76;11.54;20.15;7.31;6.68;2.05;0.58;0.61;25.27;13.58;11.04;17.15;18.66;9.4;3.48;1.43;;17.58;13.17;18.75;21;17.43;8.48;2.86;;0.73;;26.27;16.78;16.94;15.91;13.52;6.26;4.31;;;20.86;21.17;21.19;15.74;13.66;5.32;2.07;;;;;;;;;;;;;;;;;;;;;;;;;26.27;16.78;16.94;15.91;13.52;6.26;4.31;;;20.86;21.17;21.19;15.74;13.66;5.32;2.07;;;;
2023;25;Paraíba;2515401;São Vicente do Seridó;Total - Federal  Estadual  Municipal e Privada;Urbana;201.56;210.46;242.95;247.7;262;260.65;4.63;12.62;16.47;15.97;19.72;10.22;10.25;6.25;3.87;;;15.76;13.38;15.8;11.79;21.92;9.52;8.7;1.59;0.76;0.79;25.27;13.58;11.04;17.15;18.66;9.4;3.48;1.43;;17.58;13.17;18.75;21;17.43;8.48;2.86;;0.73;;26.27;16.78;16.94;15.91;13.52;6.26;4.31;;;20.86;21.17;21.19;15.74;13.66;5.32;2.07;;;;;;;;;;;;;;;;;;;;;;;;;26.27;16.78;16.94;15.91;13.52;6.26;4.31;;;20.86;21.17;21.19;15.74;13.66;5.32;2.07;;;;
2023;25;Paraíba;2515401;São Vicente do Seridó;Total - Federal  Estadual  Municipal e Privada;Rural;177.81;182.58;;;;;;32.14;21.43;14.29;17.86;10.71;3.57;;;;3.57;28.57;10.71;28.57;10.71;14.29;;;3.57;;;;;;;;;;;;;;;;;;;;;;;;;;;;;;;;;;;;;;;;;;;;;;;;;;;;;;;;;;;;;;;;;;;;;;;;;;;;;;;;;
2023;25;Paraíba;2515401;São Vicente do Seridó;Estadual;Total;;;240.56;235.7;262;260.65;;;;;;;;;;;;;;;;;;;;;;24.96;12.63;11.32;22.66;17.78;4.21;5.14;1.31;;20.95;16.72;22.09;20.78;15.48;3.97;;;;;26.27;16.78;16.94;15.91;13.52;6.26;4.31;;;20.86;21.17;21.19;15.74;13.66;5.32;2.07;;;;;;;;;;;;;;;;;;;;;;;;;26.27;16.78;16.94;15.91;13.52;6.26;4.31;;;20.86;21.17;21.19;15.74;13.66;5.32;2.07;;;;
2023;25;Paraíba;2515401;São Vicente do Seridó;Estadual;Urbana;;;240.56;235.7;262;260.65;;;;;;;;;;;;;;;;;;;;;;24.96;12.63;11.32;22.66;17.78;4.21;5.14;1.31;0;20.95;16.72;22.09;20.78;15.48;3.97;0;0;0;0;26.27;16.78;16.94;15.91;13.52;6.26;4.31;0;0;20.86;21.17;21.19;15.74;13.66;5.32;2.07;0;0;0;0;;;;;;;;;;;;;;;;;;;;;26.27;16.78;16.94;15.91;13.52;6.26;4.31;0;0;20.86;21.17;21.19;15.74;13.66;5.32;2.07;0;0;0;0
2023;25;Paraíba;2515401;São Vicente do Seridó;Municipal;Total;196.06;204;245.72;261.56;;;3.56;17.15;17.62;15.58;19.29;10.34;8.7;4.8;2.98;;0.83;18.73;12.76;18.76;11.54;20.15;7.31;6.68;2.05;0.58;0.61;25.62;14.68;10.71;10.78;19.69;15.39;1.56;1.56;;13.69;9.06;14.89;21.25;19.69;13.69;6.17;;1.56;;;;;;;;;;;;;;;;;;;;;;;;;;;;;;;;;;;;;;;;;;;;;;;;;;;;;;;;;;;;;
2023;25;Paraíba;2515401;São Vicente do Seridó;Municipal;Urbana;201.56;210.46;245.72;261.56;;;4.63;12.62;16.47;15.97;19.72;10.22;10.25;6.25;3.87;0;0;15.76;13.38;15.8;11.79;21.92;9.52;8.7;1.59;0.76;0.79;25.62;14.68;10.71;10.78;19.69;15.39;1.56;1.56;0;13.69;9.06;14.89;21.25;19.69;13.69;6.17;0;1.56;0;;;;;;;;;;;;;;;;;;;;;;;;;;;;;;;;;;;;;;;;;;;;;;;;;;;;;;;;;;;;
2023;25;Paraíba;2515401;São Vicente do Seridó;Municipal;Rural;177.81;182.58;;;;;0;32.14;21.43;14.29;17.86;10.71;3.57;0;0;0;3.57;28.57;10.71;28.57;10.71;14.29;0;0;3.57;0;0;;;;;;;;;;;;;;;;;;;;;;;;;;;;;;;;;;;;;;;;;;;;;;;;;;;;;;;;;;;;;;;;;;;;;;;;;;;;;;;
2023;25;Paraíba;2515401;São Vicente do Seridó;Total - Estadual e Municipal;Total;196.06;204;242.95;247.7;262;260.65;3.56;17.15;17.62;15.58;19.29;10.34;8.7;4.8;2.98;;0.83;18.73;12.76;18.76;11.54;20.15;7.31;6.68;2.05;0.58;0.61;25.27;13.58;11.04;17.15;18.66;9.4;3.48;1.43;;17.58;13.17;18.75;21;17.43;8.48;2.86;;0.73;;26.27;16.78;16.94;15.91;13.52;6.26;4.31;;;20.86;21.17;21.19;15.74;13.66;5.32;2.07;;;;;;;;;;;;;;;;;;;;;;;;;26.27;16.78;16.94;15.91;13.52;6.26;4.31;;;20.86;21.17;21.19;15.74;13.66;5.32;2.07;;;;
2023;25;Paraíba;2515401;São Vicente do Seridó;Total - Estadual e Municipal;Urbana;201.56;210.46;242.95;247.7;262;260.65;4.63;12.62;16.47;15.97;19.72;10.22;10.25;6.25;3.87;;;15.76;13.38;15.8;11.79;21.92;9.52;8.7;1.59;0.76;0.79;25.27;13.58;11.04;17.15;18.66;9.4;3.48;1.43;;17.58;13.17;18.75;21;17.43;8.48;2.86;;0.73;;26.27;16.78;16.94;15.91;13.52;6.26;4.31;;;20.86;21.17;21.19;15.74;13.66;5.32;2.07;;;;;;;;;;;;;;;;;;;;;;;;;26.27;16.78;16.94;15.91;13.52;6.26;4.31;;;20.86;21.17;21.19;15.74;13.66;5.32;2.07;;;;
2023;25;Paraíba;2515401;São Vicente do Seridó;Total - Estadual e Municipal;Rural;177.81;182.58;;;;;;32.14;21.43;14.29;17.86;10.71;3.57;;;;3.57;28.57;10.71;28.57;10.71;14.29;;;3.57;;;;;;;;;;;;;;;;;;;;;;;;;;;;;;;;;;;;;;;;;;;;;;;;;;;;;;;;;;;;;;;;;;;;;;;;;;;;;;;;;
2023;25;Paraíba;2515401;São Vicente do Seridó;Total - Federal  Estadual e Municipal;Total;196.06;204;242.95;247.7;262;260.65;3.56;17.15;17.62;15.58;19.29;10.34;8.7;4.8;2.98;;0.83;18.73;12.76;18.76;11.54;20.15;7.31;6.68;2.05;0.58;0.61;25.27;13.58;11.04;17.15;18.66;9.4;3.48;1.43;;17.58;13.17;18.75;21;17.43;8.48;2.86;;0.73;;26.27;16.78;16.94;15.91;13.52;6.26;4.31;;;20.86;21.17;21.19;15.74;13.66;5.32;2.07;;;;;;;;;;;;;;;;;;;;;;;;;26.27;16.78;16.94;15.91;13.52;6.26;4.31;;;20.86;21.17;21.19;15.74;13.66;5.32;2.07;;;;
2023;25;Paraíba;2515401;São Vicente do Seridó;Total - Federal  Estadual e Municipal;Urbana;201.56;210.46;242.95;247.7;262;260.65;4.63;12.62;16.47;15.97;19.72;10.22;10.25;6.25;3.87;;;15.76;13.38;15.8;11.79;21.92;9.52;8.7;1.59;0.76;0.79;25.27;13.58;11.04;17.15;18.66;9.4;3.48;1.43;;17.58;13.17;18.75;21;17.43;8.48;2.86;;0.73;;26.27;16.78;16.94;15.91;13.52;6.26;4.31;;;20.86;21.17;21.19;15.74;13.66;5.32;2.07;;;;;;;;;;;;;;;;;;;;;;;;;26.27;16.78;16.94;15.91;13.52;6.26;4.31;;;20.86;21.17;21.19;15.74;13.66;5.32;2.07;;;;
2023;25;Paraíba;2515401;São Vicente do Seridó;Total - Federal  Estadual e Municipal;Rural;177.81;182.58;;;;;;32.14;21.43;14.29;17.86;10.71;3.57;;;;3.57;28.57;10.71;28.57;10.71;14.29;;;3.57;;;;;;;;;;;;;;;;;;;;;;;;;;;;;;;;;;;;;;;;;;;;;;;;;;;;;;;;;;;;;;;;;;;;;;;;;;;;;;;;;
2023;25;Paraíba;2515500;Serra Branca;Total - Federal  Estadual  Municipal e Privada;Total;196.63;206.77;234.32;233.48;259.89;255.55;2.7;11.69;22.49;18.23;19.35;13.02;8.09;1.69;1.74;0.99;0.87;10.55;17;17.4;18.09;18.46;10.87;3.31;3.45;;;26.45;19.02;16.67;18.94;7.74;8.26;1.77;1.15;;20.99;25.66;26.68;9.55;7.8;6.95;1.18;1.2;;;27.96;15.56;17.47;16.38;14.57;6.37;0.88;0.82;;18.13;29.24;27.13;15.35;7.25;2.02;0.88;;;;;3.85;14.51;13.46;18.36;23.78;20.28;5.77;;;;9.97;23.78;29.02;18.01;19.23;;;;;;20.55;15.24;16.24;16.98;17.4;10.64;2.38;0.57;;12.56;23.32;26.1;19.55;10.56;7.31;0.61;;;;
2023;25;Paraíba;2515500;Serra Branca;Total - Federal  Estadual  Municipal e Privada;Urbana;197.54;205.31;234.32;233.48;259.89;255.55;3.04;11.48;22.81;17.16;20.12;11.28;9.12;1.91;1.96;1.12;0.98;11.04;18.32;17.92;16.15;18.26;11.41;2.89;3.04;;;26.45;19.02;16.67;18.94;7.74;8.26;1.77;1.15;;20.99;25.66;26.68;9.55;7.8;6.95;1.18;1.2;;;27.96;15.56;17.47;16.38;14.57;6.37;0.88;0.82;;18.13;29.24;27.13;15.35;7.25;2.02;0.88;;;;;3.85;14.51;13.46;18.36;23.78;20.28;5.77;;;;9.97;23.78;29.02;18.01;19.23;;;;;;20.55;15.24;16.24;16.98;17.4;10.64;2.38;0.57;;12.56;23.32;26.1;19.55;10.56;7.31;0.61;;;;
2023;25;Paraíba;2515500;Serra Branca;Total - Federal  Estadual  Municipal e Privada;Rural;189.46;218.24;;;;;;13.33;20;26.67;13.33;26.67;;;;;;6.67;6.67;13.33;33.33;20;6.67;6.67;6.67;;;;;;;;;;;;;;;;;;;;;;;;;;;;;;;;;;;;;;;;;;;;;;;;;;;;;;;;;;;;;;;;;;;;;;;;;;;;;;;;;
2023;25;Paraíba;2515500;Serra Branca;Estadual;Total;;;225.95;229.34;259.89;255.55;;;;;;;;;;;;;;;;;;;;;;30.51;25.42;15.25;13.56;3.39;10.17;1.69;;;23.73;30.51;23.73;6.78;3.39;8.47;3.39;;;;27.96;15.56;17.47;16.38;14.57;6.37;0.88;0.82;;18.13;29.24;27.13;15.35;7.25;2.02;0.88;;;;;3.85;14.51;13.46;18.36;23.78;20.28;5.77;;;;9.97;23.78;29.02;18.01;19.23;;;;;;20.55;15.24;16.24;16.98;17.4;10.64;2.38;0.57;;12.56;23.32;26.1;19.55;10.56;7.31;0.61;;;;
2023;25;Paraíba;2515500;Serra Branca;Estadual;Urbana;;;225.95;229.34;259.89;255.55;;;;;;;;;;;;;;;;;;;;;;30.51;25.42;15.25;13.56;3.39;10.17;1.69;0;0;23.73;30.51;23.73;6.78;3.39;8.47;3.39;0;0;0;27.96;15.56;17.47;16.38;14.57;6.37;0.88;0.82;0;18.13;29.24;27.13;15.35;7.25;2.02;0.88;0;0;0;0;3.85;14.51;13.46;18.36;23.78;20.28;5.77;0;0;0;9.97;23.78;29.02;18.01;19.23;0;0;0;0;0;20.55;15.24;16.24;16.98;17.4;10.64;2.38;0.57;0;12.56;23.32;26.1;19.55;10.56;7.31;0.61;0;0;0;0
2023;25;Paraíba;2515500;Serra Branca;Municipal;Total;196.63;206.77;238.77;235.69;;;2.7;11.69;22.49;18.23;19.35;13.02;8.09;1.69;1.74;0.99;0.87;10.55;17;17.4;18.09;18.46;10.87;3.31;3.45;;;24.29;15.61;17.42;21.81;10.06;7.24;1.81;1.77;;19.53;23.08;28.24;11.02;10.14;6.14;;1.84;;;;;;;;;;;;;;;;;;;;;;;;;;;;;;;;;;;;;;;;;;;;;;;;;;;;;;;;;;;;;;
2023;25;Paraíba;2515500;Serra Branca;Municipal;Urbana;197.54;205.31;238.77;235.69;;;3.04;11.48;22.81;17.16;20.12;11.28;9.12;1.91;1.96;1.12;0.98;11.04;18.32;17.92;16.15;18.26;11.41;2.89;3.04;0;0;24.29;15.61;17.42;21.81;10.06;7.24;1.81;1.77;0;19.53;23.08;28.24;11.02;10.14;6.14;0;1.84;0;0;;;;;;;;;;;;;;;;;;;;;;;;;;;;;;;;;;;;;;;;;;;;;;;;;;;;;;;;;;;;
2023;25;Paraíba;2515500;Serra Branca;Municipal;Rural;189.46;218.24;;;;;0;13.33;20;26.67;13.33;26.67;0;0;0;0;0;6.67;6.67;13.33;33.33;20;6.67;6.67;6.67;0;0;;;;;;;;;;;;;;;;;;;;;;;;;;;;;;;;;;;;;;;;;;;;;;;;;;;;;;;;;;;;;;;;;;;;;;;;;;;;;;;
2023;25;Paraíba;2515500;Serra Branca;Total - Estadual e Municipal;Total;196.63;206.77;234.32;233.48;259.89;255.55;2.7;11.69;22.49;18.23;19.35;13.02;8.09;1.69;1.74;0.99;0.87;10.55;17;17.4;18.09;18.46;10.87;3.31;3.45;;;26.45;19.02;16.67;18.94;7.74;8.26;1.77;1.15;;20.99;25.66;26.68;9.55;7.8;6.95;1.18;1.2;;;27.96;15.56;17.47;16.38;14.57;6.37;0.88;0.82;;18.13;29.24;27.13;15.35;7.25;2.02;0.88;;;;;3.85;14.51;13.46;18.36;23.78;20.28;5.77;;;;9.97;23.78;29.02;18.01;19.23;;;;;;20.55;15.24;16.24;16.98;17.4;10.64;2.38;0.57;;12.56;23.32;26.1;19.55;10.56;7.31;0.61;;;;
2023;25;Paraíba;2515500;Serra Branca;Total - Estadual e Municipal;Urbana;197.54;205.31;234.32;233.48;259.89;255.55;3.04;11.48;22.81;17.16;20.12;11.28;9.12;1.91;1.96;1.12;0.98;11.04;18.32;17.92;16.15;18.26;11.41;2.89;3.04;;;26.45;19.02;16.67;18.94;7.74;8.26;1.77;1.15;;20.99;25.66;26.68;9.55;7.8;6.95;1.18;1.2;;;27.96;15.56;17.47;16.38;14.57;6.37;0.88;0.82;;18.13;29.24;27.13;15.35;7.25;2.02;0.88;;;;;3.85;14.51;13.46;18.36;23.78;20.28;5.77;;;;9.97;23.78;29.02;18.01;19.23;;;;;;20.55;15.24;16.24;16.98;17.4;10.64;2.38;0.57;;12.56;23.32;26.1;19.55;10.56;7.31;0.61;;;;
2023;25;Paraíba;2515500;Serra Branca;Total - Estadual e Municipal;Rural;189.46;218.24;;;;;;13.33;20;26.67;13.33;26.67;;;;;;6.67;6.67;13.33;33.33;20;6.67;6.67;6.67;;;;;;;;;;;;;;;;;;;;;;;;;;;;;;;;;;;;;;;;;;;;;;;;;;;;;;;;;;;;;;;;;;;;;;;;;;;;;;;;;
2023;25;Paraíba;2515500;Serra Branca;Total - Federal  Estadual e Municipal;Total;196.63;206.77;234.32;233.48;259.89;255.55;2.7;11.69;22.49;18.23;19.35;13.02;8.09;1.69;1.74;0.99;0.87;10.55;17;17.4;18.09;18.46;10.87;3.31;3.45;;;26.45;19.02;16.67;18.94;7.74;8.26;1.77;1.15;;20.99;25.66;26.68;9.55;7.8;6.95;1.18;1.2;;;27.96;15.56;17.47;16.38;14.57;6.37;0.88;0.82;;18.13;29.24;27.13;15.35;7.25;2.02;0.88;;;;;3.85;14.51;13.46;18.36;23.78;20.28;5.77;;;;9.97;23.78;29.02;18.01;19.23;;;;;;20.55;15.24;16.24;16.98;17.4;10.64;2.38;0.57;;12.56;23.32;26.1;19.55;10.56;7.31;0.61;;;;
2023;25;Paraíba;2515500;Serra Branca;Total - Federal  Estadual e Municipal;Urbana;197.54;205.31;234.32;233.48;259.89;255.55;3.04;11.48;22.81;17.16;20.12;11.28;9.12;1.91;1.96;1.12;0.98;11.04;18.32;17.92;16.15;18.26;11.41;2.89;3.04;;;26.45;19.02;16.67;18.94;7.74;8.26;1.77;1.15;;20.99;25.66;26.68;9.55;7.8;6.95;1.18;1.2;;;27.96;15.56;17.47;16.38;14.57;6.37;0.88;0.82;;18.13;29.24;27.13;15.35;7.25;2.02;0.88;;;;;3.85;14.51;13.46;18.36;23.78;20.28;5.77;;;;9.97;23.78;29.02;18.01;19.23;;;;;;20.55;15.24;16.24;16.98;17.4;10.64;2.38;0.57;;12.56;23.32;26.1;19.55;10.56;7.31;0.61;;;;
2023;25;Paraíba;2515500;Serra Branca;Total - Federal  Estadual e Municipal;Rural;189.46;218.24;;;;;;13.33;20;26.67;13.33;26.67;;;;;;6.67;6.67;13.33;33.33;20;6.67;6.67;6.67;;;;;;;;;;;;;;;;;;;;;;;;;;;;;;;;;;;;;;;;;;;;;;;;;;;;;;;;;;;;;;;;;;;;;;;;;;;;;;;;;
2023;25;Paraíba;2515609;Serra da Raiz;Total - Federal  Estadual  Municipal e Privada;Total;163.88;172.81;244.05;239.51;253.98;238.29;19.6;27.27;25.03;8.38;5.67;8.38;2.83;2.83;;;5.55;22.31;30.22;19.24;14.17;8.5;;;;;;25.61;10.28;20.56;15.42;10.37;12.63;2.53;2.61;;25.61;18.03;15.51;10.28;12.72;12.8;5.05;;;;35.21;12.71;13.13;19.79;6.25;9.58;3.33;;;41.67;29.38;12.71;6.67;3.13;3.13;;3.33;;;;;;;;;;;;;;;;;;;;;;;;35.21;12.71;13.13;19.79;6.25;9.58;3.33;;;41.67;29.38;12.71;6.67;3.13;3.13;;3.33;;;
2023;25;Paraíba;2515609;Serra da Raiz;Total - Federal  Estadual  Municipal e Privada;Urbana;163.88;172.81;244.05;239.51;253.98;238.29;19.6;27.27;25.03;8.38;5.67;8.38;2.83;2.83;;;5.55;22.31;30.22;19.24;14.17;8.5;;;;;;25.61;10.28;20.56;15.42;10.37;12.63;2.53;2.61;;25.61;18.03;15.51;10.28;12.72;12.8;5.05;;;;35.21;12.71;13.13;19.79;6.25;9.58;3.33;;;41.67;29.38;12.71;6.67;3.13;3.13;;3.33;;;;;;;;;;;;;;;;;;;;;;;;35.21;12.71;13.13;19.79;6.25;9.58;3.33;;;41.67;29.38;12.71;6.67;3.13;3.13;;3.33;;;
2023;25;Paraíba;2515609;Serra da Raiz;Estadual;Total;;;241.72;230.6;253.98;238.29;;;;;;;;;;;;;;;;;;;;;;23.53;11.76;23.53;17.65;17.65;;;5.88;;23.53;23.53;23.53;11.76;5.88;11.76;;;;;35.21;12.71;13.13;19.79;6.25;9.58;3.33;;;41.67;29.38;12.71;6.67;3.13;3.13;;3.33;;;;;;;;;;;;;;;;;;;;;;;;35.21;12.71;13.13;19.79;6.25;9.58;3.33;;;41.67;29.38;12.71;6.67;3.13;3.13;;3.33;;;
2023;25;Paraíba;2515609;Serra da Raiz;Estadual;Urbana;;;241.72;230.6;253.98;238.29;;;;;;;;;;;;;;;;;;;;;;23.53;11.76;23.53;17.65;17.65;0;0;5.88;0;23.53;23.53;23.53;11.76;5.88;11.76;0;0;0;0;35.21;12.71;13.13;19.79;6.25;9.58;3.33;0;0;41.67;29.38;12.71;6.67;3.13;3.13;0;3.33;0;0;0;;;;;;;;;;;;;;;;;;;;;35.21;12.71;13.13;19.79;6.25;9.58;3.33;0;0;41.67;29.38;12.71;6.67;3.13;3.13;0;3.33;0;0;0
2023;25;Paraíba;2515609;Serra da Raiz;Municipal;Total;163.88;172.81;245.91;246.64;;;19.6;27.27;25.03;8.38;5.67;8.38;2.83;2.83;;;5.55;22.31;30.22;19.24;14.17;8.5;;;;;;27.27;9.09;18.18;13.64;4.55;22.73;4.55;;;27.27;13.64;9.09;9.09;18.18;13.64;9.09;;;;;;;;;;;;;;;;;;;;;;;;;;;;;;;;;;;;;;;;;;;;;;;;;;;;;;;;;;;;;;;
2023;25;Paraíba;2515609;Serra da Raiz;Municipal;Urbana;163.88;172.81;245.91;246.64;;;19.6;27.27;25.03;8.38;5.67;8.38;2.83;2.83;0;0;5.55;22.31;30.22;19.24;14.17;8.5;0;0;0;0;0;27.27;9.09;18.18;13.64;4.55;22.73;4.55;0;0;27.27;13.64;9.09;9.09;18.18;13.64;9.09;0;0;0;;;;;;;;;;;;;;;;;;;;;;;;;;;;;;;;;;;;;;;;;;;;;;;;;;;;;;;;;;;;
2023;25;Paraíba;2515609;Serra da Raiz;Total - Estadual e Municipal;Total;163.88;172.81;244.05;239.51;253.98;238.29;19.6;27.27;25.03;8.38;5.67;8.38;2.83;2.83;;;5.55;22.31;30.22;19.24;14.17;8.5;;;;;;25.61;10.28;20.56;15.42;10.37;12.63;2.53;2.61;;25.61;18.03;15.51;10.28;12.72;12.8;5.05;;;;35.21;12.71;13.13;19.79;6.25;9.58;3.33;;;41.67;29.38;12.71;6.67;3.13;3.13;;3.33;;;;;;;;;;;;;;;;;;;;;;;;35.21;12.71;13.13;19.79;6.25;9.58;3.33;;;41.67;29.38;12.71;6.67;3.13;3.13;;3.33;;;
2023;25;Paraíba;2515609;Serra da Raiz;Total - Estadual e Municipal;Urbana;163.88;172.81;244.05;239.51;253.98;238.29;19.6;27.27;25.03;8.38;5.67;8.38;2.83;2.83;;;5.55;22.31;30.22;19.24;14.17;8.5;;;;;;25.61;10.28;20.56;15.42;10.37;12.63;2.53;2.61;;25.61;18.03;15.51;10.28;12.72;12.8;5.05;;;;35.21;12.71;13.13;19.79;6.25;9.58;3.33;;;41.67;29.38;12.71;6.67;3.13;3.13;;3.33;;;;;;;;;;;;;;;;;;;;;;;;35.21;12.71;13.13;19.79;6.25;9.58;3.33;;;41.67;29.38;12.71;6.67;3.13;3.13;;3.33;;;
2023;25;Paraíba;2515609;Serra da Raiz;Total - Federal  Estadual e Municipal;Total;163.88;172.81;244.05;239.51;253.98;238.29;19.6;27.27;25.03;8.38;5.67;8.38;2.83;2.83;;;5.55;22.31;30.22;19.24;14.17;8.5;;;;;;25.61;10.28;20.56;15.42;10.37;12.63;2.53;2.61;;25.61;18.03;15.51;10.28;12.72;12.8;5.05;;;;35.21;12.71;13.13;19.79;6.25;9.58;3.33;;;41.67;29.38;12.71;6.67;3.13;3.13;;3.33;;;;;;;;;;;;;;;;;;;;;;;;35.21;12.71;13.13;19.79;6.25;9.58;3.33;;;41.67;29.38;12.71;6.67;3.13;3.13;;3.33;;;
2023;25;Paraíba;2515609;Serra da Raiz;Total - Federal  Estadual e Municipal;Urbana;163.88;172.81;244.05;239.51;253.98;238.29;19.6;27.27;25.03;8.38;5.67;8.38;2.83;2.83;;;5.55;22.31;30.22;19.24;14.17;8.5;;;;;;25.61;10.28;20.56;15.42;10.37;12.63;2.53;2.61;;25.61;18.03;15.51;10.28;12.72;12.8;5.05;;;;35.21;12.71;13.13;19.79;6.25;9.58;3.33;;;41.67;29.38;12.71;6.67;3.13;3.13;;3.33;;;;;;;;;;;;;;;;;;;;;;;;35.21;12.71;13.13;19.79;6.25;9.58;3.33;;;41.67;29.38;12.71;6.67;3.13;3.13;;3.33;;;
2023;25;Paraíba;2515708;Serra Grande;Total - Federal  Estadual  Municipal e Privada;Total;242.31;257.71;277.32;276.81;257.67;253.96;;;5.04;7.7;27.31;18.07;19.33;15.41;4.76;2.38;;;7.7;12.18;7.7;17.79;12.75;22.55;9.52;4.76;5.04;10.58;10.66;8.49;12.82;16.99;19.07;14.98;6.41;;12.74;6.41;10.5;14.82;21.39;17.15;6.25;8.57;2.16;;19.73;22.31;24.48;8.99;15.6;6.71;2.17;;;35.12;17.77;13.43;17.77;9.09;2.27;2.27;;2.27;;;;;;;;;;;;;;;;;;;;;;;19.73;22.31;24.48;8.99;15.6;6.71;2.17;;;35.12;17.77;13.43;17.77;9.09;2.27;2.27;;2.27;;
2023;25;Paraíba;2515708;Serra Grande;Total - Federal  Estadual  Municipal e Privada;Urbana;242.31;257.71;277.32;276.81;257.67;253.96;;;5.04;7.7;27.31;18.07;19.33;15.41;4.76;2.38;;;7.7;12.18;7.7;17.79;12.75;22.55;9.52;4.76;5.04;10.58;10.66;8.49;12.82;16.99;19.07;14.98;6.41;;12.74;6.41;10.5;14.82;21.39;17.15;6.25;8.57;2.16;;19.73;22.31;24.48;8.99;15.6;6.71;2.17;;;35.12;17.77;13.43;17.77;9.09;2.27;2.27;;2.27;;;;;;;;;;;;;;;;;;;;;;;19.73;22.31;24.48;8.99;15.6;6.71;2.17;;;35.12;17.77;13.43;17.77;9.09;2.27;2.27;;2.27;;
2023;25;Paraíba;2515708;Serra Grande;Estadual;Total;;;;;257.67;253.96;;;;;;;;;;;;;;;;;;;;;;;;;;;;;;;;;;;;;;;;;19.73;22.31;24.48;8.99;15.6;6.71;2.17;;;35.12;17.77;13.43;17.77;9.09;2.27;2.27;;2.27;;;;;;;;;;;;;;;;;;;;;;;19.73;22.31;24.48;8.99;15.6;6.71;2.17;;;35.12;17.77;13.43;17.77;9.09;2.27;2.27;;2.27;;
2023;25;Paraíba;2515708;Serra Grande;Estadual;Urbana;;;;;257.67;253.96;;;;;;;;;;;;;;;;;;;;;;;;;;;;;;;;;;;;;;;;;19.73;22.31;24.48;8.99;15.6;6.71;2.17;0;0;35.12;17.77;13.43;17.77;9.09;2.27;2.27;0;2.27;0;0;;;;;;;;;;;;;;;;;;;;;19.73;22.31;24.48;8.99;15.6;6.71;2.17;0;0;35.12;17.77;13.43;17.77;9.09;2.27;2.27;0;2.27;0;0
2023;25;Paraíba;2515708;Serra Grande;Municipal;Total;242.31;257.71;277.32;276.81;;;;;5.04;7.7;27.31;18.07;19.33;15.41;4.76;2.38;;;7.7;12.18;7.7;17.79;12.75;22.55;9.52;4.76;5.04;10.58;10.66;8.49;12.82;16.99;19.07;14.98;6.41;;12.74;6.41;10.5;14.82;21.39;17.15;6.25;8.57;2.16;;;;;;;;;;;;;;;;;;;;;;;;;;;;;;;;;;;;;;;;;;;;;;;;;;;;;;;;;;;;;
2023;25;Paraíba;2515708;Serra Grande;Municipal;Urbana;242.31;257.71;277.32;276.81;;;0;0;5.04;7.7;27.31;18.07;19.33;15.41;4.76;2.38;0;0;7.7;12.18;7.7;17.79;12.75;22.55;9.52;4.76;5.04;10.58;10.66;8.49;12.82;16.99;19.07;14.98;6.41;0;12.74;6.41;10.5;14.82;21.39;17.15;6.25;8.57;2.16;0;;;;;;;;;;;;;;;;;;;;;;;;;;;;;;;;;;;;;;;;;;;;;;;;;;;;;;;;;;;;
2023;25;Paraíba;2515708;Serra Grande;Total - Estadual e Municipal;Total;242.31;257.71;277.32;276.81;257.67;253.96;;;5.04;7.7;27.31;18.07;19.33;15.41;4.76;2.38;;;7.7;12.18;7.7;17.79;12.75;22.55;9.52;4.76;5.04;10.58;10.66;8.49;12.82;16.99;19.07;14.98;6.41;;12.74;6.41;10.5;14.82;21.39;17.15;6.25;8.57;2.16;;19.73;22.31;24.48;8.99;15.6;6.71;2.17;;;35.12;17.77;13.43;17.77;9.09;2.27;2.27;;2.27;;;;;;;;;;;;;;;;;;;;;;;19.73;22.31;24.48;8.99;15.6;6.71;2.17;;;35.12;17.77;13.43;17.77;9.09;2.27;2.27;;2.27;;
2023;25;Paraíba;2515708;Serra Grande;Total - Estadual e Municipal;Urbana;242.31;257.71;277.32;276.81;257.67;253.96;;;5.04;7.7;27.31;18.07;19.33;15.41;4.76;2.38;;;7.7;12.18;7.7;17.79;12.75;22.55;9.52;4.76;5.04;10.58;10.66;8.49;12.82;16.99;19.07;14.98;6.41;;12.74;6.41;10.5;14.82;21.39;17.15;6.25;8.57;2.16;;19.73;22.31;24.48;8.99;15.6;6.71;2.17;;;35.12;17.77;13.43;17.77;9.09;2.27;2.27;;2.27;;;;;;;;;;;;;;;;;;;;;;;19.73;22.31;24.48;8.99;15.6;6.71;2.17;;;35.12;17.77;13.43;17.77;9.09;2.27;2.27;;2.27;;
2023;25;Paraíba;2515708;Serra Grande;Total - Federal  Estadual e Municipal;Total;242.31;257.71;277.32;276.81;257.67;253.96;;;5.04;7.7;27.31;18.07;19.33;15.41;4.76;2.38;;;7.7;12.18;7.7;17.79;12.75;22.55;9.52;4.76;5.04;10.58;10.66;8.49;12.82;16.99;19.07;14.98;6.41;;12.74;6.41;10.5;14.82;21.39;17.15;6.25;8.57;2.16;;19.73;22.31;24.48;8.99;15.6;6.71;2.17;;;35.12;17.77;13.43;17.77;9.09;2.27;2.27;;2.27;;;;;;;;;;;;;;;;;;;;;;;19.73;22.31;24.48;8.99;15.6;6.71;2.17;;;35.12;17.77;13.43;17.77;9.09;2.27;2.27;;2.27;;
2023;25;Paraíba;2515708;Serra Grande;Total - Federal  Estadual e Municipal;Urbana;242.31;257.71;277.32;276.81;257.67;253.96;;;5.04;7.7;27.31;18.07;19.33;15.41;4.76;2.38;;;7.7;12.18;7.7;17.79;12.75;22.55;9.52;4.76;5.04;10.58;10.66;8.49;12.82;16.99;19.07;14.98;6.41;;12.74;6.41;10.5;14.82;21.39;17.15;6.25;8.57;2.16;;19.73;22.31;24.48;8.99;15.6;6.71;2.17;;;35.12;17.77;13.43;17.77;9.09;2.27;2.27;;2.27;;;;;;;;;;;;;;;;;;;;;;;19.73;22.31;24.48;8.99;15.6;6.71;2.17;;;35.12;17.77;13.43;17.77;9.09;2.27;2.27;;2.27;;
2023;25;Paraíba;2515807;Serra Redonda;Total - Federal  Estadual  Municipal e Privada;Total;178.35;184.48;231.7;223.17;;;15.79;24.77;9.89;20.2;9.06;9.18;7.16;1.97;1.97;;1.97;19.44;22.84;20.48;16.63;13.08;5.54;;;;;25.43;16.43;16.19;25.78;10.86;5.31;;;;27.99;23.23;20.66;15.48;10.52;1.2;0.93;;;;;;;;;;;;;;;;;;;;;;;;;;;;;;;;;;;;;;;;;;;;;;;;;;;;;;;;;;;;;;;
2023;25;Paraíba;2515807;Serra Redonda;Total - Federal  Estadual  Municipal e Privada;Urbana;182.73;189.06;231.16;222.37;;;13.83;24.72;4.02;24.5;10.98;11.13;6.03;2.39;2.39;;2.39;15.6;19.72;22.18;20.17;13.21;6.72;;;;;26.25;16.23;15.97;24.58;12.09;4.88;;;;30.13;20.71;19.91;17.23;10.69;1.34;;;;;;;;;;;;;;;;;;;;;;;;;;;;;;;;;;;;;;;;;;;;;;;;;;;;;;;;;;;;;;;;
2023;25;Paraíba;2515807;Serra Redonda;Total - Federal  Estadual  Municipal e Privada;Rural;157.74;162.91;236.47;230.25;;;25;25;37.5;;;;12.5;;;;;37.5;37.5;12.5;;12.5;;;;;;18.18;18.18;18.18;36.36;;9.09;;;;9.09;45.45;27.27;;9.09;;9.09;;;;;;;;;;;;;;;;;;;;;;;;;;;;;;;;;;;;;;;;;;;;;;;;;;;;;;;;;;;;;;;
2023;25;Paraíba;2515807;Serra Redonda;Municipal;Total;178.35;184.48;228.14;214.83;;;15.79;24.77;9.89;20.2;9.06;9.18;7.16;1.97;1.97;;1.97;19.44;22.84;20.48;16.63;13.08;5.54;;;;;26.4;18.42;21.08;23.55;2.66;7.88;;;;37.13;23.46;13.01;18.61;5.22;;2.56;;;;;;;;;;;;;;;;;;;;;;;;;;;;;;;;;;;;;;;;;;;;;;;;;;;;;;;;;;;;;;;
2023;25;Paraíba;2515807;Serra Redonda;Municipal;Urbana;182.73;189.06;224.87;208.78;;;13.83;24.72;4.02;24.5;10.98;11.13;6.03;2.39;2.39;0;2.39;15.6;19.72;22.18;20.17;13.21;6.72;0;0;0;0;29.63;18.52;22.22;18.52;3.7;7.41;0;0;0;48.15;14.81;7.41;25.93;3.7;0;0;0;0;0;;;;;;;;;;;;;;;;;;;;;;;;;;;;;;;;;;;;;;;;;;;;;;;;;;;;;;;;;;;;
2023;25;Paraíba;2515807;Serra Redonda;Municipal;Rural;157.74;162.91;236.47;230.25;;;25;25;37.5;0;0;0;12.5;0;0;0;0;37.5;37.5;12.5;0;12.5;0;0;0;0;0;18.18;18.18;18.18;36.36;0;9.09;0;0;0;9.09;45.45;27.27;0;9.09;0;9.09;0;0;0;;;;;;;;;;;;;;;;;;;;;;;;;;;;;;;;;;;;;;;;;;;;;;;;;;;;;;;;;;;;
2023;25;Paraíba;2515807;Serra Redonda;Total - Estadual e Municipal;Total;178.35;184.48;231.7;223.17;;;15.79;24.77;9.89;20.2;9.06;9.18;7.16;1.97;1.97;;1.97;19.44;22.84;20.48;16.63;13.08;5.54;;;;;25.43;16.43;16.19;25.78;10.86;5.31;;;;27.99;23.23;20.66;15.48;10.52;1.2;0.93;;;;;;;;;;;;;;;;;;;;;;;;;;;;;;;;;;;;;;;;;;;;;;;;;;;;;;;;;;;;;;;
2023;25;Paraíba;2515807;Serra Redonda;Total - Estadual e Municipal;Urbana;182.73;189.06;231.16;222.37;;;13.83;24.72;4.02;24.5;10.98;11.13;6.03;2.39;2.39;;2.39;15.6;19.72;22.18;20.17;13.21;6.72;;;;;26.25;16.23;15.97;24.58;12.09;4.88;;;;30.13;20.71;19.91;17.23;10.69;1.34;;;;;;;;;;;;;;;;;;;;;;;;;;;;;;;;;;;;;;;;;;;;;;;;;;;;;;;;;;;;;;;;
2023;25;Paraíba;2515807;Serra Redonda;Total - Estadual e Municipal;Rural;157.74;162.91;236.47;230.25;;;25;25;37.5;;;;12.5;;;;;37.5;37.5;12.5;;12.5;;;;;;18.18;18.18;18.18;36.36;;9.09;;;;9.09;45.45;27.27;;9.09;;9.09;;;;;;;;;;;;;;;;;;;;;;;;;;;;;;;;;;;;;;;;;;;;;;;;;;;;;;;;;;;;;;;
2023;25;Paraíba;2515807;Serra Redonda;Total - Federal  Estadual e Municipal;Total;178.35;184.48;231.7;223.17;;;15.79;24.77;9.89;20.2;9.06;9.18;7.16;1.97;1.97;;1.97;19.44;22.84;20.48;16.63;13.08;5.54;;;;;25.43;16.43;16.19;25.78;10.86;5.31;;;;27.99;23.23;20.66;15.48;10.52;1.2;0.93;;;;;;;;;;;;;;;;;;;;;;;;;;;;;;;;;;;;;;;;;;;;;;;;;;;;;;;;;;;;;;;
2023;25;Paraíba;2515807;Serra Redonda;Total - Federal  Estadual e Municipal;Urbana;182.73;189.06;231.16;222.37;;;13.83;24.72;4.02;24.5;10.98;11.13;6.03;2.39;2.39;;2.39;15.6;19.72;22.18;20.17;13.21;6.72;;;;;26.25;16.23;15.97;24.58;12.09;4.88;;;;30.13;20.71;19.91;17.23;10.69;1.34;;;;;;;;;;;;;;;;;;;;;;;;;;;;;;;;;;;;;;;;;;;;;;;;;;;;;;;;;;;;;;;;
2023;25;Paraíba;2515807;Serra Redonda;Total - Federal  Estadual e Municipal;Rural;157.74;162.91;236.47;230.25;;;25;25;37.5;;;;12.5;;;;;37.5;37.5;12.5;;12.5;;;;;;18.18;18.18;18.18;36.36;;9.09;;;;9.09;45.45;27.27;;9.09;;9.09;;;;;;;;;;;;;;;;;;;;;;;;;;;;;;;;;;;;;;;;;;;;;;;;;;;;;;;;;;;;;;;
2023;25;Paraíba;2515906;Serraria;Total - Federal  Estadual  Municipal e Privada;Total;159.04;167;226.35;225.72;283.65;264.06;16.82;38.21;19.01;8.21;7.85;7.85;2.05;;;;8.69;27.62;30.32;17.82;9.76;1.69;2.05;;2.05;;;35.66;17.29;21.31;7.25;8.89;5.9;3.7;;;24.8;20.64;21.3;21.15;8.57;2.36;1.18;;;;14.29;14.29;19.05;9.52;23.81;14.29;4.76;;;23.81;19.05;9.52;33.33;4.76;4.76;4.76;;;;;;;;;;;;;;;;;;;;;;;;;14.29;14.29;19.05;9.52;23.81;14.29;4.76;;;23.81;19.05;9.52;33.33;4.76;4.76;4.76;;;;
2023;25;Paraíba;2515906;Serraria;Total - Federal  Estadual  Municipal e Privada;Urbana;163.87;173.41;232.74;230.52;283.65;264.06;16.88;30.6;20.04;11.81;8.86;8.86;2.95;;;;2.74;25.11;31.43;23.2;11.6;;2.95;;2.95;;;29.8;17.41;22.18;8.62;10.57;7.01;4.41;;;23.19;18.24;22.18;23.58;8.61;2.81;1.4;;;;14.29;14.29;19.05;9.52;23.81;14.29;4.76;;;23.81;19.05;9.52;33.33;4.76;4.76;4.76;;;;;;;;;;;;;;;;;;;;;;;;;14.29;14.29;19.05;9.52;23.81;14.29;4.76;;;23.81;19.05;9.52;33.33;4.76;4.76;4.76;;;;
2023;25;Paraíba;2515906;Serraria;Total - Federal  Estadual  Municipal e Privada;Rural;148.06;152.39;192.6;200.34;;;16.67;55.56;16.67;;5.56;5.56;;;;;22.22;33.33;27.78;5.56;5.56;5.56;;;;;;66.67;16.67;16.67;;;;;;;33.33;33.33;16.67;8.33;8.33;;;;;;;;;;;;;;;;;;;;;;;;;;;;;;;;;;;;;;;;;;;;;;;;;;;;;;;;;;;;;;;;;
2023;25;Paraíba;2515906;Serraria;Estadual;Total;;;226.99;228.59;283.65;264.06;;;;;;;;;;;;;;;;;;;;;;36.47;17.32;17.33;9.63;5.78;9.61;3.86;;;23.06;25;17.32;19.24;9.62;3.85;1.92;;;;14.29;14.29;19.05;9.52;23.81;14.29;4.76;;;23.81;19.05;9.52;33.33;4.76;4.76;4.76;;;;;;;;;;;;;;;;;;;;;;;;;14.29;14.29;19.05;9.52;23.81;14.29;4.76;;;23.81;19.05;9.52;33.33;4.76;4.76;4.76;;;;
2023;25;Paraíba;2515906;Serraria;Estadual;Urbana;;;226.99;228.59;283.65;264.06;;;;;;;;;;;;;;;;;;;;;;36.47;17.32;17.33;9.63;5.78;9.61;3.86;0;0;23.06;25;17.32;19.24;9.62;3.85;1.92;0;0;0;14.29;14.29;19.05;9.52;23.81;14.29;4.76;0;0;23.81;19.05;9.52;33.33;4.76;4.76;4.76;0;0;0;0;;;;;;;;;;;;;;;;;;;;;14.29;14.29;19.05;9.52;23.81;14.29;4.76;0;0;23.81;19.05;9.52;33.33;4.76;4.76;4.76;0;0;0;0
2023;25;Paraíba;2515906;Serraria;Municipal;Total;159.04;167;225.33;221.17;;;16.82;38.21;19.01;8.21;7.85;7.85;2.05;;;;8.69;27.62;30.32;17.82;9.76;1.69;2.05;;2.05;;;34.37;17.24;27.62;3.46;13.84;;3.46;;;27.57;13.73;27.62;24.19;6.89;;;;;;;;;;;;;;;;;;;;;;;;;;;;;;;;;;;;;;;;;;;;;;;;;;;;;;;;;;;;;;;;;
2023;25;Paraíba;2515906;Serraria;Municipal;Urbana;163.87;173.41;248.25;235.74;;;16.88;30.6;20.04;11.81;8.86;8.86;2.95;0;0;0;2.74;25.11;31.43;23.2;11.6;0;2.95;0;2.95;0;0;11.76;17.65;35.29;5.88;23.53;0;5.88;0;0;23.53;0;35.29;35.29;5.88;0;0;0;0;0;;;;;;;;;;;;;;;;;;;;;;;;;;;;;;;;;;;;;;;;;;;;;;;;;;;;;;;;;;;;
2023;25;Paraíba;2515906;Serraria;Municipal;Rural;148.06;152.39;192.6;200.34;;;16.67;55.56;16.67;0;5.56;5.56;0;0;0;0;22.22;33.33;27.78;5.56;5.56;5.56;0;0;0;0;0;66.67;16.67;16.67;0;0;0;0;0;0;33.33;33.33;16.67;8.33;8.33;0;0;0;0;0;;;;;;;;;;;;;;;;;;;;;;;;;;;;;;;;;;;;;;;;;;;;;;;;;;;;;;;;;;;;
2023;25;Paraíba;2515906;Serraria;Total - Estadual e Municipal;Total;159.04;167;226.35;225.72;283.65;264.06;16.82;38.21;19.01;8.21;7.85;7.85;2.05;;;;8.69;27.62;30.32;17.82;9.76;1.69;2.05;;2.05;;;35.66;17.29;21.31;7.25;8.89;5.9;3.7;;;24.8;20.64;21.3;21.15;8.57;2.36;1.18;;;;14.29;14.29;19.05;9.52;23.81;14.29;4.76;;;23.81;19.05;9.52;33.33;4.76;4.76;4.76;;;;;;;;;;;;;;;;;;;;;;;;;14.29;14.29;19.05;9.52;23.81;14.29;4.76;;;23.81;19.05;9.52;33.33;4.76;4.76;4.76;;;;
2023;25;Paraíba;2515906;Serraria;Total - Estadual e Municipal;Urbana;163.87;173.41;232.74;230.52;283.65;264.06;16.88;30.6;20.04;11.81;8.86;8.86;2.95;;;;2.74;25.11;31.43;23.2;11.6;;2.95;;2.95;;;29.8;17.41;22.18;8.62;10.57;7.01;4.41;;;23.19;18.24;22.18;23.58;8.61;2.81;1.4;;;;14.29;14.29;19.05;9.52;23.81;14.29;4.76;;;23.81;19.05;9.52;33.33;4.76;4.76;4.76;;;;;;;;;;;;;;;;;;;;;;;;;14.29;14.29;19.05;9.52;23.81;14.29;4.76;;;23.81;19.05;9.52;33.33;4.76;4.76;4.76;;;;
2023;25;Paraíba;2515906;Serraria;Total - Estadual e Municipal;Rural;148.06;152.39;192.6;200.34;;;16.67;55.56;16.67;;5.56;5.56;;;;;22.22;33.33;27.78;5.56;5.56;5.56;;;;;;66.67;16.67;16.67;;;;;;;33.33;33.33;16.67;8.33;8.33;;;;;;;;;;;;;;;;;;;;;;;;;;;;;;;;;;;;;;;;;;;;;;;;;;;;;;;;;;;;;;;;;
2023;25;Paraíba;2515906;Serraria;Total - Federal  Estadual e Municipal;Total;159.04;167;226.35;225.72;283.65;264.06;16.82;38.21;19.01;8.21;7.85;7.85;2.05;;;;8.69;27.62;30.32;17.82;9.76;1.69;2.05;;2.05;;;35.66;17.29;21.31;7.25;8.89;5.9;3.7;;;24.8;20.64;21.3;21.15;8.57;2.36;1.18;;;;14.29;14.29;19.05;9.52;23.81;14.29;4.76;;;23.81;19.05;9.52;33.33;4.76;4.76;4.76;;;;;;;;;;;;;;;;;;;;;;;;;14.29;14.29;19.05;9.52;23.81;14.29;4.76;;;23.81;19.05;9.52;33.33;4.76;4.76;4.76;;;;
2023;25;Paraíba;2515906;Serraria;Total - Federal  Estadual e Municipal;Urbana;163.87;173.41;232.74;230.52;283.65;264.06;16.88;30.6;20.04;11.81;8.86;8.86;2.95;;;;2.74;25.11;31.43;23.2;11.6;;2.95;;2.95;;;29.8;17.41;22.18;8.62;10.57;7.01;4.41;;;23.19;18.24;22.18;23.58;8.61;2.81;1.4;;;;14.29;14.29;19.05;9.52;23.81;14.29;4.76;;;23.81;19.05;9.52;33.33;4.76;4.76;4.76;;;;;;;;;;;;;;;;;;;;;;;;;14.29;14.29;19.05;9.52;23.81;14.29;4.76;;;23.81;19.05;9.52;33.33;4.76;4.76;4.76;;;;
2023;25;Paraíba;2515906;Serraria;Total - Federal  Estadual e Municipal;Rural;148.06;152.39;192.6;200.34;;;16.67;55.56;16.67;;5.56;5.56;;;;;22.22;33.33;27.78;5.56;5.56;5.56;;;;;;66.67;16.67;16.67;;;;;;;33.33;33.33;16.67;8.33;8.33;;;;;;;;;;;;;;;;;;;;;;;;;;;;;;;;;;;;;;;;;;;;;;;;;;;;;;;;;;;;;;;;;
2023;25;Paraíba;2515930;Sertãozinho;Total - Federal  Estadual  Municipal e Privada;Total;178.41;191.06;231.71;227.05;277.29;258.76;8.84;25.28;26.71;11.37;6.43;8.84;7.47;3.77;1.3;;10.07;13.91;19.17;18.84;15.33;5.07;11.37;2.47;2.53;1.23;;30.73;17.79;13.27;17.19;10.37;7.04;1.17;2.45;;25.93;24.15;18.42;13.79;12.76;4.95;;;;;16.96;15.3;9.45;18.71;18.62;17.25;3.7;;;26.61;13.35;20.66;22.42;11.31;5.65;;;;;;;;;;;;;;;;;;;;;;;;;;16.96;15.3;9.45;18.71;18.62;17.25;3.7;;;26.61;13.35;20.66;22.42;11.31;5.65;;;;;
2023;25;Paraíba;2515930;Sertãozinho;Total - Federal  Estadual  Municipal e Privada;Urbana;178.41;191.06;231.71;227.05;277.29;258.76;8.84;25.28;26.71;11.37;6.43;8.84;7.47;3.77;1.3;;10.07;13.91;19.17;18.84;15.33;5.07;11.37;2.47;2.53;1.23;;30.73;17.79;13.27;17.19;10.37;7.04;1.17;2.45;;25.93;24.15;18.42;13.79;12.76;4.95;;;;;16.96;15.3;9.45;18.71;18.62;17.25;3.7;;;26.61;13.35;20.66;22.42;11.31;5.65;;;;;;;;;;;;;;;;;;;;;;;;;;16.96;15.3;9.45;18.71;18.62;17.25;3.7;;;26.61;13.35;20.66;22.42;11.31;5.65;;;;;
2023;25;Paraíba;2515930;Sertãozinho;Estadual;Total;;;224.32;223.38;277.29;258.76;;;;;;;;;;;;;;;;;;;;;;36.84;21.05;21.05;;10.53;5.26;;5.26;;26.32;36.84;15.79;5.26;5.26;10.53;;;;;16.96;15.3;9.45;18.71;18.62;17.25;3.7;;;26.61;13.35;20.66;22.42;11.31;5.65;;;;;;;;;;;;;;;;;;;;;;;;;;16.96;15.3;9.45;18.71;18.62;17.25;3.7;;;26.61;13.35;20.66;22.42;11.31;5.65;;;;;
2023;25;Paraíba;2515930;Sertãozinho;Estadual;Urbana;;;224.32;223.38;277.29;258.76;;;;;;;;;;;;;;;;;;;;;;36.84;21.05;21.05;0;10.53;5.26;0;5.26;0;26.32;36.84;15.79;5.26;5.26;10.53;0;0;0;0;16.96;15.3;9.45;18.71;18.62;17.25;3.7;0;0;26.61;13.35;20.66;22.42;11.31;5.65;0;0;0;0;0;;;;;;;;;;;;;;;;;;;;;16.96;15.3;9.45;18.71;18.62;17.25;3.7;0;0;26.61;13.35;20.66;22.42;11.31;5.65;0;0;0;0;0
2023;25;Paraíba;2515930;Sertãozinho;Municipal;Total;178.41;191.06;234.11;228.24;;;8.84;25.28;26.71;11.37;6.43;8.84;7.47;3.77;1.3;;10.07;13.91;19.17;18.84;15.33;5.07;11.37;2.47;2.53;1.23;;28.76;16.74;10.75;22.75;10.31;7.61;1.54;1.54;;25.81;20.04;19.27;16.54;15.19;3.14;;;;;;;;;;;;;;;;;;;;;;;;;;;;;;;;;;;;;;;;;;;;;;;;;;;;;;;;;;;;;;;;
2023;25;Paraíba;2515930;Sertãozinho;Municipal;Urbana;178.41;191.06;234.11;228.24;;;8.84;25.28;26.71;11.37;6.43;8.84;7.47;3.77;1.3;0;10.07;13.91;19.17;18.84;15.33;5.07;11.37;2.47;2.53;1.23;0;28.76;16.74;10.75;22.75;10.31;7.61;1.54;1.54;0;25.81;20.04;19.27;16.54;15.19;3.14;0;0;0;0;;;;;;;;;;;;;;;;;;;;;;;;;;;;;;;;;;;;;;;;;;;;;;;;;;;;;;;;;;;;
2023;25;Paraíba;2515930;Sertãozinho;Total - Estadual e Municipal;Total;178.41;191.06;231.71;227.05;277.29;258.76;8.84;25.28;26.71;11.37;6.43;8.84;7.47;3.77;1.3;;10.07;13.91;19.17;18.84;15.33;5.07;11.37;2.47;2.53;1.23;;30.73;17.79;13.27;17.19;10.37;7.04;1.17;2.45;;25.93;24.15;18.42;13.79;12.76;4.95;;;;;16.96;15.3;9.45;18.71;18.62;17.25;3.7;;;26.61;13.35;20.66;22.42;11.31;5.65;;;;;;;;;;;;;;;;;;;;;;;;;;16.96;15.3;9.45;18.71;18.62;17.25;3.7;;;26.61;13.35;20.66;22.42;11.31;5.65;;;;;
2023;25;Paraíba;2515930;Sertãozinho;Total - Estadual e Municipal;Urbana;178.41;191.06;231.71;227.05;277.29;258.76;8.84;25.28;26.71;11.37;6.43;8.84;7.47;3.77;1.3;;10.07;13.91;19.17;18.84;15.33;5.07;11.37;2.47;2.53;1.23;;30.73;17.79;13.27;17.19;10.37;7.04;1.17;2.45;;25.93;24.15;18.42;13.79;12.76;4.95;;;;;16.96;15.3;9.45;18.71;18.62;17.25;3.7;;;26.61;13.35;20.66;22.42;11.31;5.65;;;;;;;;;;;;;;;;;;;;;;;;;;16.96;15.3;9.45;18.71;18.62;17.25;3.7;;;26.61;13.35;20.66;22.42;11.31;5.65;;;;;
2023;25;Paraíba;2515930;Sertãozinho;Total - Federal  Estadual e Municipal;Total;178.41;191.06;231.71;227.05;277.29;258.76;8.84;25.28;26.71;11.37;6.43;8.84;7.47;3.77;1.3;;10.07;13.91;19.17;18.84;15.33;5.07;11.37;2.47;2.53;1.23;;30.73;17.79;13.27;17.19;10.37;7.04;1.17;2.45;;25.93;24.15;18.42;13.79;12.76;4.95;;;;;16.96;15.3;9.45;18.71;18.62;17.25;3.7;;;26.61;13.35;20.66;22.42;11.31;5.65;;;;;;;;;;;;;;;;;;;;;;;;;;16.96;15.3;9.45;18.71;18.62;17.25;3.7;;;26.61;13.35;20.66;22.42;11.31;5.65;;;;;
2023;25;Paraíba;2515930;Sertãozinho;Total - Federal  Estadual e Municipal;Urbana;178.41;191.06;231.71;227.05;277.29;258.76;8.84;25.28;26.71;11.37;6.43;8.84;7.47;3.77;1.3;;10.07;13.91;19.17;18.84;15.33;5.07;11.37;2.47;2.53;1.23;;30.73;17.79;13.27;17.19;10.37;7.04;1.17;2.45;;25.93;24.15;18.42;13.79;12.76;4.95;;;;;16.96;15.3;9.45;18.71;18.62;17.25;3.7;;;26.61;13.35;20.66;22.42;11.31;5.65;;;;;;;;;;;;;;;;;;;;;;;;;;16.96;15.3;9.45;18.71;18.62;17.25;3.7;;;26.61;13.35;20.66;22.42;11.31;5.65;;;;;
2023;25;Paraíba;2515971;Sobrado;Total - Federal  Estadual  Municipal e Privada;Total;172.15;182.6;227.01;224.09;269.35;254.59;9;24.98;22.6;18.49;13.25;3.75;6.54;1.4;;;4.05;18.23;22.63;22.3;15.8;14.38;2.6;;;;;35;14.15;14.73;21.6;8.98;4.81;0.72;;;29.61;24.73;17.83;18.21;4.62;3.55;1.45;;;;19.36;14.78;22.31;20.02;9.27;9;5.24;;;32.4;19.09;16.8;17.73;5.24;8.73;;;;;;;;;;;;;;;;;;;;;;;;;;19.36;14.78;22.31;20.02;9.27;9;5.24;;;32.4;19.09;16.8;17.73;5.24;8.73;;;;;
2023;25;Paraíba;2515971;Sobrado;Total - Federal  Estadual  Municipal e Privada;Urbana;173.02;179.34;228.67;225.78;269.35;254.59;3.39;29.74;23.21;20.07;13.42;;6.77;3.39;;;3.26;19.95;29.62;16.93;13.55;16.69;;;;;;34.37;14.13;12.89;22.12;9.84;5.78;0.87;;;26.92;26.85;15.65;19.01;5.56;4.27;1.74;;;;19.36;14.78;22.31;20.02;9.27;9;5.24;;;32.4;19.09;16.8;17.73;5.24;8.73;;;;;;;;;;;;;;;;;;;;;;;;;;19.36;14.78;22.31;20.02;9.27;9;5.24;;;32.4;19.09;16.8;17.73;5.24;8.73;;;;;
2023;25;Paraíba;2515971;Sobrado;Total - Federal  Estadual  Municipal e Privada;Rural;171.54;184.89;218.82;215.76;;;12.94;21.63;22.16;17.38;13.12;6.38;6.38;;;;4.61;17.02;17.73;26.06;17.38;12.77;4.43;;;;;38.1;14.29;23.81;19.05;4.76;;;;;42.86;14.29;28.57;14.29;;;;;;;;;;;;;;;;;;;;;;;;;;;;;;;;;;;;;;;;;;;;;;;;;;;;;;;;;;;;;;;;;;
2023;25;Paraíba;2515971;Sobrado;Estadual;Total;;;;;269.35;254.59;;;;;;;;;;;;;;;;;;;;;;;;;;;;;;;;;;;;;;;;;19.36;14.78;22.31;20.02;9.27;9;5.24;;;32.4;19.09;16.8;17.73;5.24;8.73;;;;;;;;;;;;;;;;;;;;;;;;;;19.36;14.78;22.31;20.02;9.27;9;5.24;;;32.4;19.09;16.8;17.73;5.24;8.73;;;;;
2023;25;Paraíba;2515971;Sobrado;Estadual;Urbana;;;;;269.35;254.59;;;;;;;;;;;;;;;;;;;;;;;;;;;;;;;;;;;;;;;;;19.36;14.78;22.31;20.02;9.27;9;5.24;0;0;32.4;19.09;16.8;17.73;5.24;8.73;0;0;0;0;0;;;;;;;;;;;;;;;;;;;;;19.36;14.78;22.31;20.02;9.27;9;5.24;0;0;32.4;19.09;16.8;17.73;5.24;8.73;0;0;0;0;0
2023;25;Paraíba;2515971;Sobrado;Municipal;Total;172.15;182.6;227.01;224.09;;;9;24.98;22.6;18.49;13.25;3.75;6.54;1.4;;;4.05;18.23;22.63;22.3;15.8;14.38;2.6;;;;;35;14.15;14.73;21.6;8.98;4.81;0.72;;;29.61;24.73;17.83;18.21;4.62;3.55;1.45;;;;;;;;;;;;;;;;;;;;;;;;;;;;;;;;;;;;;;;;;;;;;;;;;;;;;;;;;;;;;;;
2023;25;Paraíba;2515971;Sobrado;Municipal;Urbana;173.02;179.34;228.67;225.78;;;3.39;29.74;23.21;20.07;13.42;0;6.77;3.39;0;0;3.26;19.95;29.62;16.93;13.55;16.69;0;0;0;0;0;34.37;14.13;12.89;22.12;9.84;5.78;0.87;0;0;26.92;26.85;15.65;19.01;5.56;4.27;1.74;0;0;0;;;;;;;;;;;;;;;;;;;;;;;;;;;;;;;;;;;;;;;;;;;;;;;;;;;;;;;;;;;;
2023;25;Paraíba;2515971;Sobrado;Municipal;Rural;171.54;184.89;218.82;215.76;;;12.94;21.63;22.16;17.38;13.12;6.38;6.38;0;0;0;4.61;17.02;17.73;26.06;17.38;12.77;4.43;0;0;0;0;38.1;14.29;23.81;19.05;4.76;0;0;0;0;42.86;14.29;28.57;14.29;0;0;0;0;0;0;;;;;;;;;;;;;;;;;;;;;;;;;;;;;;;;;;;;;;;;;;;;;;;;;;;;;;;;;;;;
2023;25;Paraíba;2515971;Sobrado;Total - Estadual e Municipal;Total;172.15;182.6;227.01;224.09;269.35;254.59;9;24.98;22.6;18.49;13.25;3.75;6.54;1.4;;;4.05;18.23;22.63;22.3;15.8;14.38;2.6;;;;;35;14.15;14.73;21.6;8.98;4.81;0.72;;;29.61;24.73;17.83;18.21;4.62;3.55;1.45;;;;19.36;14.78;22.31;20.02;9.27;9;5.24;;;32.4;19.09;16.8;17.73;5.24;8.73;;;;;;;;;;;;;;;;;;;;;;;;;;19.36;14.78;22.31;20.02;9.27;9;5.24;;;32.4;19.09;16.8;17.73;5.24;8.73;;;;;
2023;25;Paraíba;2515971;Sobrado;Total - Estadual e Municipal;Urbana;173.02;179.34;228.67;225.78;269.35;254.59;3.39;29.74;23.21;20.07;13.42;;6.77;3.39;;;3.26;19.95;29.62;16.93;13.55;16.69;;;;;;34.37;14.13;12.89;22.12;9.84;5.78;0.87;;;26.92;26.85;15.65;19.01;5.56;4.27;1.74;;;;19.36;14.78;22.31;20.02;9.27;9;5.24;;;32.4;19.09;16.8;17.73;5.24;8.73;;;;;;;;;;;;;;;;;;;;;;;;;;19.36;14.78;22.31;20.02;9.27;9;5.24;;;32.4;19.09;16.8;17.73;5.24;8.73;;;;;
2023;25;Paraíba;2515971;Sobrado;Total - Estadual e Municipal;Rural;171.54;184.89;218.82;215.76;;;12.94;21.63;22.16;17.38;13.12;6.38;6.38;;;;4.61;17.02;17.73;26.06;17.38;12.77;4.43;;;;;38.1;14.29;23.81;19.05;4.76;;;;;42.86;14.29;28.57;14.29;;;;;;;;;;;;;;;;;;;;;;;;;;;;;;;;;;;;;;;;;;;;;;;;;;;;;;;;;;;;;;;;;;
2023;25;Paraíba;2515971;Sobrado;Total - Federal  Estadual e Municipal;Total;172.15;182.6;227.01;224.09;269.35;254.59;9;24.98;22.6;18.49;13.25;3.75;6.54;1.4;;;4.05;18.23;22.63;22.3;15.8;14.38;2.6;;;;;35;14.15;14.73;21.6;8.98;4.81;0.72;;;29.61;24.73;17.83;18.21;4.62;3.55;1.45;;;;19.36;14.78;22.31;20.02;9.27;9;5.24;;;32.4;19.09;16.8;17.73;5.24;8.73;;;;;;;;;;;;;;;;;;;;;;;;;;19.36;14.78;22.31;20.02;9.27;9;5.24;;;32.4;19.09;16.8;17.73;5.24;8.73;;;;;
2023;25;Paraíba;2515971;Sobrado;Total - Federal  Estadual e Municipal;Urbana;173.02;179.34;228.67;225.78;269.35;254.59;3.39;29.74;23.21;20.07;13.42;;6.77;3.39;;;3.26;19.95;29.62;16.93;13.55;16.69;;;;;;34.37;14.13;12.89;22.12;9.84;5.78;0.87;;;26.92;26.85;15.65;19.01;5.56;4.27;1.74;;;;19.36;14.78;22.31;20.02;9.27;9;5.24;;;32.4;19.09;16.8;17.73;5.24;8.73;;;;;;;;;;;;;;;;;;;;;;;;;;19.36;14.78;22.31;20.02;9.27;9;5.24;;;32.4;19.09;16.8;17.73;5.24;8.73;;;;;
2023;25;Paraíba;2515971;Sobrado;Total - Federal  Estadual e Municipal;Rural;171.54;184.89;218.82;215.76;;;12.94;21.63;22.16;17.38;13.12;6.38;6.38;;;;4.61;17.02;17.73;26.06;17.38;12.77;4.43;;;;;38.1;14.29;23.81;19.05;4.76;;;;;42.86;14.29;28.57;14.29;;;;;;;;;;;;;;;;;;;;;;;;;;;;;;;;;;;;;;;;;;;;;;;;;;;;;;;;;;;;;;;;;;
2023;25;Paraíba;2516003;Solânea;Total - Federal  Estadual  Municipal e Privada;Total;192.11;203.13;236.21;229.4;246.65;248.56;5.69;16.33;22;11.38;18.15;13.43;7.41;3.5;1.77;0.32;5.24;8.4;16.06;17.7;20.31;16.37;10.11;2.97;2.06;0.79;;25.52;19.77;15.45;17.6;8.76;9.27;2.89;0.74;;26.97;17.69;20.07;19.45;9.95;5.16;0.71;;;;35.27;19.54;13.28;19.32;8.56;3.46;0.57;;;26.78;28.91;19.32;18.62;3.6;2.04;0.73;;;;;19.94;13.97;8.07;20.28;18.82;14.55;2.92;1.46;;13.1;17.78;13.84;23.26;12.03;7.6;6.32;4.38;1.7;;;30.91;17.95;11.8;19.59;11.48;6.61;1.24;0.42;;22.88;25.74;17.76;19.94;6;3.62;2.32;1.25;0.48;;
2023;25;Paraíba;2516003;Solânea;Total - Federal  Estadual  Municipal e Privada;Urbana;197.51;209.32;235.23;228.45;246.65;248.56;5.32;13.21;24.31;7.39;16.78;16.1;9.24;4.61;2.58;0.47;5.13;5.75;14.33;15.39;21.18;19.42;11.85;3.29;2.5;1.16;;26.44;20.12;14.2;18.24;8.71;8.89;2.63;0.76;;27.95;17.6;19.71;19.07;9.95;4.98;0.73;;;;35.27;19.54;13.28;19.32;8.56;3.46;0.57;;;26.78;28.91;19.32;18.62;3.6;2.04;0.73;;;;;19.94;13.97;8.07;20.28;18.82;14.55;2.92;1.46;;13.1;17.78;13.84;23.26;12.03;7.6;6.32;4.38;1.7;;;30.91;17.95;11.8;19.59;11.48;6.61;1.24;0.42;;22.88;25.74;17.76;19.94;6;3.62;2.32;1.25;0.48;;
2023;25;Paraíba;2516003;Solânea;Total - Federal  Estadual  Municipal e Privada;Rural;180.37;189.67;263;255.76;;;6.5;23.14;16.98;20.07;21.13;7.64;3.44;1.1;;;5.46;14.16;19.81;22.71;18.43;9.71;6.34;2.28;1.1;;;;10;50;;10;20;10;;;;20;30;30;10;10;;;;;;;;;;;;;;;;;;;;;;;;;;;;;;;;;;;;;;;;;;;;;;;;;;;;;;;;;;;;;;;;
2023;25;Paraíba;2516003;Solânea;Estadual;Total;;;239.08;224.44;246.65;248.56;;;;;;;;;;;;;;;;;;;;;;23.37;18.06;13.91;19.79;12.13;8.48;3.7;0.57;;32.09;17.17;18.39;16.77;8.74;6.22;0.61;;;;35.27;19.54;13.28;19.32;8.56;3.46;0.57;;;26.78;28.91;19.32;18.62;3.6;2.04;0.73;;;;;19.94;13.97;8.07;20.28;18.82;14.55;2.92;1.46;;13.1;17.78;13.84;23.26;12.03;7.6;6.32;4.38;1.7;;;30.91;17.95;11.8;19.59;11.48;6.61;1.24;0.42;;22.88;25.74;17.76;19.94;6;3.62;2.32;1.25;0.48;;
2023;25;Paraíba;2516003;Solânea;Estadual;Urbana;;;239.08;224.44;246.65;248.56;;;;;;;;;;;;;;;;;;;;;;23.37;18.06;13.91;19.79;12.13;8.48;3.7;0.57;0;32.09;17.17;18.39;16.77;8.74;6.22;0.61;0;0;0;35.27;19.54;13.28;19.32;8.56;3.46;0.57;0;0;26.78;28.91;19.32;18.62;3.6;2.04;0.73;0;0;0;0;19.94;13.97;8.07;20.28;18.82;14.55;2.92;1.46;0;13.1;17.78;13.84;23.26;12.03;7.6;6.32;4.38;1.7;0;0;30.91;17.95;11.8;19.59;11.48;6.61;1.24;0.42;0;22.88;25.74;17.76;19.94;6;3.62;2.32;1.25;0.48;0;0
2023;25;Paraíba;2516003;Solânea;Municipal;Total;192.11;203.13;232.29;236.17;;;5.69;16.33;22;11.38;18.15;13.43;7.41;3.5;1.77;0.32;5.24;8.4;16.06;17.7;20.31;16.37;10.11;2.97;2.06;0.79;;28.45;22.1;17.57;14.62;4.16;10.36;1.79;0.96;;19.98;18.4;22.37;23.11;11.6;3.7;0.83;;;;;;;;;;;;;;;;;;;;;;;;;;;;;;;;;;;;;;;;;;;;;;;;;;;;;;;;;;;;;;;
2023;25;Paraíba;2516003;Solânea;Municipal;Urbana;197.51;209.32;;;;;5.32;13.21;24.31;7.39;16.78;16.1;9.24;4.61;2.58;0.47;5.13;5.75;14.33;15.39;21.18;19.42;11.85;3.29;2.5;1.16;0;;;;;;;;;;;;;;;;;;;;;;;;;;;;;;;;;;;;;;;;;;;;;;;;;;;;;;;;;;;;;;;;;;;;;;;;;;;;;;;
2023;25;Paraíba;2516003;Solânea;Municipal;Rural;180.37;189.67;263;255.76;;;6.5;23.14;16.98;20.07;21.13;7.64;3.44;1.1;0;0;5.46;14.16;19.81;22.71;18.43;9.71;6.34;2.28;1.1;0;0;0;10;50;0;10;20;10;0;0;0;20;30;30;10;10;0;0;0;0;;;;;;;;;;;;;;;;;;;;;;;;;;;;;;;;;;;;;;;;;;;;;;;;;;;;;;;;;;;;
2023;25;Paraíba;2516003;Solânea;Total - Estadual e Municipal;Total;192.11;203.13;236.21;229.4;246.65;248.56;5.69;16.33;22;11.38;18.15;13.43;7.41;3.5;1.77;0.32;5.24;8.4;16.06;17.7;20.31;16.37;10.11;2.97;2.06;0.79;;25.52;19.77;15.45;17.6;8.76;9.27;2.89;0.74;;26.97;17.69;20.07;19.45;9.95;5.16;0.71;;;;35.27;19.54;13.28;19.32;8.56;3.46;0.57;;;26.78;28.91;19.32;18.62;3.6;2.04;0.73;;;;;19.94;13.97;8.07;20.28;18.82;14.55;2.92;1.46;;13.1;17.78;13.84;23.26;12.03;7.6;6.32;4.38;1.7;;;30.91;17.95;11.8;19.59;11.48;6.61;1.24;0.42;;22.88;25.74;17.76;19.94;6;3.62;2.32;1.25;0.48;;
2023;25;Paraíba;2516003;Solânea;Total - Estadual e Municipal;Urbana;197.51;209.32;235.23;228.45;246.65;248.56;5.32;13.21;24.31;7.39;16.78;16.1;9.24;4.61;2.58;0.47;5.13;5.75;14.33;15.39;21.18;19.42;11.85;3.29;2.5;1.16;;26.44;20.12;14.2;18.24;8.71;8.89;2.63;0.76;;27.95;17.6;19.71;19.07;9.95;4.98;0.73;;;;35.27;19.54;13.28;19.32;8.56;3.46;0.57;;;26.78;28.91;19.32;18.62;3.6;2.04;0.73;;;;;19.94;13.97;8.07;20.28;18.82;14.55;2.92;1.46;;13.1;17.78;13.84;23.26;12.03;7.6;6.32;4.38;1.7;;;30.91;17.95;11.8;19.59;11.48;6.61;1.24;0.42;;22.88;25.74;17.76;19.94;6;3.62;2.32;1.25;0.48;;
2023;25;Paraíba;2516003;Solânea;Total - Estadual e Municipal;Rural;180.37;189.67;263;255.76;;;6.5;23.14;16.98;20.07;21.13;7.64;3.44;1.1;;;5.46;14.16;19.81;22.71;18.43;9.71;6.34;2.28;1.1;;;;10;50;;10;20;10;;;;20;30;30;10;10;;;;;;;;;;;;;;;;;;;;;;;;;;;;;;;;;;;;;;;;;;;;;;;;;;;;;;;;;;;;;;;;
2023;25;Paraíba;2516003;Solânea;Total - Federal  Estadual e Municipal;Total;192.11;203.13;236.21;229.4;246.65;248.56;5.69;16.33;22;11.38;18.15;13.43;7.41;3.5;1.77;0.32;5.24;8.4;16.06;17.7;20.31;16.37;10.11;2.97;2.06;0.79;;25.52;19.77;15.45;17.6;8.76;9.27;2.89;0.74;;26.97;17.69;20.07;19.45;9.95;5.16;0.71;;;;35.27;19.54;13.28;19.32;8.56;3.46;0.57;;;26.78;28.91;19.32;18.62;3.6;2.04;0.73;;;;;19.94;13.97;8.07;20.28;18.82;14.55;2.92;1.46;;13.1;17.78;13.84;23.26;12.03;7.6;6.32;4.38;1.7;;;30.91;17.95;11.8;19.59;11.48;6.61;1.24;0.42;;22.88;25.74;17.76;19.94;6;3.62;2.32;1.25;0.48;;
2023;25;Paraíba;2516003;Solânea;Total - Federal  Estadual e Municipal;Urbana;197.51;209.32;235.23;228.45;246.65;248.56;5.32;13.21;24.31;7.39;16.78;16.1;9.24;4.61;2.58;0.47;5.13;5.75;14.33;15.39;21.18;19.42;11.85;3.29;2.5;1.16;;26.44;20.12;14.2;18.24;8.71;8.89;2.63;0.76;;27.95;17.6;19.71;19.07;9.95;4.98;0.73;;;;35.27;19.54;13.28;19.32;8.56;3.46;0.57;;;26.78;28.91;19.32;18.62;3.6;2.04;0.73;;;;;19.94;13.97;8.07;20.28;18.82;14.55;2.92;1.46;;13.1;17.78;13.84;23.26;12.03;7.6;6.32;4.38;1.7;;;30.91;17.95;11.8;19.59;11.48;6.61;1.24;0.42;;22.88;25.74;17.76;19.94;6;3.62;2.32;1.25;0.48;;
2023;25;Paraíba;2516003;Solânea;Total - Federal  Estadual e Municipal;Rural;180.37;189.67;263;255.76;;;6.5;23.14;16.98;20.07;21.13;7.64;3.44;1.1;;;5.46;14.16;19.81;22.71;18.43;9.71;6.34;2.28;1.1;;;;10;50;;10;20;10;;;;20;30;30;10;10;;;;;;;;;;;;;;;;;;;;;;;;;;;;;;;;;;;;;;;;;;;;;;;;;;;;;;;;;;;;;;;;
2023;25;Paraíba;2516102;Soledade;Total - Federal  Estadual  Municipal e Privada;Total;184.84;200;231.36;228.54;256.02;247.03;9.04;23.17;17.36;14.35;12.14;10.48;8.43;2.44;2.04;0.57;5.41;11.62;21.06;14.65;16.42;14.03;7.88;5.48;3;0.47;;29.73;20.08;15.83;13.6;11.29;6.41;2.62;0.45;;27.37;22.37;20.63;12.2;9.3;5.81;1.83;0.49;;;19.55;31.11;24.52;10.8;5.74;2.88;4.14;1.27;;32.52;29.6;20.24;8.11;4.13;5.41;;;;;;2.78;13.33;13.06;8.06;33.89;15.83;13.06;;;2.5;10.56;15.56;34.17;18.61;13.33;2.78;;2.5;;;13.88;25.11;20.65;9.87;15.24;7.25;7.15;0.84;;22.38;23.17;18.66;16.91;9.02;8.08;0.94;;0.84;;
2023;25;Paraíba;2516102;Soledade;Total - Federal  Estadual  Municipal e Privada;Urbana;181.82;198.94;231.36;228.54;256.02;247.03;9.09;24.25;17.41;14.78;13.03;10.64;6.61;2.62;1.58;;5.81;11.25;21.99;14.5;15.79;15.05;7.84;4.66;2.61;0.5;;29.73;20.08;15.83;13.6;11.29;6.41;2.62;0.45;;27.37;22.37;20.63;12.2;9.3;5.81;1.83;0.49;;;19.55;31.11;24.52;10.8;5.74;2.88;4.14;1.27;;32.52;29.6;20.24;8.11;4.13;5.41;;;;;;2.78;13.33;13.06;8.06;33.89;15.83;13.06;;;2.5;10.56;15.56;34.17;18.61;13.33;2.78;;2.5;;;13.88;25.11;20.65;9.87;15.24;7.25;7.15;0.84;;22.38;23.17;18.66;16.91;9.02;8.08;0.94;;0.84;;
2023;25;Paraíba;2516102;Soledade;Total - Federal  Estadual  Municipal e Privada;Rural;226.15;214.47;;;;;8.33;8.33;16.67;8.33;;8.33;33.33;;8.33;8.33;;16.67;8.33;16.67;25;;8.33;16.67;8.33;;;;;;;;;;;;;;;;;;;;;;;;;;;;;;;;;;;;;;;;;;;;;;;;;;;;;;;;;;;;;;;;;;;;;;;;;;;;;;;;;
2023;25;Paraíba;2516102;Soledade;Estadual;Total;;;;;256.02;247.03;;;;;;;;;;;;;;;;;;;;;;;;;;;;;;;;;;;;;;;;;19.55;31.11;24.52;10.8;5.74;2.88;4.14;1.27;;32.52;29.6;20.24;8.11;4.13;5.41;;;;;;2.78;13.33;13.06;8.06;33.89;15.83;13.06;;;2.5;10.56;15.56;34.17;18.61;13.33;2.78;;2.5;;;13.88;25.11;20.65;9.87;15.24;7.25;7.15;0.84;;22.38;23.17;18.66;16.91;9.02;8.08;0.94;;0.84;;
2023;25;Paraíba;2516102;Soledade;Estadual;Urbana;;;;;256.02;247.03;;;;;;;;;;;;;;;;;;;;;;;;;;;;;;;;;;;;;;;;;19.55;31.11;24.52;10.8;5.74;2.88;4.14;1.27;0;32.52;29.6;20.24;8.11;4.13;5.41;0;0;0;0;0;2.78;13.33;13.06;8.06;33.89;15.83;13.06;0;0;2.5;10.56;15.56;34.17;18.61;13.33;2.78;0;2.5;0;0;13.88;25.11;20.65;9.87;15.24;7.25;7.15;0.84;0;22.38;23.17;18.66;16.91;9.02;8.08;0.94;0;0.84;0;0
2023;25;Paraíba;2516102;Soledade;Municipal;Total;184.84;200;231.36;228.54;;;9.04;23.17;17.36;14.35;12.14;10.48;8.43;2.44;2.04;0.57;5.41;11.62;21.06;14.65;16.42;14.03;7.88;5.48;3;0.47;;29.73;20.08;15.83;13.6;11.29;6.41;2.62;0.45;;27.37;22.37;20.63;12.2;9.3;5.81;1.83;0.49;;;;;;;;;;;;;;;;;;;;;;;;;;;;;;;;;;;;;;;;;;;;;;;;;;;;;;;;;;;;;;
2023;25;Paraíba;2516102;Soledade;Municipal;Urbana;181.82;198.94;231.36;228.54;;;9.09;24.25;17.41;14.78;13.03;10.64;6.61;2.62;1.58;0;5.81;11.25;21.99;14.5;15.79;15.05;7.84;4.66;2.61;0.5;0;29.73;20.08;15.83;13.6;11.29;6.41;2.62;0.45;0;27.37;22.37;20.63;12.2;9.3;5.81;1.83;0.49;0;0;;;;;;;;;;;;;;;;;;;;;;;;;;;;;;;;;;;;;;;;;;;;;;;;;;;;;;;;;;;;
2023;25;Paraíba;2516102;Soledade;Municipal;Rural;226.15;214.47;;;;;8.33;8.33;16.67;8.33;0;8.33;33.33;0;8.33;8.33;0;16.67;8.33;16.67;25;0;8.33;16.67;8.33;0;0;;;;;;;;;;;;;;;;;;;;;;;;;;;;;;;;;;;;;;;;;;;;;;;;;;;;;;;;;;;;;;;;;;;;;;;;;;;;;;;
2023;25;Paraíba;2516102;Soledade;Total - Estadual e Municipal;Total;184.84;200;231.36;228.54;256.02;247.03;9.04;23.17;17.36;14.35;12.14;10.48;8.43;2.44;2.04;0.57;5.41;11.62;21.06;14.65;16.42;14.03;7.88;5.48;3;0.47;;29.73;20.08;15.83;13.6;11.29;6.41;2.62;0.45;;27.37;22.37;20.63;12.2;9.3;5.81;1.83;0.49;;;19.55;31.11;24.52;10.8;5.74;2.88;4.14;1.27;;32.52;29.6;20.24;8.11;4.13;5.41;;;;;;2.78;13.33;13.06;8.06;33.89;15.83;13.06;;;2.5;10.56;15.56;34.17;18.61;13.33;2.78;;2.5;;;13.88;25.11;20.65;9.87;15.24;7.25;7.15;0.84;;22.38;23.17;18.66;16.91;9.02;8.08;0.94;;0.84;;
2023;25;Paraíba;2516102;Soledade;Total - Estadual e Municipal;Urbana;181.82;198.94;231.36;228.54;256.02;247.03;9.09;24.25;17.41;14.78;13.03;10.64;6.61;2.62;1.58;;5.81;11.25;21.99;14.5;15.79;15.05;7.84;4.66;2.61;0.5;;29.73;20.08;15.83;13.6;11.29;6.41;2.62;0.45;;27.37;22.37;20.63;12.2;9.3;5.81;1.83;0.49;;;19.55;31.11;24.52;10.8;5.74;2.88;4.14;1.27;;32.52;29.6;20.24;8.11;4.13;5.41;;;;;;2.78;13.33;13.06;8.06;33.89;15.83;13.06;;;2.5;10.56;15.56;34.17;18.61;13.33;2.78;;2.5;;;13.88;25.11;20.65;9.87;15.24;7.25;7.15;0.84;;22.38;23.17;18.66;16.91;9.02;8.08;0.94;;0.84;;
2023;25;Paraíba;2516102;Soledade;Total - Estadual e Municipal;Rural;226.15;214.47;;;;;8.33;8.33;16.67;8.33;;8.33;33.33;;8.33;8.33;;16.67;8.33;16.67;25;;8.33;16.67;8.33;;;;;;;;;;;;;;;;;;;;;;;;;;;;;;;;;;;;;;;;;;;;;;;;;;;;;;;;;;;;;;;;;;;;;;;;;;;;;;;;;
2023;25;Paraíba;2516102;Soledade;Total - Federal  Estadual e Municipal;Total;184.84;200;231.36;228.54;256.02;247.03;9.04;23.17;17.36;14.35;12.14;10.48;8.43;2.44;2.04;0.57;5.41;11.62;21.06;14.65;16.42;14.03;7.88;5.48;3;0.47;;29.73;20.08;15.83;13.6;11.29;6.41;2.62;0.45;;27.37;22.37;20.63;12.2;9.3;5.81;1.83;0.49;;;19.55;31.11;24.52;10.8;5.74;2.88;4.14;1.27;;32.52;29.6;20.24;8.11;4.13;5.41;;;;;;2.78;13.33;13.06;8.06;33.89;15.83;13.06;;;2.5;10.56;15.56;34.17;18.61;13.33;2.78;;2.5;;;13.88;25.11;20.65;9.87;15.24;7.25;7.15;0.84;;22.38;23.17;18.66;16.91;9.02;8.08;0.94;;0.84;;
2023;25;Paraíba;2516102;Soledade;Total - Federal  Estadual e Municipal;Urbana;181.82;198.94;231.36;228.54;256.02;247.03;9.09;24.25;17.41;14.78;13.03;10.64;6.61;2.62;1.58;;5.81;11.25;21.99;14.5;15.79;15.05;7.84;4.66;2.61;0.5;;29.73;20.08;15.83;13.6;11.29;6.41;2.62;0.45;;27.37;22.37;20.63;12.2;9.3;5.81;1.83;0.49;;;19.55;31.11;24.52;10.8;5.74;2.88;4.14;1.27;;32.52;29.6;20.24;8.11;4.13;5.41;;;;;;2.78;13.33;13.06;8.06;33.89;15.83;13.06;;;2.5;10.56;15.56;34.17;18.61;13.33;2.78;;2.5;;;13.88;25.11;20.65;9.87;15.24;7.25;7.15;0.84;;22.38;23.17;18.66;16.91;9.02;8.08;0.94;;0.84;;
2023;25;Paraíba;2516102;Soledade;Total - Federal  Estadual e Municipal;Rural;226.15;214.47;;;;;8.33;8.33;16.67;8.33;;8.33;33.33;;8.33;8.33;;16.67;8.33;16.67;25;;8.33;16.67;8.33;;;;;;;;;;;;;;;;;;;;;;;;;;;;;;;;;;;;;;;;;;;;;;;;;;;;;;;;;;;;;;;;;;;;;;;;;;;;;;;;;
2023;25;Paraíba;2516151;Sossêgo;Total - Federal  Estadual  Municipal e Privada;Total;202.96;225.99;258.57;254.57;290.09;276.89;4.94;21.21;12.06;9.89;18.12;13.18;6.18;7.94;4.94;1.55;1.55;6.49;10.09;19.68;13.29;11.44;21.1;8.24;4.64;3.5;;23.82;10.67;8.62;12.98;8.62;22.04;6.58;6.67;;23.73;4.27;17.24;28.27;8.71;4.44;2.22;11.11;;;5;5;30;20;20;15;5;;;10;15;25;20;20;5;5;;;;;;;;;;;;;;;;;;;;;;;;;5;5;30;20;20;15;5;;;10;15;25;20;20;5;5;;;;
2023;25;Paraíba;2516151;Sossêgo;Total - Federal  Estadual  Municipal e Privada;Urbana;204.36;227.33;258.57;254.57;290.09;276.89;3.95;19.48;14.43;11.84;15.78;11.84;7.4;9.49;3.95;1.85;1.85;5.8;8.14;21.58;13.93;13.69;17.39;7.89;5.55;4.19;;23.82;10.67;8.62;12.98;8.62;22.04;6.58;6.67;;23.73;4.27;17.24;28.27;8.71;4.44;2.22;11.11;;;5;5;30;20;20;15;5;;;10;15;25;20;20;5;5;;;;;;;;;;;;;;;;;;;;;;;;;5;5;30;20;20;15;5;;;10;15;25;20;20;5;5;;;;
2023;25;Paraíba;2516151;Sossêgo;Total - Federal  Estadual  Municipal e Privada;Rural;195.85;219.15;;;;;10;30;;;30;20;;;10;;;10;20;10;10;;40;10;;;;;;;;;;;;;;;;;;;;;;;;;;;;;;;;;;;;;;;;;;;;;;;;;;;;;;;;;;;;;;;;;;;;;;;;;;;;;;;;;;
2023;25;Paraíba;2516151;Sossêgo;Estadual;Total;;;;;290.09;276.89;;;;;;;;;;;;;;;;;;;;;;;;;;;;;;;;;;;;;;;;;5;5;30;20;20;15;5;;;10;15;25;20;20;5;5;;;;;;;;;;;;;;;;;;;;;;;;;5;5;30;20;20;15;5;;;10;15;25;20;20;5;5;;;;
2023;25;Paraíba;2516151;Sossêgo;Estadual;Urbana;;;;;290.09;276.89;;;;;;;;;;;;;;;;;;;;;;;;;;;;;;;;;;;;;;;;;5;5;30;20;20;15;5;0;0;10;15;25;20;20;5;5;0;0;0;0;;;;;;;;;;;;;;;;;;;;;5;5;30;20;20;15;5;0;0;10;15;25;20;20;5;5;0;0;0;0
2023;25;Paraíba;2516151;Sossêgo;Municipal;Total;202.96;225.99;258.57;254.57;;;4.94;21.21;12.06;9.89;18.12;13.18;6.18;7.94;4.94;1.55;1.55;6.49;10.09;19.68;13.29;11.44;21.1;8.24;4.64;3.5;;23.82;10.67;8.62;12.98;8.62;22.04;6.58;6.67;;23.73;4.27;17.24;28.27;8.71;4.44;2.22;11.11;;;;;;;;;;;;;;;;;;;;;;;;;;;;;;;;;;;;;;;;;;;;;;;;;;;;;;;;;;;;;;
2023;25;Paraíba;2516151;Sossêgo;Municipal;Urbana;204.36;227.33;258.57;254.57;;;3.95;19.48;14.43;11.84;15.78;11.84;7.4;9.49;3.95;1.85;1.85;5.8;8.14;21.58;13.93;13.69;17.39;7.89;5.55;4.19;0;23.82;10.67;8.62;12.98;8.62;22.04;6.58;6.67;0;23.73;4.27;17.24;28.27;8.71;4.44;2.22;11.11;0;0;;;;;;;;;;;;;;;;;;;;;;;;;;;;;;;;;;;;;;;;;;;;;;;;;;;;;;;;;;;;
2023;25;Paraíba;2516151;Sossêgo;Municipal;Rural;195.85;219.15;;;;;10;30;0;0;30;20;0;0;10;0;0;10;20;10;10;0;40;10;0;0;0;;;;;;;;;;;;;;;;;;;;;;;;;;;;;;;;;;;;;;;;;;;;;;;;;;;;;;;;;;;;;;;;;;;;;;;;;;;;;;;
2023;25;Paraíba;2516151;Sossêgo;Total - Estadual e Municipal;Total;202.96;225.99;258.57;254.57;290.09;276.89;4.94;21.21;12.06;9.89;18.12;13.18;6.18;7.94;4.94;1.55;1.55;6.49;10.09;19.68;13.29;11.44;21.1;8.24;4.64;3.5;;23.82;10.67;8.62;12.98;8.62;22.04;6.58;6.67;;23.73;4.27;17.24;28.27;8.71;4.44;2.22;11.11;;;5;5;30;20;20;15;5;;;10;15;25;20;20;5;5;;;;;;;;;;;;;;;;;;;;;;;;;5;5;30;20;20;15;5;;;10;15;25;20;20;5;5;;;;
2023;25;Paraíba;2516151;Sossêgo;Total - Estadual e Municipal;Urbana;204.36;227.33;258.57;254.57;290.09;276.89;3.95;19.48;14.43;11.84;15.78;11.84;7.4;9.49;3.95;1.85;1.85;5.8;8.14;21.58;13.93;13.69;17.39;7.89;5.55;4.19;;23.82;10.67;8.62;12.98;8.62;22.04;6.58;6.67;;23.73;4.27;17.24;28.27;8.71;4.44;2.22;11.11;;;5;5;30;20;20;15;5;;;10;15;25;20;20;5;5;;;;;;;;;;;;;;;;;;;;;;;;;5;5;30;20;20;15;5;;;10;15;25;20;20;5;5;;;;
2023;25;Paraíba;2516151;Sossêgo;Total - Estadual e Municipal;Rural;195.85;219.15;;;;;10;30;;;30;20;;;10;;;10;20;10;10;;40;10;;;;;;;;;;;;;;;;;;;;;;;;;;;;;;;;;;;;;;;;;;;;;;;;;;;;;;;;;;;;;;;;;;;;;;;;;;;;;;;;;;
2023;25;Paraíba;2516151;Sossêgo;Total - Federal  Estadual e Municipal;Total;202.96;225.99;258.57;254.57;290.09;276.89;4.94;21.21;12.06;9.89;18.12;13.18;6.18;7.94;4.94;1.55;1.55;6.49;10.09;19.68;13.29;11.44;21.1;8.24;4.64;3.5;;23.82;10.67;8.62;12.98;8.62;22.04;6.58;6.67;;23.73;4.27;17.24;28.27;8.71;4.44;2.22;11.11;;;5;5;30;20;20;15;5;;;10;15;25;20;20;5;5;;;;;;;;;;;;;;;;;;;;;;;;;5;5;30;20;20;15;5;;;10;15;25;20;20;5;5;;;;
2023;25;Paraíba;2516151;Sossêgo;Total - Federal  Estadual e Municipal;Urbana;204.36;227.33;258.57;254.57;290.09;276.89;3.95;19.48;14.43;11.84;15.78;11.84;7.4;9.49;3.95;1.85;1.85;5.8;8.14;21.58;13.93;13.69;17.39;7.89;5.55;4.19;;23.82;10.67;8.62;12.98;8.62;22.04;6.58;6.67;;23.73;4.27;17.24;28.27;8.71;4.44;2.22;11.11;;;5;5;30;20;20;15;5;;;10;15;25;20;20;5;5;;;;;;;;;;;;;;;;;;;;;;;;;5;5;30;20;20;15;5;;;10;15;25;20;20;5;5;;;;
2023;25;Paraíba;2516151;Sossêgo;Total - Federal  Estadual e Municipal;Rural;195.85;219.15;;;;;10;30;;;30;20;;;10;;;10;20;10;10;;40;10;;;;;;;;;;;;;;;;;;;;;;;;;;;;;;;;;;;;;;;;;;;;;;;;;;;;;;;;;;;;;;;;;;;;;;;;;;;;;;;;;;
2023;25;Paraíba;2516201;Sousa;Total - Federal  Estadual  Municipal e Privada;Total;217.31;229.63;254.54;249.76;279.16;272.85;3.3;10.12;10.57;14.11;16.46;15.62;13.52;11.57;3.47;1.26;1.6;6.78;10.63;14.21;13.76;16.72;13.47;10.86;6.63;4.26;1.08;18.44;11.81;14.24;17.75;16.45;11.96;6.66;2.69;;15.03;17.4;17.45;19.49;13.87;10.98;4.22;1.42;0.13;;12.72;12.83;18.66;20.14;20.45;10.98;3.81;0.41;;15.64;19.45;18.08;21.19;13.22;6.24;3.73;1.23;1.23;;;11.29;7.88;15.32;20.83;19.67;18.02;5.78;1.21;;10.09;14.85;24.85;15.21;19.18;6.78;6.54;2.5;;;;12.36;11.58;17.82;20.31;20.26;12.75;4.3;0.61;;14.24;18.3;19.79;19.68;14.72;6.37;4.43;1.55;0.92;;
2023;25;Paraíba;2516201;Sousa;Total - Federal  Estadual  Municipal e Privada;Urbana;216.33;228.52;253.93;249.74;280.83;275.93;3.75;9.87;10.23;14.08;17.61;16.25;13;10.31;3.59;1.32;1.72;6.62;10.84;14.93;14.76;16.09;12.21;10.57;6.45;4.53;1.29;19.59;11.04;13.77;17.83;16.7;11.75;6.84;2.48;;15.04;17.64;16.84;19.96;13.6;11.47;4.19;1.11;0.16;;11.33;12.61;19.3;20.06;20.43;11.66;4.13;0.47;;13.05;19.98;17.01;22.89;13.29;6.92;4.04;1.41;1.41;;;11.29;7.88;15.32;20.83;19.67;18.02;5.78;1.21;;10.09;14.85;24.85;15.21;19.18;6.78;6.54;2.5;;;;11.32;11.3;18.19;20.28;20.22;13.43;4.59;0.68;;12.23;18.55;19.19;20.75;14.93;6.88;4.73;1.71;1.02;;
2023;25;Paraíba;2516201;Sousa;Total - Federal  Estadual  Municipal e Privada;Rural;222.41;235.36;257.34;249.83;267.77;251.75;0.95;11.43;12.38;14.29;10.48;12.38;16.19;18.1;2.86;0.95;0.95;7.62;9.52;10.48;8.57;20;20;12.38;7.62;2.86;;13.08;15.39;16.42;17.37;15.28;12.97;5.82;3.67;;14.99;16.26;20.27;17.32;15.16;8.73;4.38;2.89;;;22.22;14.29;14.29;20.63;20.63;6.35;1.59;;;33.33;15.87;25.4;9.52;12.7;1.59;1.59;;;;;;;;;;;;;;;;;;;;;;;;;22.22;14.29;14.29;20.63;20.63;6.35;1.59;;;33.33;15.87;25.4;9.52;12.7;1.59;1.59;;;;
2023;25;Paraíba;2516201;Sousa;Federal;Total;;;;;;;;;;;;;;;;;;;;;;;;;;;;;;;;;;;;;;;;;;;;;;;;;;;;;;;;;;;;;;;;;;;10.95;8.25;18.85;19.97;15.93;19.31;5.71;1.03;;7.89;12.9;23.71;14.53;20.25;7.4;9.07;4.25;;;;10.95;8.25;18.85;19.97;15.93;19.31;5.71;1.03;;7.89;12.9;23.71;14.53;20.25;7.4;9.07;4.25;;;
2023;25;Paraíba;2516201;Sousa;Federal;Urbana;;;;;;;;;;;;;;;;;;;;;;;;;;;;;;;;;;;;;;;;;;;;;;;;;;;;;;;;;;;;;;;;;;;10.95;8.25;18.85;19.97;15.93;19.31;5.71;1.03;0;7.89;12.9;23.71;14.53;20.25;7.4;9.07;4.25;0;0;0;10.95;8.25;18.85;19.97;15.93;19.31;5.71;1.03;0;7.89;12.9;23.71;14.53;20.25;7.4;9.07;4.25;0;0;0
2023;25;Paraíba;2516201;Sousa;Estadual;Total;211.74;217.21;249.71;245.16;279.16;272.85;3.33;13.32;15.59;10.85;14.46;15.21;10.24;14.33;1.81;0.85;1.66;9.13;13.08;13.31;15.06;23.22;11.93;6.79;5.01;0.81;;22.05;12.43;13.25;17.18;15.54;10.86;5.53;3.17;;16.82;19.74;17.3;19.38;13.3;8.42;3.44;1.6;;;12.72;12.83;18.66;20.14;20.45;10.98;3.81;0.41;;15.64;19.45;18.08;21.19;13.22;6.24;3.73;1.23;1.23;;;11.76;7.35;10.29;22.06;25;16.18;5.88;1.47;;13.24;17.65;26.47;16.18;17.65;5.88;2.94;;;;;12.61;12.16;17.64;20.37;21.01;11.61;4.06;0.54;;15.35;19.23;19.1;20.58;13.76;6.19;3.63;1.08;1.08;;
2023;25;Paraíba;2516201;Sousa;Estadual;Urbana;210.71;212.69;247.98;244.62;280.83;275.93;4.76;13.24;11.84;12.03;16.03;17.11;11.16;10.03;2.59;1.22;2.38;10.73;12.9;10.89;18.06;25.08;10.08;5.05;3.68;1.16;0;24.11;11.69;13.05;16.68;15.08;10.93;5.45;3;0;17.39;19.91;16.84;19.16;13.05;8.56;3.99;1.09;0;0;11.33;12.61;19.3;20.06;20.43;11.66;4.13;0.47;0;13.05;19.98;17.01;22.89;13.29;6.92;4.04;1.41;1.41;0;0;11.76;7.35;10.29;22.06;25;16.18;5.88;1.47;0;13.24;17.65;26.47;16.18;17.65;5.88;2.94;0;0;0;0;11.39;11.89;18.06;20.34;21.06;12.28;4.37;0.61;0;13.08;19.66;18.31;21.97;13.89;6.77;3.89;1.21;1.22;0;0
2023;25;Paraíba;2516201;Sousa;Estadual;Rural;214.12;227.7;257.59;247.63;267.77;251.75;0;13.51;24.32;8.11;10.81;10.81;8.11;24.32;0;0;0;5.41;13.51;18.92;8.11;18.92;16.22;10.81;8.11;0;0;12.66;15.77;14.17;19.45;17.63;10.52;5.86;3.95;0;14.24;18.95;19.36;20.38;14.47;7.78;0.92;3.9;0;0;22.22;14.29;14.29;20.63;20.63;6.35;1.59;0;0;33.33;15.87;25.4;9.52;12.7;1.59;1.59;0;0;0;0;;;;;;;;;;;;;;;;;;;;;22.22;14.29;14.29;20.63;20.63;6.35;1.59;0;0;33.33;15.87;25.4;9.52;12.7;1.59;1.59;0;0;0;0
2023;25;Paraíba;2516201;Sousa;Municipal;Total;218.61;232.53;267.47;262.08;;;3.29;9.37;9.4;14.88;16.93;15.72;14.28;10.92;3.86;1.36;1.58;6.23;10.05;14.42;13.46;15.2;13.83;11.82;7.01;5.06;1.34;8.75;10.16;16.9;19.27;18.87;14.93;9.69;1.42;;10.21;11.12;17.86;19.78;15.4;17.86;6.33;0.96;0.49;;;;;;;;;;;;;;;;;;;;;;;;;;;;;;;;;;;;;;;;;;;;;;;;;;;;;;;;;;;;;
2023;25;Paraíba;2516201;Sousa;Municipal;Urbana;217.38;231.49;269.68;263.29;;;3.56;9.24;9.92;14.46;17.91;16.09;13.35;10.36;3.77;1.34;1.6;5.85;10.45;15.69;14.14;14.41;12.61;11.61;6.96;5.16;1.53;7.63;9.33;15.69;20.87;20.97;13.9;10.5;1.13;0;8.81;11.64;16.84;22.06;15.05;19.16;4.71;1.15;0.59;0;;;;;;;;;;;;;;;;;;;;;;;;;;;;;;;;;;;;;;;;;;;;;;;;;;;;;;;;;;;;
2023;25;Paraíba;2516201;Sousa;Municipal;Rural;226.92;239.53;256.61;256.13;;;1.47;10.29;5.88;17.65;10.29;13.24;20.59;14.71;4.41;1.47;1.47;8.82;7.35;5.88;8.82;20.59;22.06;13.24;7.35;4.41;0;14.29;14.29;22.86;11.43;8.57;20;5.71;2.86;0;17.14;8.57;22.86;8.57;17.14;11.43;14.29;0;0;0;;;;;;;;;;;;;;;;;;;;;;;;;;;;;;;;;;;;;;;;;;;;;;;;;;;;;;;;;;;;
2023;25;Paraíba;2516201;Sousa;Total - Estadual e Municipal;Total;217.31;229.63;254.54;249.76;279.16;272.85;3.3;10.12;10.57;14.11;16.46;15.62;13.52;11.57;3.47;1.26;1.6;6.78;10.63;14.21;13.76;16.72;13.47;10.86;6.63;4.26;1.08;18.44;11.81;14.24;17.75;16.45;11.96;6.66;2.69;;15.03;17.4;17.45;19.49;13.87;10.98;4.22;1.42;0.13;;12.72;12.83;18.66;20.14;20.45;10.98;3.81;0.41;;15.64;19.45;18.08;21.19;13.22;6.24;3.73;1.23;1.23;;;11.76;7.35;10.29;22.06;25;16.18;5.88;1.47;;13.24;17.65;26.47;16.18;17.65;5.88;2.94;;;;;12.61;12.16;17.64;20.37;21.01;11.61;4.06;0.54;;15.35;19.23;19.1;20.58;13.76;6.19;3.63;1.08;1.08;;
2023;25;Paraíba;2516201;Sousa;Total - Estadual e Municipal;Urbana;216.33;228.52;253.93;249.74;280.83;275.93;3.75;9.87;10.23;14.08;17.61;16.25;13;10.31;3.59;1.32;1.72;6.62;10.84;14.93;14.76;16.09;12.21;10.57;6.45;4.53;1.29;19.59;11.04;13.77;17.83;16.7;11.75;6.84;2.48;;15.04;17.64;16.84;19.96;13.6;11.47;4.19;1.11;0.16;;11.33;12.61;19.3;20.06;20.43;11.66;4.13;0.47;;13.05;19.98;17.01;22.89;13.29;6.92;4.04;1.41;1.41;;;11.76;7.35;10.29;22.06;25;16.18;5.88;1.47;;13.24;17.65;26.47;16.18;17.65;5.88;2.94;;;;;11.39;11.89;18.06;20.34;21.06;12.28;4.37;0.61;;13.08;19.66;18.31;21.97;13.89;6.77;3.89;1.21;1.22;;
2023;25;Paraíba;2516201;Sousa;Total - Estadual e Municipal;Rural;222.41;235.36;257.34;249.83;267.77;251.75;0.95;11.43;12.38;14.29;10.48;12.38;16.19;18.1;2.86;0.95;0.95;7.62;9.52;10.48;8.57;20;20;12.38;7.62;2.86;;13.08;15.39;16.42;17.37;15.28;12.97;5.82;3.67;;14.99;16.26;20.27;17.32;15.16;8.73;4.38;2.89;;;22.22;14.29;14.29;20.63;20.63;6.35;1.59;;;33.33;15.87;25.4;9.52;12.7;1.59;1.59;;;;;;;;;;;;;;;;;;;;;;;;;22.22;14.29;14.29;20.63;20.63;6.35;1.59;;;33.33;15.87;25.4;9.52;12.7;1.59;1.59;;;;
2023;25;Paraíba;2516201;Sousa;Total - Federal  Estadual e Municipal;Total;217.31;229.63;254.54;249.76;279.16;272.85;3.3;10.12;10.57;14.11;16.46;15.62;13.52;11.57;3.47;1.26;1.6;6.78;10.63;14.21;13.76;16.72;13.47;10.86;6.63;4.26;1.08;18.44;11.81;14.24;17.75;16.45;11.96;6.66;2.69;;15.03;17.4;17.45;19.49;13.87;10.98;4.22;1.42;0.13;;12.72;12.83;18.66;20.14;20.45;10.98;3.81;0.41;;15.64;19.45;18.08;21.19;13.22;6.24;3.73;1.23;1.23;;;11.29;7.88;15.32;20.83;19.67;18.02;5.78;1.21;;10.09;14.85;24.85;15.21;19.18;6.78;6.54;2.5;;;;12.36;11.58;17.82;20.31;20.26;12.75;4.3;0.61;;14.24;18.3;19.79;19.68;14.72;6.37;4.43;1.55;0.92;;
2023;25;Paraíba;2516201;Sousa;Total - Federal  Estadual e Municipal;Urbana;216.33;228.52;253.93;249.74;280.83;275.93;3.75;9.87;10.23;14.08;17.61;16.25;13;10.31;3.59;1.32;1.72;6.62;10.84;14.93;14.76;16.09;12.21;10.57;6.45;4.53;1.29;19.59;11.04;13.77;17.83;16.7;11.75;6.84;2.48;;15.04;17.64;16.84;19.96;13.6;11.47;4.19;1.11;0.16;;11.33;12.61;19.3;20.06;20.43;11.66;4.13;0.47;;13.05;19.98;17.01;22.89;13.29;6.92;4.04;1.41;1.41;;;11.29;7.88;15.32;20.83;19.67;18.02;5.78;1.21;;10.09;14.85;24.85;15.21;19.18;6.78;6.54;2.5;;;;11.32;11.3;18.19;20.28;20.22;13.43;4.59;0.68;;12.23;18.55;19.19;20.75;14.93;6.88;4.73;1.71;1.02;;
2023;25;Paraíba;2516201;Sousa;Total - Federal  Estadual e Municipal;Rural;222.41;235.36;257.34;249.83;267.77;251.75;0.95;11.43;12.38;14.29;10.48;12.38;16.19;18.1;2.86;0.95;0.95;7.62;9.52;10.48;8.57;20;20;12.38;7.62;2.86;;13.08;15.39;16.42;17.37;15.28;12.97;5.82;3.67;;14.99;16.26;20.27;17.32;15.16;8.73;4.38;2.89;;;22.22;14.29;14.29;20.63;20.63;6.35;1.59;;;33.33;15.87;25.4;9.52;12.7;1.59;1.59;;;;;;;;;;;;;;;;;;;;;;;;;22.22;14.29;14.29;20.63;20.63;6.35;1.59;;;33.33;15.87;25.4;9.52;12.7;1.59;1.59;;;;
2023;25;Paraíba;2516300;Sumé;Total - Federal  Estadual  Municipal e Privada;Total;203.88;211.19;266.87;254.54;;;4.23;10.01;15.49;19.09;15.81;18.25;10.2;6.92;;;1.81;5.99;12.99;25.55;23.34;7.68;10.7;9.11;1.71;0.55;0.55;6.74;10.62;18.26;22.42;16.6;16.05;6.24;3.07;;12.98;6.75;25.45;24.51;15.12;8.97;4.66;1.57;;;;;;;;;;;;;;;;;;;;;;;15.3;14.24;19.53;17.27;17.41;11.21;4.04;1.01;;12.27;19.38;22.41;19.29;17.41;4.14;2.07;3.03;;;;15.43;12.82;17.59;17.21;18.17;14.23;3.64;0.91;;11.05;19.11;23.5;19.03;18.17;4.55;1.86;2.73;;;
2023;25;Paraíba;2516300;Sumé;Total - Federal  Estadual  Municipal e Privada;Urbana;205.41;209.05;266.87;254.54;;;3.53;8.22;14.8;21.1;17.31;18.89;9.45;6.71;;;2.14;7.09;12.41;24.65;25.48;6.21;10.61;8.73;2.02;;0.65;6.74;10.62;18.26;22.42;16.6;16.05;6.24;3.07;;12.98;6.75;25.45;24.51;15.12;8.97;4.66;1.57;;;;;;;;;;;;;;;;;;;;;;;15.3;14.24;19.53;17.27;17.41;11.21;4.04;1.01;;12.27;19.38;22.41;19.29;17.41;4.14;2.07;3.03;;;;15.43;12.82;17.59;17.21;18.17;14.23;3.64;0.91;;11.05;19.11;23.5;19.03;18.17;4.55;1.86;2.73;;;
2023;25;Paraíba;2516300;Sumé;Total - Federal  Estadual  Municipal e Privada;Rural;195.55;222.86;;;;;8.1;19.76;19.29;8.1;7.62;14.76;14.29;8.1;;;;;16.19;30.48;11.67;15.71;11.19;11.19;;3.57;;;;;;;;;;;;;;;;;;;;;;;;;;;;;;;;;;;;;;;;;;;;;;;;;;;;;;;;;;;;;;;;;;;;;;;;;;;;;;;;
2023;25;Paraíba;2516300;Sumé;Estadual;Total;;;;;295.05;281;;;;;;;;;;;;;;;;;;;;;;;;;;;;;;;;;;;;;;;;;16.67;;;16.67;25;41.67;;;;;16.67;33.33;16.67;25;8.33;;;;;;15.3;14.24;19.53;17.27;17.41;11.21;4.04;1.01;;12.27;19.38;22.41;19.29;17.41;4.14;2.07;3.03;;;;15.43;12.82;17.59;17.21;18.17;14.23;3.64;0.91;;11.05;19.11;23.5;19.03;18.17;4.55;1.86;2.73;;;
2023;25;Paraíba;2516300;Sumé;Estadual;Urbana;;;;;295.05;281;;;;;;;;;;;;;;;;;;;;;;;;;;;;;;;;;;;;;;;;;16.67;0;0;16.67;25;41.67;0;0;0;0;16.67;33.33;16.67;25;8.33;0;0;0;0;0;15.3;14.24;19.53;17.27;17.41;11.21;4.04;1.01;0;12.27;19.38;22.41;19.29;17.41;4.14;2.07;3.03;0;0;0;15.43;12.82;17.59;17.21;18.17;14.23;3.64;0.91;0;11.05;19.11;23.5;19.03;18.17;4.55;1.86;2.73;0;0;0
2023;25;Paraíba;2516300;Sumé;Municipal;Total;203.88;211.19;266.87;254.54;;;4.23;10.01;15.49;19.09;15.81;18.25;10.2;6.92;;;1.81;5.99;12.99;25.55;23.34;7.68;10.7;9.11;1.71;0.55;0.55;6.74;10.62;18.26;22.42;16.6;16.05;6.24;3.07;;12.98;6.75;25.45;24.51;15.12;8.97;4.66;1.57;;;;;;;;;;;;;;;;;;;;;;;;;;;;;;;;;;;;;;;;;;;;;;;;;;;;;;;;;;;;;;
2023;25;Paraíba;2516300;Sumé;Municipal;Urbana;205.41;209.05;266.87;254.54;;;3.53;8.22;14.8;21.1;17.31;18.89;9.45;6.71;0;0;2.14;7.09;12.41;24.65;25.48;6.21;10.61;8.73;2.02;0;0.65;6.74;10.62;18.26;22.42;16.6;16.05;6.24;3.07;0;12.98;6.75;25.45;24.51;15.12;8.97;4.66;1.57;0;0;;;;;;;;;;;;;;;;;;;;;;;;;;;;;;;;;;;;;;;;;;;;;;;;;;;;;;;;;;;;
2023;25;Paraíba;2516300;Sumé;Municipal;Rural;195.55;222.86;;;;;8.1;19.76;19.29;8.1;7.62;14.76;14.29;8.1;0;0;0;0;16.19;30.48;11.67;15.71;11.19;11.19;0;3.57;0;;;;;;;;;;;;;;;;;;;;;;;;;;;;;;;;;;;;;;;;;;;;;;;;;;;;;;;;;;;;;;;;;;;;;;;;;;;;;;;
2023;25;Paraíba;2516300;Sumé;Total - Estadual e Municipal;Total;203.88;211.19;266.87;254.54;295.05;281;4.23;10.01;15.49;19.09;15.81;18.25;10.2;6.92;;;1.81;5.99;12.99;25.55;23.34;7.68;10.7;9.11;1.71;0.55;0.55;6.74;10.62;18.26;22.42;16.6;16.05;6.24;3.07;;12.98;6.75;25.45;24.51;15.12;8.97;4.66;1.57;;;16.67;;;16.67;25;41.67;;;;;16.67;33.33;16.67;25;8.33;;;;;;15.3;14.24;19.53;17.27;17.41;11.21;4.04;1.01;;12.27;19.38;22.41;19.29;17.41;4.14;2.07;3.03;;;;15.43;12.82;17.59;17.21;18.17;14.23;3.64;0.91;;11.05;19.11;23.5;19.03;18.17;4.55;1.86;2.73;;;
2023;25;Paraíba;2516300;Sumé;Total - Estadual e Municipal;Urbana;205.41;209.05;266.87;254.54;295.05;281;3.53;8.22;14.8;21.1;17.31;18.89;9.45;6.71;;;2.14;7.09;12.41;24.65;25.48;6.21;10.61;8.73;2.02;;0.65;6.74;10.62;18.26;22.42;16.6;16.05;6.24;3.07;;12.98;6.75;25.45;24.51;15.12;8.97;4.66;1.57;;;16.67;;;16.67;25;41.67;;;;;16.67;33.33;16.67;25;8.33;;;;;;15.3;14.24;19.53;17.27;17.41;11.21;4.04;1.01;;12.27;19.38;22.41;19.29;17.41;4.14;2.07;3.03;;;;15.43;12.82;17.59;17.21;18.17;14.23;3.64;0.91;;11.05;19.11;23.5;19.03;18.17;4.55;1.86;2.73;;;
2023;25;Paraíba;2516300;Sumé;Total - Estadual e Municipal;Rural;195.55;222.86;;;;;8.1;19.76;19.29;8.1;7.62;14.76;14.29;8.1;;;;;16.19;30.48;11.67;15.71;11.19;11.19;;3.57;;;;;;;;;;;;;;;;;;;;;;;;;;;;;;;;;;;;;;;;;;;;;;;;;;;;;;;;;;;;;;;;;;;;;;;;;;;;;;;;
2023;25;Paraíba;2516300;Sumé;Total - Federal  Estadual e Municipal;Total;203.88;211.19;266.87;254.54;295.05;281;4.23;10.01;15.49;19.09;15.81;18.25;10.2;6.92;;;1.81;5.99;12.99;25.55;23.34;7.68;10.7;9.11;1.71;0.55;0.55;6.74;10.62;18.26;22.42;16.6;16.05;6.24;3.07;;12.98;6.75;25.45;24.51;15.12;8.97;4.66;1.57;;;16.67;;;16.67;25;41.67;;;;;16.67;33.33;16.67;25;8.33;;;;;;15.3;14.24;19.53;17.27;17.41;11.21;4.04;1.01;;12.27;19.38;22.41;19.29;17.41;4.14;2.07;3.03;;;;15.43;12.82;17.59;17.21;18.17;14.23;3.64;0.91;;11.05;19.11;23.5;19.03;18.17;4.55;1.86;2.73;;;
2023;25;Paraíba;2516300;Sumé;Total - Federal  Estadual e Municipal;Urbana;205.41;209.05;266.87;254.54;295.05;281;3.53;8.22;14.8;21.1;17.31;18.89;9.45;6.71;;;2.14;7.09;12.41;24.65;25.48;6.21;10.61;8.73;2.02;;0.65;6.74;10.62;18.26;22.42;16.6;16.05;6.24;3.07;;12.98;6.75;25.45;24.51;15.12;8.97;4.66;1.57;;;16.67;;;16.67;25;41.67;;;;;16.67;33.33;16.67;25;8.33;;;;;;15.3;14.24;19.53;17.27;17.41;11.21;4.04;1.01;;12.27;19.38;22.41;19.29;17.41;4.14;2.07;3.03;;;;15.43;12.82;17.59;17.21;18.17;14.23;3.64;0.91;;11.05;19.11;23.5;19.03;18.17;4.55;1.86;2.73;;;
2023;25;Paraíba;2516300;Sumé;Total - Federal  Estadual e Municipal;Rural;195.55;222.86;;;;;8.1;19.76;19.29;8.1;7.62;14.76;14.29;8.1;;;;;16.19;30.48;11.67;15.71;11.19;11.19;;3.57;;;;;;;;;;;;;;;;;;;;;;;;;;;;;;;;;;;;;;;;;;;;;;;;;;;;;;;;;;;;;;;;;;;;;;;;;;;;;;;;
2023;25;Paraíba;2516409;Tacima;Total - Federal  Estadual  Municipal e Privada;Total;187.02;196.52;221.53;223.41;274.49;277.31;11.78;10.1;17.71;17.87;19.79;9.7;13.06;;;;5.77;10.26;14.74;21.55;21.31;15.22;3.69;5.61;1.84;;;37.87;18.81;15.18;14.26;10.1;2.74;1.03;;;28.09;30.45;18.78;10.78;7.25;3.74;0.91;;;;9.71;19.43;21.81;29.43;9.81;;7.43;2.38;;17.05;12.19;24.29;24.38;7.24;2.48;4.95;4.95;2.48;;;;;;;;;;;;;;;;;;;;;;;9.71;19.43;21.81;29.43;9.81;;7.43;2.38;;17.05;12.19;24.29;24.38;7.24;2.48;4.95;4.95;2.48;;
2023;25;Paraíba;2516409;Tacima;Total - Federal  Estadual  Municipal e Privada;Urbana;187.02;196.52;219.51;224.76;274.49;277.31;11.78;10.1;17.71;17.87;19.79;9.7;13.06;;;;5.77;10.26;14.74;21.55;21.31;15.22;3.69;5.61;1.84;;;39.55;18.98;12.21;15.8;11.83;1.63;;;;31.15;25.33;17.22;11.5;8.82;4.47;1.51;;;;9.71;19.43;21.81;29.43;9.81;;7.43;2.38;;17.05;12.19;24.29;24.38;7.24;2.48;4.95;4.95;2.48;;;;;;;;;;;;;;;;;;;;;;;9.71;19.43;21.81;29.43;9.81;;7.43;2.38;;17.05;12.19;24.29;24.38;7.24;2.48;4.95;4.95;2.48;;
2023;25;Paraíba;2516409;Tacima;Total - Federal  Estadual  Municipal e Privada;Rural;;;224.64;221.33;;;;;;;;;;;;;;;;;;;;;;;;35.29;18.56;19.74;11.9;7.45;4.44;2.61;;;23.4;38.3;21.18;9.67;4.84;2.61;;;;;;;;;;;;;;;;;;;;;;;;;;;;;;;;;;;;;;;;;;;;;;;;;;;;;;;;;;;;;;;;
2023;25;Paraíba;2516409;Tacima;Estadual;Total;;;219.55;232.4;274.49;277.31;;;;;;;;;;;;;;;;;;;;;;38.46;23.08;7.69;11.54;19.23;;;;;23.08;19.23;26.92;11.54;11.54;3.85;3.85;;;;9.71;19.43;21.81;29.43;9.81;;7.43;2.38;;17.05;12.19;24.29;24.38;7.24;2.48;4.95;4.95;2.48;;;;;;;;;;;;;;;;;;;;;;;9.71;19.43;21.81;29.43;9.81;;7.43;2.38;;17.05;12.19;24.29;24.38;7.24;2.48;4.95;4.95;2.48;;
2023;25;Paraíba;2516409;Tacima;Estadual;Urbana;;;219.55;232.4;274.49;277.31;;;;;;;;;;;;;;;;;;;;;;38.46;23.08;7.69;11.54;19.23;0;0;0;0;23.08;19.23;26.92;11.54;11.54;3.85;3.85;0;0;0;9.71;19.43;21.81;29.43;9.81;0;7.43;2.38;0;17.05;12.19;24.29;24.38;7.24;2.48;4.95;4.95;2.48;0;0;;;;;;;;;;;;;;;;;;;;;9.71;19.43;21.81;29.43;9.81;0;7.43;2.38;0;17.05;12.19;24.29;24.38;7.24;2.48;4.95;4.95;2.48;0;0
2023;25;Paraíba;2516409;Tacima;Municipal;Total;187.02;196.52;222.15;220.61;;;11.78;10.1;17.71;17.87;19.79;9.7;13.06;;;;5.77;10.26;14.74;21.55;21.31;15.22;3.69;5.61;1.84;;;37.69;17.49;17.5;15.11;7.27;3.59;1.35;;;29.64;33.94;16.26;10.54;5.92;3.71;;;;;;;;;;;;;;;;;;;;;;;;;;;;;;;;;;;;;;;;;;;;;;;;;;;;;;;;;;;;;;;;
2023;25;Paraíba;2516409;Tacima;Municipal;Urbana;187.02;196.52;219.48;219.84;;;11.78;10.1;17.71;17.87;19.79;9.7;13.06;0;0;0;5.77;10.26;14.74;21.55;21.31;15.22;3.69;5.61;1.84;0;0;40.25;16.35;15.11;18.54;7.07;2.68;0;0;0;36.33;29.26;10.99;11.47;7.07;4.88;0;0;0;0;;;;;;;;;;;;;;;;;;;;;;;;;;;;;;;;;;;;;;;;;;;;;;;;;;;;;;;;;;;;
2023;25;Paraíba;2516409;Tacima;Municipal;Rural;;;224.64;221.33;;;;;;;;;;;;;;;;;;;;;;;;35.29;18.56;19.74;11.9;7.45;4.44;2.61;0;0;23.4;38.3;21.18;9.67;4.84;2.61;0;0;0;0;;;;;;;;;;;;;;;;;;;;;;;;;;;;;;;;;;;;;;;;;;;;;;;;;;;;;;;;;;;;
2023;25;Paraíba;2516409;Tacima;Total - Estadual e Municipal;Total;187.02;196.52;221.53;223.41;274.49;277.31;11.78;10.1;17.71;17.87;19.79;9.7;13.06;;;;5.77;10.26;14.74;21.55;21.31;15.22;3.69;5.61;1.84;;;37.87;18.81;15.18;14.26;10.1;2.74;1.03;;;28.09;30.45;18.78;10.78;7.25;3.74;0.91;;;;9.71;19.43;21.81;29.43;9.81;;7.43;2.38;;17.05;12.19;24.29;24.38;7.24;2.48;4.95;4.95;2.48;;;;;;;;;;;;;;;;;;;;;;;9.71;19.43;21.81;29.43;9.81;;7.43;2.38;;17.05;12.19;24.29;24.38;7.24;2.48;4.95;4.95;2.48;;
2023;25;Paraíba;2516409;Tacima;Total - Estadual e Municipal;Urbana;187.02;196.52;219.51;224.76;274.49;277.31;11.78;10.1;17.71;17.87;19.79;9.7;13.06;;;;5.77;10.26;14.74;21.55;21.31;15.22;3.69;5.61;1.84;;;39.55;18.98;12.21;15.8;11.83;1.63;;;;31.15;25.33;17.22;11.5;8.82;4.47;1.51;;;;9.71;19.43;21.81;29.43;9.81;;7.43;2.38;;17.05;12.19;24.29;24.38;7.24;2.48;4.95;4.95;2.48;;;;;;;;;;;;;;;;;;;;;;;9.71;19.43;21.81;29.43;9.81;;7.43;2.38;;17.05;12.19;24.29;24.38;7.24;2.48;4.95;4.95;2.48;;
2023;25;Paraíba;2516409;Tacima;Total - Estadual e Municipal;Rural;;;224.64;221.33;;;;;;;;;;;;;;;;;;;;;;;;35.29;18.56;19.74;11.9;7.45;4.44;2.61;;;23.4;38.3;21.18;9.67;4.84;2.61;;;;;;;;;;;;;;;;;;;;;;;;;;;;;;;;;;;;;;;;;;;;;;;;;;;;;;;;;;;;;;;;
2023;25;Paraíba;2516409;Tacima;Total - Federal  Estadual e Municipal;Total;187.02;196.52;221.53;223.41;274.49;277.31;11.78;10.1;17.71;17.87;19.79;9.7;13.06;;;;5.77;10.26;14.74;21.55;21.31;15.22;3.69;5.61;1.84;;;37.87;18.81;15.18;14.26;10.1;2.74;1.03;;;28.09;30.45;18.78;10.78;7.25;3.74;0.91;;;;9.71;19.43;21.81;29.43;9.81;;7.43;2.38;;17.05;12.19;24.29;24.38;7.24;2.48;4.95;4.95;2.48;;;;;;;;;;;;;;;;;;;;;;;9.71;19.43;21.81;29.43;9.81;;7.43;2.38;;17.05;12.19;24.29;24.38;7.24;2.48;4.95;4.95;2.48;;
2023;25;Paraíba;2516409;Tacima;Total - Federal  Estadual e Municipal;Urbana;187.02;196.52;219.51;224.76;274.49;277.31;11.78;10.1;17.71;17.87;19.79;9.7;13.06;;;;5.77;10.26;14.74;21.55;21.31;15.22;3.69;5.61;1.84;;;39.55;18.98;12.21;15.8;11.83;1.63;;;;31.15;25.33;17.22;11.5;8.82;4.47;1.51;;;;9.71;19.43;21.81;29.43;9.81;;7.43;2.38;;17.05;12.19;24.29;24.38;7.24;2.48;4.95;4.95;2.48;;;;;;;;;;;;;;;;;;;;;;;9.71;19.43;21.81;29.43;9.81;;7.43;2.38;;17.05;12.19;24.29;24.38;7.24;2.48;4.95;4.95;2.48;;
2023;25;Paraíba;2516409;Tacima;Total - Federal  Estadual e Municipal;Rural;;;224.64;221.33;;;;;;;;;;;;;;;;;;;;;;;;35.29;18.56;19.74;11.9;7.45;4.44;2.61;;;23.4;38.3;21.18;9.67;4.84;2.61;;;;;;;;;;;;;;;;;;;;;;;;;;;;;;;;;;;;;;;;;;;;;;;;;;;;;;;;;;;;;;;;
2023;25;Paraíba;2516508;Taperoá;Total - Federal  Estadual  Municipal e Privada;Total;177.66;190.72;241.41;235.3;277.62;265.7;13.73;19.57;14.32;19.33;15.11;12.7;2.67;2.57;;;7.1;13.02;18.48;22.02;16.86;13.19;5.38;2.11;1.85;;;19.5;22.38;16.99;15.25;10.83;9.07;4.59;1.39;;18.4;22.49;21.29;16.99;15.53;3.52;1.78;;;;11.14;20.27;13.7;21.65;17.07;11.43;4;0.74;;19.74;17.59;23.98;20.43;10.01;3.05;3.72;1.48;;;;;;;;;;;;;;;;;;;;;;;;11.14;20.27;13.7;21.65;17.07;11.43;4;0.74;;19.74;17.59;23.98;20.43;10.01;3.05;3.72;1.48;;;
2023;25;Paraíba;2516508;Taperoá;Total - Federal  Estadual  Municipal e Privada;Urbana;179.79;192.55;241.41;235.3;277.62;265.7;12.65;18.87;13.28;20.62;16.11;12.88;2.85;2.74;;;7.58;11.89;16.38;22.82;17.32;14.07;5.74;2.25;1.97;;;19.5;22.38;16.99;15.25;10.83;9.07;4.59;1.39;;18.4;22.49;21.29;16.99;15.53;3.52;1.78;;;;11.14;20.27;13.7;21.65;17.07;11.43;4;0.74;;19.74;17.59;23.98;20.43;10.01;3.05;3.72;1.48;;;;;;;;;;;;;;;;;;;;;;;;11.14;20.27;13.7;21.65;17.07;11.43;4;0.74;;19.74;17.59;23.98;20.43;10.01;3.05;3.72;1.48;;;
2023;25;Paraíba;2516508;Taperoá;Total - Federal  Estadual  Municipal e Privada;Rural;145.71;163.15;;;;;30;30;30;;;10;;;;;;30;50;10;10;;;;;;;;;;;;;;;;;;;;;;;;;;;;;;;;;;;;;;;;;;;;;;;;;;;;;;;;;;;;;;;;;;;;;;;;;;;;;;;;;;;;;
2023;25;Paraíba;2516508;Taperoá;Estadual;Total;;;241.03;237.45;277.62;265.7;;;;;;;;;;;;;;;;;;;;;;19.76;19.28;19.27;16.95;10.75;8.98;4.18;0.82;;18.04;19.1;23.06;19.29;15.23;3.94;1.34;;;;11.14;20.27;13.7;21.65;17.07;11.43;4;0.74;;19.74;17.59;23.98;20.43;10.01;3.05;3.72;1.48;;;;;;;;;;;;;;;;;;;;;;;;11.14;20.27;13.7;21.65;17.07;11.43;4;0.74;;19.74;17.59;23.98;20.43;10.01;3.05;3.72;1.48;;;
2023;25;Paraíba;2516508;Taperoá;Estadual;Urbana;;;241.03;237.45;277.62;265.7;;;;;;;;;;;;;;;;;;;;;;19.76;19.28;19.27;16.95;10.75;8.98;4.18;0.82;0;18.04;19.1;23.06;19.29;15.23;3.94;1.34;0;0;0;11.14;20.27;13.7;21.65;17.07;11.43;4;0.74;0;19.74;17.59;23.98;20.43;10.01;3.05;3.72;1.48;0;0;0;;;;;;;;;;;;;;;;;;;;;11.14;20.27;13.7;21.65;17.07;11.43;4;0.74;0;19.74;17.59;23.98;20.43;10.01;3.05;3.72;1.48;0;0;0
2023;25;Paraíba;2516508;Taperoá;Municipal;Total;177.66;190.72;242.19;230.94;;;13.73;19.57;14.32;19.33;15.11;12.7;2.67;2.57;;;7.1;13.02;18.48;22.02;16.86;13.19;5.38;2.11;1.85;;;18.97;28.7;12.35;11.79;11;9.26;5.41;2.53;;19.15;29.39;17.7;12.29;16.14;2.66;2.66;;;;;;;;;;;;;;;;;;;;;;;;;;;;;;;;;;;;;;;;;;;;;;;;;;;;;;;;;;;;;;;
2023;25;Paraíba;2516508;Taperoá;Municipal;Urbana;179.79;192.55;242.19;230.94;;;12.65;18.87;13.28;20.62;16.11;12.88;2.85;2.74;0;0;7.58;11.89;16.38;22.82;17.32;14.07;5.74;2.25;1.97;0;0;18.97;28.7;12.35;11.79;11;9.26;5.41;2.53;0;19.15;29.39;17.7;12.29;16.14;2.66;2.66;0;0;0;;;;;;;;;;;;;;;;;;;;;;;;;;;;;;;;;;;;;;;;;;;;;;;;;;;;;;;;;;;;
2023;25;Paraíba;2516508;Taperoá;Municipal;Rural;145.71;163.15;;;;;30;30;30;0;0;10;0;0;0;0;0;30;50;10;10;0;0;0;0;0;0;;;;;;;;;;;;;;;;;;;;;;;;;;;;;;;;;;;;;;;;;;;;;;;;;;;;;;;;;;;;;;;;;;;;;;;;;;;;;;;
2023;25;Paraíba;2516508;Taperoá;Total - Estadual e Municipal;Total;177.66;190.72;241.41;235.3;277.62;265.7;13.73;19.57;14.32;19.33;15.11;12.7;2.67;2.57;;;7.1;13.02;18.48;22.02;16.86;13.19;5.38;2.11;1.85;;;19.5;22.38;16.99;15.25;10.83;9.07;4.59;1.39;;18.4;22.49;21.29;16.99;15.53;3.52;1.78;;;;11.14;20.27;13.7;21.65;17.07;11.43;4;0.74;;19.74;17.59;23.98;20.43;10.01;3.05;3.72;1.48;;;;;;;;;;;;;;;;;;;;;;;;11.14;20.27;13.7;21.65;17.07;11.43;4;0.74;;19.74;17.59;23.98;20.43;10.01;3.05;3.72;1.48;;;
2023;25;Paraíba;2516508;Taperoá;Total - Estadual e Municipal;Urbana;179.79;192.55;241.41;235.3;277.62;265.7;12.65;18.87;13.28;20.62;16.11;12.88;2.85;2.74;;;7.58;11.89;16.38;22.82;17.32;14.07;5.74;2.25;1.97;;;19.5;22.38;16.99;15.25;10.83;9.07;4.59;1.39;;18.4;22.49;21.29;16.99;15.53;3.52;1.78;;;;11.14;20.27;13.7;21.65;17.07;11.43;4;0.74;;19.74;17.59;23.98;20.43;10.01;3.05;3.72;1.48;;;;;;;;;;;;;;;;;;;;;;;;11.14;20.27;13.7;21.65;17.07;11.43;4;0.74;;19.74;17.59;23.98;20.43;10.01;3.05;3.72;1.48;;;
2023;25;Paraíba;2516508;Taperoá;Total - Estadual e Municipal;Rural;145.71;163.15;;;;;30;30;30;;;10;;;;;;30;50;10;10;;;;;;;;;;;;;;;;;;;;;;;;;;;;;;;;;;;;;;;;;;;;;;;;;;;;;;;;;;;;;;;;;;;;;;;;;;;;;;;;;;;;;
2023;25;Paraíba;2516508;Taperoá;Total - Federal  Estadual e Municipal;Total;177.66;190.72;241.41;235.3;277.62;265.7;13.73;19.57;14.32;19.33;15.11;12.7;2.67;2.57;;;7.1;13.02;18.48;22.02;16.86;13.19;5.38;2.11;1.85;;;19.5;22.38;16.99;15.25;10.83;9.07;4.59;1.39;;18.4;22.49;21.29;16.99;15.53;3.52;1.78;;;;11.14;20.27;13.7;21.65;17.07;11.43;4;0.74;;19.74;17.59;23.98;20.43;10.01;3.05;3.72;1.48;;;;;;;;;;;;;;;;;;;;;;;;11.14;20.27;13.7;21.65;17.07;11.43;4;0.74;;19.74;17.59;23.98;20.43;10.01;3.05;3.72;1.48;;;
2023;25;Paraíba;2516508;Taperoá;Total - Federal  Estadual e Municipal;Urbana;179.79;192.55;241.41;235.3;277.62;265.7;12.65;18.87;13.28;20.62;16.11;12.88;2.85;2.74;;;7.58;11.89;16.38;22.82;17.32;14.07;5.74;2.25;1.97;;;19.5;22.38;16.99;15.25;10.83;9.07;4.59;1.39;;18.4;22.49;21.29;16.99;15.53;3.52;1.78;;;;11.14;20.27;13.7;21.65;17.07;11.43;4;0.74;;19.74;17.59;23.98;20.43;10.01;3.05;3.72;1.48;;;;;;;;;;;;;;;;;;;;;;;;11.14;20.27;13.7;21.65;17.07;11.43;4;0.74;;19.74;17.59;23.98;20.43;10.01;3.05;3.72;1.48;;;
2023;25;Paraíba;2516508;Taperoá;Total - Federal  Estadual e Municipal;Rural;145.71;163.15;;;;;30;30;30;;;10;;;;;;30;50;10;10;;;;;;;;;;;;;;;;;;;;;;;;;;;;;;;;;;;;;;;;;;;;;;;;;;;;;;;;;;;;;;;;;;;;;;;;;;;;;;;;;;;;;
2023;25;Paraíba;2516607;Tavares;Total - Federal  Estadual  Municipal e Privada;Total;208.24;220.99;255.98;256.16;;;8.99;11.7;8.32;13.61;20.68;11.23;10.71;10;4.75;;5.53;9.61;9.71;14.59;8.14;18.42;11.89;14.34;5.48;2.3;;13.06;13.44;17.5;20.04;16.73;13.57;3.17;2.51;;13.8;16.16;17.79;13.68;17.4;14.31;4.29;2.57;;;;;;;;;;;;;;;;;;;;;;;;;;;;;;;;;;;;;;;;;;;;;;;;;;;;;;;;;;;;;;
2023;25;Paraíba;2516607;Tavares;Total - Federal  Estadual  Municipal e Privada;Urbana;205.85;217.42;250.51;251.97;;;10.3;11.69;9.53;13.03;19.42;12.01;10.56;8.03;5.44;;6.33;10.16;10.26;15.85;7.61;18.53;10.19;13;5.43;2.63;;13.92;13.78;20.82;22.32;13.87;9.65;4.53;1.11;;16.38;18.69;11.07;16.77;16.46;17.3;2.16;1.16;;;;;;;;;;;;;;;;;;;;;;;;;;;;;;;;;;;;;;;;;;;;;;;;;;;;;;;;;;;;;;
2023;25;Paraíba;2516607;Tavares;Total - Federal  Estadual  Municipal e Privada;Rural;224.64;245.56;262.83;261.41;281.1;284.27;;11.76;;17.65;29.41;5.88;11.76;23.53;;;;5.88;5.88;5.88;11.76;17.65;23.53;23.53;5.88;;;11.97;13.01;13.36;17.18;20.3;18.46;1.47;4.25;;10.58;13.01;26.18;9.8;18.57;10.58;6.94;4.33;;;6.25;25;18.75;12.5;6.25;25;6.25;;;;31.25;18.75;12.5;25;6.25;;6.25;;;;;;;;;;;;;;;;;;;;;;;;6.25;25;18.75;12.5;6.25;25;6.25;;;;31.25;18.75;12.5;25;6.25;;6.25;;;
2023;25;Paraíba;2516607;Tavares;Estadual;Total;;;272.99;262.37;;;;;;;;;;;;;;;;;;;;;;;;10.53;5.26;10.53;15.79;15.79;31.58;10.53;;;5.26;10.53;15.79;31.58;10.53;21.05;5.26;;;;;;;;;;;;;;;;;;;;;;;;;;;;;;;;;;;;;;;;;;;;;;;;;;;;;;;;;;;;;;;
2023;25;Paraíba;2516607;Tavares;Estadual;Urbana;;;272.99;262.37;;;;;;;;;;;;;;;;;;;;;;;;10.53;5.26;10.53;15.79;15.79;31.58;10.53;0;0;5.26;10.53;15.79;31.58;10.53;21.05;5.26;0;0;0;;;;;;;;;;;;;;;;;;;;;;;;;;;;;;;;;;;;;;;;;;;;;;;;;;;;;;;;;;;;
2023;25;Paraíba;2516607;Tavares;Estadual;Rural;;;;;281.1;284.27;;;;;;;;;;;;;;;;;;;;;;;;;;;;;;;;;;;;;;;;;6.25;25;18.75;12.5;6.25;25;6.25;0;0;0;31.25;18.75;12.5;25;6.25;0;6.25;0;0;0;;;;;;;;;;;;;;;;;;;;;6.25;25;18.75;12.5;6.25;25;6.25;0;0;0;31.25;18.75;12.5;25;6.25;0;6.25;0;0;0
2023;25;Paraíba;2516607;Tavares;Municipal;Total;208.24;220.99;253.86;255.39;;;8.99;11.7;8.32;13.61;20.68;11.23;10.71;10;4.75;;5.53;9.61;9.71;14.59;8.14;18.42;11.89;14.34;5.48;2.3;;13.37;14.46;18.37;20.57;16.84;11.32;2.25;2.82;;14.87;16.87;18.04;11.44;18.26;13.47;4.17;2.89;;;;;;;;;;;;;;;;;;;;;;;;;;;;;;;;;;;;;;;;;;;;;;;;;;;;;;;;;;;;;;
2023;25;Paraíba;2516607;Tavares;Municipal;Urbana;205.85;217.42;244.88;249.37;;;10.3;11.69;9.53;13.03;19.42;12.01;10.56;8.03;5.44;0;6.33;10.16;10.26;15.85;7.61;18.53;10.19;13;5.43;2.63;0;14.77;15.91;23.39;23.96;13.38;4.17;3.03;1.39;0;19.16;20.73;9.9;13.07;17.95;16.36;1.39;1.45;0;0;;;;;;;;;;;;;;;;;;;;;;;;;;;;;;;;;;;;;;;;;;;;;;;;;;;;;;;;;;;;
2023;25;Paraíba;2516607;Tavares;Municipal;Rural;224.64;245.56;262.83;261.41;;;0;11.76;0;17.65;29.41;5.88;11.76;23.53;0;0;0;5.88;5.88;5.88;11.76;17.65;23.53;23.53;5.88;0;0;11.97;13.01;13.36;17.18;20.3;18.46;1.47;4.25;0;10.58;13.01;26.18;9.8;18.57;10.58;6.94;4.33;0;0;;;;;;;;;;;;;;;;;;;;;;;;;;;;;;;;;;;;;;;;;;;;;;;;;;;;;;;;;;;;
2023;25;Paraíba;2516607;Tavares;Total - Estadual e Municipal;Total;208.24;220.99;255.98;256.16;;;8.99;11.7;8.32;13.61;20.68;11.23;10.71;10;4.75;;5.53;9.61;9.71;14.59;8.14;18.42;11.89;14.34;5.48;2.3;;13.06;13.44;17.5;20.04;16.73;13.57;3.17;2.51;;13.8;16.16;17.79;13.68;17.4;14.31;4.29;2.57;;;;;;;;;;;;;;;;;;;;;;;;;;;;;;;;;;;;;;;;;;;;;;;;;;;;;;;;;;;;;;
2023;25;Paraíba;2516607;Tavares;Total - Estadual e Municipal;Urbana;205.85;217.42;250.51;251.97;;;10.3;11.69;9.53;13.03;19.42;12.01;10.56;8.03;5.44;;6.33;10.16;10.26;15.85;7.61;18.53;10.19;13;5.43;2.63;;13.92;13.78;20.82;22.32;13.87;9.65;4.53;1.11;;16.38;18.69;11.07;16.77;16.46;17.3;2.16;1.16;;;;;;;;;;;;;;;;;;;;;;;;;;;;;;;;;;;;;;;;;;;;;;;;;;;;;;;;;;;;;;
2023;25;Paraíba;2516607;Tavares;Total - Estadual e Municipal;Rural;224.64;245.56;262.83;261.41;281.1;284.27;;11.76;;17.65;29.41;5.88;11.76;23.53;;;;5.88;5.88;5.88;11.76;17.65;23.53;23.53;5.88;;;11.97;13.01;13.36;17.18;20.3;18.46;1.47;4.25;;10.58;13.01;26.18;9.8;18.57;10.58;6.94;4.33;;;6.25;25;18.75;12.5;6.25;25;6.25;;;;31.25;18.75;12.5;25;6.25;;6.25;;;;;;;;;;;;;;;;;;;;;;;;6.25;25;18.75;12.5;6.25;25;6.25;;;;31.25;18.75;12.5;25;6.25;;6.25;;;
2023;25;Paraíba;2516607;Tavares;Total - Federal  Estadual e Municipal;Total;208.24;220.99;255.98;256.16;;;8.99;11.7;8.32;13.61;20.68;11.23;10.71;10;4.75;;5.53;9.61;9.71;14.59;8.14;18.42;11.89;14.34;5.48;2.3;;13.06;13.44;17.5;20.04;16.73;13.57;3.17;2.51;;13.8;16.16;17.79;13.68;17.4;14.31;4.29;2.57;;;;;;;;;;;;;;;;;;;;;;;;;;;;;;;;;;;;;;;;;;;;;;;;;;;;;;;;;;;;;;
2023;25;Paraíba;2516607;Tavares;Total - Federal  Estadual e Municipal;Urbana;205.85;217.42;250.51;251.97;;;10.3;11.69;9.53;13.03;19.42;12.01;10.56;8.03;5.44;;6.33;10.16;10.26;15.85;7.61;18.53;10.19;13;5.43;2.63;;13.92;13.78;20.82;22.32;13.87;9.65;4.53;1.11;;16.38;18.69;11.07;16.77;16.46;17.3;2.16;1.16;;;;;;;;;;;;;;;;;;;;;;;;;;;;;;;;;;;;;;;;;;;;;;;;;;;;;;;;;;;;;;
2023;25;Paraíba;2516607;Tavares;Total - Federal  Estadual e Municipal;Rural;224.64;245.56;262.83;261.41;281.1;284.27;;11.76;;17.65;29.41;5.88;11.76;23.53;;;;5.88;5.88;5.88;11.76;17.65;23.53;23.53;5.88;;;11.97;13.01;13.36;17.18;20.3;18.46;1.47;4.25;;10.58;13.01;26.18;9.8;18.57;10.58;6.94;4.33;;;6.25;25;18.75;12.5;6.25;25;6.25;;;;31.25;18.75;12.5;25;6.25;;6.25;;;;;;;;;;;;;;;;;;;;;;;;6.25;25;18.75;12.5;6.25;25;6.25;;;;31.25;18.75;12.5;25;6.25;;6.25;;;
2023;25;Paraíba;2516706;Teixeira;Total - Federal  Estadual  Municipal e Privada;Total;197.67;205.53;231.42;229.64;294.26;275.35;3.1;16.93;14.1;22.11;15.81;10.9;10.52;5.35;;1.18;4.41;8.79;11.95;21.6;23.54;12.72;7.4;6.64;2.37;0.59;;30.22;15.79;15.86;17.98;13.66;4.64;1.38;0.46;;28.62;17.59;21.66;14.71;10.58;4.12;2.72;;;;9.07;11.49;9.23;16.18;23.61;25.72;4.69;;;15.87;20.88;11.49;23.77;9.54;9.23;9.23;;;;;9.31;10.71;13.51;14.71;30.14;13.51;6.71;1.4;;10.71;15.02;16.32;29.32;12.11;9.61;5.51;;1.4;;;9.22;11.01;11.88;15.27;27.65;18.17;5.94;0.87;;12.68;17.25;14.48;27.2;11.13;9.47;6.93;;0.87;;
2023;25;Paraíba;2516706;Teixeira;Total - Federal  Estadual  Municipal e Privada;Urbana;197.67;205.53;231.42;229.64;294.26;275.35;3.1;16.93;14.1;22.11;15.81;10.9;10.52;5.35;;1.18;4.41;8.79;11.95;21.6;23.54;12.72;7.4;6.64;2.37;0.59;;30.22;15.79;15.86;17.98;13.66;4.64;1.38;0.46;;28.62;17.59;21.66;14.71;10.58;4.12;2.72;;;;9.07;11.49;9.23;16.18;23.61;25.72;4.69;;;15.87;20.88;11.49;23.77;9.54;9.23;9.23;;;;;9.31;10.71;13.51;14.71;30.14;13.51;6.71;1.4;;10.71;15.02;16.32;29.32;12.11;9.61;5.51;;1.4;;;9.22;11.01;11.88;15.27;27.65;18.17;5.94;0.87;;12.68;17.25;14.48;27.2;11.13;9.47;6.93;;0.87;;
2023;25;Paraíba;2516706;Teixeira;Estadual;Total;;;227.41;225.2;294.26;275.35;;;;;;;;;;;;;;;;;;;;;;32.99;17.48;11.38;19.86;15.29;1.99;;1;;32.66;15.72;21.12;16.58;8.69;1.19;4.05;;;;9.07;11.49;9.23;16.18;23.61;25.72;4.69;;;15.87;20.88;11.49;23.77;9.54;9.23;9.23;;;;;9.31;10.71;13.51;14.71;30.14;13.51;6.71;1.4;;10.71;15.02;16.32;29.32;12.11;9.61;5.51;;1.4;;;9.22;11.01;11.88;15.27;27.65;18.17;5.94;0.87;;12.68;17.25;14.48;27.2;11.13;9.47;6.93;;0.87;;
2023;25;Paraíba;2516706;Teixeira;Estadual;Urbana;;;227.41;225.2;294.26;275.35;;;;;;;;;;;;;;;;;;;;;;32.99;17.48;11.38;19.86;15.29;1.99;0;1;0;32.66;15.72;21.12;16.58;8.69;1.19;4.05;0;0;0;9.07;11.49;9.23;16.18;23.61;25.72;4.69;0;0;15.87;20.88;11.49;23.77;9.54;9.23;9.23;0;0;0;0;9.31;10.71;13.51;14.71;30.14;13.51;6.71;1.4;0;10.71;15.02;16.32;29.32;12.11;9.61;5.51;0;1.4;0;0;9.22;11.01;11.88;15.27;27.65;18.17;5.94;0.87;0;12.68;17.25;14.48;27.2;11.13;9.47;6.93;0;0.87;0;0
2023;25;Paraíba;2516706;Teixeira;Municipal;Total;197.67;205.53;234.86;233.45;;;3.1;16.93;14.1;22.11;15.81;10.9;10.52;5.35;;1.18;4.41;8.79;11.95;21.6;23.54;12.72;7.4;6.64;2.37;0.59;;27.85;14.34;19.69;16.37;12.26;6.92;2.57;;;25.17;19.19;22.12;13.1;12.2;6.63;1.59;;;;;;;;;;;;;;;;;;;;;;;;;;;;;;;;;;;;;;;;;;;;;;;;;;;;;;;;;;;;;;;
2023;25;Paraíba;2516706;Teixeira;Municipal;Urbana;197.67;205.53;234.86;233.45;;;3.1;16.93;14.1;22.11;15.81;10.9;10.52;5.35;0;1.18;4.41;8.79;11.95;21.6;23.54;12.72;7.4;6.64;2.37;0.59;0;27.85;14.34;19.69;16.37;12.26;6.92;2.57;0;0;25.17;19.19;22.12;13.1;12.2;6.63;1.59;0;0;0;;;;;;;;;;;;;;;;;;;;;;;;;;;;;;;;;;;;;;;;;;;;;;;;;;;;;;;;;;;;
2023;25;Paraíba;2516706;Teixeira;Total - Estadual e Municipal;Total;197.67;205.53;231.42;229.64;294.26;275.35;3.1;16.93;14.1;22.11;15.81;10.9;10.52;5.35;;1.18;4.41;8.79;11.95;21.6;23.54;12.72;7.4;6.64;2.37;0.59;;30.22;15.79;15.86;17.98;13.66;4.64;1.38;0.46;;28.62;17.59;21.66;14.71;10.58;4.12;2.72;;;;9.07;11.49;9.23;16.18;23.61;25.72;4.69;;;15.87;20.88;11.49;23.77;9.54;9.23;9.23;;;;;9.31;10.71;13.51;14.71;30.14;13.51;6.71;1.4;;10.71;15.02;16.32;29.32;12.11;9.61;5.51;;1.4;;;9.22;11.01;11.88;15.27;27.65;18.17;5.94;0.87;;12.68;17.25;14.48;27.2;11.13;9.47;6.93;;0.87;;
2023;25;Paraíba;2516706;Teixeira;Total - Estadual e Municipal;Urbana;197.67;205.53;231.42;229.64;294.26;275.35;3.1;16.93;14.1;22.11;15.81;10.9;10.52;5.35;;1.18;4.41;8.79;11.95;21.6;23.54;12.72;7.4;6.64;2.37;0.59;;30.22;15.79;15.86;17.98;13.66;4.64;1.38;0.46;;28.62;17.59;21.66;14.71;10.58;4.12;2.72;;;;9.07;11.49;9.23;16.18;23.61;25.72;4.69;;;15.87;20.88;11.49;23.77;9.54;9.23;9.23;;;;;9.31;10.71;13.51;14.71;30.14;13.51;6.71;1.4;;10.71;15.02;16.32;29.32;12.11;9.61;5.51;;1.4;;;9.22;11.01;11.88;15.27;27.65;18.17;5.94;0.87;;12.68;17.25;14.48;27.2;11.13;9.47;6.93;;0.87;;
2023;25;Paraíba;2516706;Teixeira;Total - Federal  Estadual e Municipal;Total;197.67;205.53;231.42;229.64;294.26;275.35;3.1;16.93;14.1;22.11;15.81;10.9;10.52;5.35;;1.18;4.41;8.79;11.95;21.6;23.54;12.72;7.4;6.64;2.37;0.59;;30.22;15.79;15.86;17.98;13.66;4.64;1.38;0.46;;28.62;17.59;21.66;14.71;10.58;4.12;2.72;;;;9.07;11.49;9.23;16.18;23.61;25.72;4.69;;;15.87;20.88;11.49;23.77;9.54;9.23;9.23;;;;;9.31;10.71;13.51;14.71;30.14;13.51;6.71;1.4;;10.71;15.02;16.32;29.32;12.11;9.61;5.51;;1.4;;;9.22;11.01;11.88;15.27;27.65;18.17;5.94;0.87;;12.68;17.25;14.48;27.2;11.13;9.47;6.93;;0.87;;
2023;25;Paraíba;2516706;Teixeira;Total - Federal  Estadual e Municipal;Urbana;197.67;205.53;231.42;229.64;294.26;275.35;3.1;16.93;14.1;22.11;15.81;10.9;10.52;5.35;;1.18;4.41;8.79;11.95;21.6;23.54;12.72;7.4;6.64;2.37;0.59;;30.22;15.79;15.86;17.98;13.66;4.64;1.38;0.46;;28.62;17.59;21.66;14.71;10.58;4.12;2.72;;;;9.07;11.49;9.23;16.18;23.61;25.72;4.69;;;15.87;20.88;11.49;23.77;9.54;9.23;9.23;;;;;9.31;10.71;13.51;14.71;30.14;13.51;6.71;1.4;;10.71;15.02;16.32;29.32;12.11;9.61;5.51;;1.4;;;9.22;11.01;11.88;15.27;27.65;18.17;5.94;0.87;;12.68;17.25;14.48;27.2;11.13;9.47;6.93;;0.87;;
2023;25;Paraíba;2516755;Tenório;Total - Federal  Estadual  Municipal e Privada;Total;176.53;190.5;236.06;226.45;268.19;260.53;5.88;33.24;19.47;19.47;7.99;3.95;2.02;5.97;2.02;;1.93;25.62;15.52;21.4;9.83;9.63;7.99;8.08;;;;20.77;25.31;20.94;14.4;14.57;2.01;;2.01;;29.5;14.93;22.6;22.77;8.2;2.01;;;;;17.65;17.65;11.76;35.29;11.76;5.88;;;;17.65;41.18;5.88;17.65;11.76;;5.88;;;;;;;;;;;;;;;;;;;;;;;;;17.65;17.65;11.76;35.29;11.76;5.88;;;;17.65;41.18;5.88;17.65;11.76;;5.88;;;;
2023;25;Paraíba;2516755;Tenório;Total - Federal  Estadual  Municipal e Privada;Urbana;176.53;190.5;236.06;226.45;268.19;260.53;5.88;33.24;19.47;19.47;7.99;3.95;2.02;5.97;2.02;;1.93;25.62;15.52;21.4;9.83;9.63;7.99;8.08;;;;20.77;25.31;20.94;14.4;14.57;2.01;;2.01;;29.5;14.93;22.6;22.77;8.2;2.01;;;;;17.65;17.65;11.76;35.29;11.76;5.88;;;;17.65;41.18;5.88;17.65;11.76;;5.88;;;;;;;;;;;;;;;;;;;;;;;;;17.65;17.65;11.76;35.29;11.76;5.88;;;;17.65;41.18;5.88;17.65;11.76;;5.88;;;;
2023;25;Paraíba;2516755;Tenório;Estadual;Total;;;;;268.19;260.53;;;;;;;;;;;;;;;;;;;;;;;;;;;;;;;;;;;;;;;;;17.65;17.65;11.76;35.29;11.76;5.88;;;;17.65;41.18;5.88;17.65;11.76;;5.88;;;;;;;;;;;;;;;;;;;;;;;;;17.65;17.65;11.76;35.29;11.76;5.88;;;;17.65;41.18;5.88;17.65;11.76;;5.88;;;;
2023;25;Paraíba;2516755;Tenório;Estadual;Urbana;;;;;268.19;260.53;;;;;;;;;;;;;;;;;;;;;;;;;;;;;;;;;;;;;;;;;17.65;17.65;11.76;35.29;11.76;5.88;0;0;0;17.65;41.18;5.88;17.65;11.76;0;5.88;0;0;0;0;;;;;;;;;;;;;;;;;;;;;17.65;17.65;11.76;35.29;11.76;5.88;0;0;0;17.65;41.18;5.88;17.65;11.76;0;5.88;0;0;0;0
2023;25;Paraíba;2516755;Tenório;Municipal;Total;176.53;190.5;236.06;226.45;;;5.88;33.24;19.47;19.47;7.99;3.95;2.02;5.97;2.02;;1.93;25.62;15.52;21.4;9.83;9.63;7.99;8.08;;;;20.77;25.31;20.94;14.4;14.57;2.01;;2.01;;29.5;14.93;22.6;22.77;8.2;2.01;;;;;;;;;;;;;;;;;;;;;;;;;;;;;;;;;;;;;;;;;;;;;;;;;;;;;;;;;;;;;;;;
2023;25;Paraíba;2516755;Tenório;Municipal;Urbana;176.53;190.5;236.06;226.45;;;5.88;33.24;19.47;19.47;7.99;3.95;2.02;5.97;2.02;0;1.93;25.62;15.52;21.4;9.83;9.63;7.99;8.08;0;0;0;20.77;25.31;20.94;14.4;14.57;2.01;0;2.01;0;29.5;14.93;22.6;22.77;8.2;2.01;0;0;0;0;;;;;;;;;;;;;;;;;;;;;;;;;;;;;;;;;;;;;;;;;;;;;;;;;;;;;;;;;;;;
2023;25;Paraíba;2516755;Tenório;Total - Estadual e Municipal;Total;176.53;190.5;236.06;226.45;268.19;260.53;5.88;33.24;19.47;19.47;7.99;3.95;2.02;5.97;2.02;;1.93;25.62;15.52;21.4;9.83;9.63;7.99;8.08;;;;20.77;25.31;20.94;14.4;14.57;2.01;;2.01;;29.5;14.93;22.6;22.77;8.2;2.01;;;;;17.65;17.65;11.76;35.29;11.76;5.88;;;;17.65;41.18;5.88;17.65;11.76;;5.88;;;;;;;;;;;;;;;;;;;;;;;;;17.65;17.65;11.76;35.29;11.76;5.88;;;;17.65;41.18;5.88;17.65;11.76;;5.88;;;;
2023;25;Paraíba;2516755;Tenório;Total - Estadual e Municipal;Urbana;176.53;190.5;236.06;226.45;268.19;260.53;5.88;33.24;19.47;19.47;7.99;3.95;2.02;5.97;2.02;;1.93;25.62;15.52;21.4;9.83;9.63;7.99;8.08;;;;20.77;25.31;20.94;14.4;14.57;2.01;;2.01;;29.5;14.93;22.6;22.77;8.2;2.01;;;;;17.65;17.65;11.76;35.29;11.76;5.88;;;;17.65;41.18;5.88;17.65;11.76;;5.88;;;;;;;;;;;;;;;;;;;;;;;;;17.65;17.65;11.76;35.29;11.76;5.88;;;;17.65;41.18;5.88;17.65;11.76;;5.88;;;;
2023;25;Paraíba;2516755;Tenório;Total - Federal  Estadual e Municipal;Total;176.53;190.5;236.06;226.45;268.19;260.53;5.88;33.24;19.47;19.47;7.99;3.95;2.02;5.97;2.02;;1.93;25.62;15.52;21.4;9.83;9.63;7.99;8.08;;;;20.77;25.31;20.94;14.4;14.57;2.01;;2.01;;29.5;14.93;22.6;22.77;8.2;2.01;;;;;17.65;17.65;11.76;35.29;11.76;5.88;;;;17.65;41.18;5.88;17.65;11.76;;5.88;;;;;;;;;;;;;;;;;;;;;;;;;17.65;17.65;11.76;35.29;11.76;5.88;;;;17.65;41.18;5.88;17.65;11.76;;5.88;;;;
2023;25;Paraíba;2516755;Tenório;Total - Federal  Estadual e Municipal;Urbana;176.53;190.5;236.06;226.45;268.19;260.53;5.88;33.24;19.47;19.47;7.99;3.95;2.02;5.97;2.02;;1.93;25.62;15.52;21.4;9.83;9.63;7.99;8.08;;;;20.77;25.31;20.94;14.4;14.57;2.01;;2.01;;29.5;14.93;22.6;22.77;8.2;2.01;;;;;17.65;17.65;11.76;35.29;11.76;5.88;;;;17.65;41.18;5.88;17.65;11.76;;5.88;;;;;;;;;;;;;;;;;;;;;;;;;17.65;17.65;11.76;35.29;11.76;5.88;;;;17.65;41.18;5.88;17.65;11.76;;5.88;;;;
2023;25;Paraíba;2516805;Triunfo;Total - Federal  Estadual  Municipal e Privada;Total;198.23;217.32;251.51;245.56;;;5.13;21.79;12.56;10.33;16.4;12.37;16.04;5.39;;;5.39;3.79;10.69;19.24;18.72;15.59;10.67;9.09;5.47;;1.33;14.78;18.08;18.14;18.19;10.67;13.93;4.11;2.11;;15.76;20.06;12.57;20.26;21.68;6.49;3.18;;;;;;;;;;;;;;;;;;;;;;;;25.47;16.31;20.08;12.8;10.79;7.15;5.52;1.88;;23.59;18.06;21.7;18.32;12.8;3.64;1.88;;;;;26.49;17.21;21.3;11.73;10.37;6.37;5.27;1.27;;18.98;21.51;20.83;18.56;11.73;4.01;2.83;1.56;;;
2023;25;Paraíba;2516805;Triunfo;Total - Federal  Estadual  Municipal e Privada;Urbana;194.1;214.19;251.51;245.56;;;7.69;18.4;18.84;6;17.41;18.55;7.41;5.71;;;5.69;5.69;11.27;16.97;18.55;20.99;11.27;1.71;5.85;;2;14.78;18.08;18.14;18.19;10.67;13.93;4.11;2.11;;15.76;20.06;12.57;20.26;21.68;6.49;3.18;;;;;;;;;;;;;;;;;;;;;;;;25.47;16.31;20.08;12.8;10.79;7.15;5.52;1.88;;23.59;18.06;21.7;18.32;12.8;3.64;1.88;;;;;26.49;17.21;21.3;11.73;10.37;6.37;5.27;1.27;;18.98;21.51;20.83;18.56;11.73;4.01;2.83;1.56;;;
2023;25;Paraíba;2516805;Triunfo;Total - Federal  Estadual  Municipal e Privada;Rural;206.48;223.59;;;;;;28.58;;18.98;14.4;;33.31;4.73;;;4.8;;9.53;23.78;19.05;4.8;9.45;23.85;4.73;;;;;;;;;;;;;;;;;;;;;;;;;;;;;;;;;;;;;;;;;;;;;;;;;;;;;;;;;;;;;;;;;;;;;;;;;;;;;;;;;
2023;25;Paraíba;2516805;Triunfo;Estadual;Total;;;252.67;262.98;;;;;;;;;;;;;;;;;;;;;;;;7.14;21.43;21.43;21.43;14.29;14.29;;;;3.57;17.86;7.14;25;32.14;10.71;3.57;;;;;;;;;;;;;;;;;;;;;;;;25.47;16.31;20.08;12.8;10.79;7.15;5.52;1.88;;23.59;18.06;21.7;18.32;12.8;3.64;1.88;;;;;26.49;17.21;21.3;11.73;10.37;6.37;5.27;1.27;;18.98;21.51;20.83;18.56;11.73;4.01;2.83;1.56;;;
2023;25;Paraíba;2516805;Triunfo;Estadual;Urbana;;;252.67;262.98;;;;;;;;;;;;;;;;;;;;;;;;7.14;21.43;21.43;21.43;14.29;14.29;0;0;0;3.57;17.86;7.14;25;32.14;10.71;3.57;0;0;0;;;;;;;;;;;;;;;;;;;;;25.47;16.31;20.08;12.8;10.79;7.15;5.52;1.88;0;23.59;18.06;21.7;18.32;12.8;3.64;1.88;0;0;0;0;26.49;17.21;21.3;11.73;10.37;6.37;5.27;1.27;0;18.98;21.51;20.83;18.56;11.73;4.01;2.83;1.56;0;0;0
2023;25;Paraíba;2516805;Triunfo;Municipal;Total;198.23;217.32;250.98;237.52;;;5.13;21.79;12.56;10.33;16.4;12.37;16.04;5.39;;;5.39;3.79;10.69;19.24;18.72;15.59;10.67;9.09;5.47;;1.33;18.31;16.54;16.62;16.69;9;13.77;6;3.08;;21.38;21.08;15.08;18.08;16.85;4.54;3;;;;;;;;;;;;;;;;;;;;;;;;;;;;;;;;;;;;;;;;;;;;;;;;;;;;;;;;;;;;;;;
2023;25;Paraíba;2516805;Triunfo;Municipal;Urbana;194.1;214.19;250.98;237.52;;;7.69;18.4;18.84;6;17.41;18.55;7.41;5.71;0;0;5.69;5.69;11.27;16.97;18.55;20.99;11.27;1.71;5.85;0;2;18.31;16.54;16.62;16.69;9;13.77;6;3.08;0;21.38;21.08;15.08;18.08;16.85;4.54;3;0;0;0;;;;;;;;;;;;;;;;;;;;;;;;;;;;;;;;;;;;;;;;;;;;;;;;;;;;;;;;;;;;
2023;25;Paraíba;2516805;Triunfo;Municipal;Rural;206.48;223.59;;;;;0;28.58;0;18.98;14.4;0;33.31;4.73;0;0;4.8;0;9.53;23.78;19.05;4.8;9.45;23.85;4.73;0;0;;;;;;;;;;;;;;;;;;;;;;;;;;;;;;;;;;;;;;;;;;;;;;;;;;;;;;;;;;;;;;;;;;;;;;;;;;;;;;;
2023;25;Paraíba;2516805;Triunfo;Total - Estadual e Municipal;Total;198.23;217.32;251.51;245.56;;;5.13;21.79;12.56;10.33;16.4;12.37;16.04;5.39;;;5.39;3.79;10.69;19.24;18.72;15.59;10.67;9.09;5.47;;1.33;14.78;18.08;18.14;18.19;10.67;13.93;4.11;2.11;;15.76;20.06;12.57;20.26;21.68;6.49;3.18;;;;;;;;;;;;;;;;;;;;;;;;25.47;16.31;20.08;12.8;10.79;7.15;5.52;1.88;;23.59;18.06;21.7;18.32;12.8;3.64;1.88;;;;;26.49;17.21;21.3;11.73;10.37;6.37;5.27;1.27;;18.98;21.51;20.83;18.56;11.73;4.01;2.83;1.56;;;
2023;25;Paraíba;2516805;Triunfo;Total - Estadual e Municipal;Urbana;194.1;214.19;251.51;245.56;;;7.69;18.4;18.84;6;17.41;18.55;7.41;5.71;;;5.69;5.69;11.27;16.97;18.55;20.99;11.27;1.71;5.85;;2;14.78;18.08;18.14;18.19;10.67;13.93;4.11;2.11;;15.76;20.06;12.57;20.26;21.68;6.49;3.18;;;;;;;;;;;;;;;;;;;;;;;;25.47;16.31;20.08;12.8;10.79;7.15;5.52;1.88;;23.59;18.06;21.7;18.32;12.8;3.64;1.88;;;;;26.49;17.21;21.3;11.73;10.37;6.37;5.27;1.27;;18.98;21.51;20.83;18.56;11.73;4.01;2.83;1.56;;;
2023;25;Paraíba;2516805;Triunfo;Total - Estadual e Municipal;Rural;206.48;223.59;;;;;;28.58;;18.98;14.4;;33.31;4.73;;;4.8;;9.53;23.78;19.05;4.8;9.45;23.85;4.73;;;;;;;;;;;;;;;;;;;;;;;;;;;;;;;;;;;;;;;;;;;;;;;;;;;;;;;;;;;;;;;;;;;;;;;;;;;;;;;;;
2023;25;Paraíba;2516805;Triunfo;Total - Federal  Estadual e Municipal;Total;198.23;217.32;251.51;245.56;;;5.13;21.79;12.56;10.33;16.4;12.37;16.04;5.39;;;5.39;3.79;10.69;19.24;18.72;15.59;10.67;9.09;5.47;;1.33;14.78;18.08;18.14;18.19;10.67;13.93;4.11;2.11;;15.76;20.06;12.57;20.26;21.68;6.49;3.18;;;;;;;;;;;;;;;;;;;;;;;;25.47;16.31;20.08;12.8;10.79;7.15;5.52;1.88;;23.59;18.06;21.7;18.32;12.8;3.64;1.88;;;;;26.49;17.21;21.3;11.73;10.37;6.37;5.27;1.27;;18.98;21.51;20.83;18.56;11.73;4.01;2.83;1.56;;;
2023;25;Paraíba;2516805;Triunfo;Total - Federal  Estadual e Municipal;Urbana;194.1;214.19;251.51;245.56;;;7.69;18.4;18.84;6;17.41;18.55;7.41;5.71;;;5.69;5.69;11.27;16.97;18.55;20.99;11.27;1.71;5.85;;2;14.78;18.08;18.14;18.19;10.67;13.93;4.11;2.11;;15.76;20.06;12.57;20.26;21.68;6.49;3.18;;;;;;;;;;;;;;;;;;;;;;;;25.47;16.31;20.08;12.8;10.79;7.15;5.52;1.88;;23.59;18.06;21.7;18.32;12.8;3.64;1.88;;;;;26.49;17.21;21.3;11.73;10.37;6.37;5.27;1.27;;18.98;21.51;20.83;18.56;11.73;4.01;2.83;1.56;;;
2023;25;Paraíba;2516805;Triunfo;Total - Federal  Estadual e Municipal;Rural;206.48;223.59;;;;;;28.58;;18.98;14.4;;33.31;4.73;;;4.8;;9.53;23.78;19.05;4.8;9.45;23.85;4.73;;;;;;;;;;;;;;;;;;;;;;;;;;;;;;;;;;;;;;;;;;;;;;;;;;;;;;;;;;;;;;;;;;;;;;;;;;;;;;;;;
2023;25;Paraíba;2516904;Uiraúna;Total - Federal  Estadual  Municipal e Privada;Total;186.1;194.05;239.07;237.32;240.32;235.46;10.15;17.18;14.01;24.83;11.72;14.18;4.44;1.04;1.43;1.04;2.22;16.1;18.62;17.33;22.22;10.31;8.75;3.11;0.62;0.71;;22.28;15.31;20.64;18.49;11.74;9.4;1.47;0.67;;19.75;24.59;17.53;17.84;11.04;7.19;2.05;;;;50.58;4.44;8.82;20.39;11.53;2.82;1.41;;;40.5;32.03;13.11;10.12;4.23;;;;;;;15.5;15.17;25.05;16.8;12.62;12.62;2.22;;;25.31;22.7;30.09;14.65;5.04;2.22;;;;;;36.88;8.63;15.16;18.99;11.96;6.65;1.73;;;34.57;28.39;19.74;11.89;4.55;0.87;;;;;
2023;25;Paraíba;2516904;Uiraúna;Total - Federal  Estadual  Municipal e Privada;Urbana;186.1;194.05;239.07;237.32;;;10.15;17.18;14.01;24.83;11.72;14.18;4.44;1.04;1.43;1.04;2.22;16.1;18.62;17.33;22.22;10.31;8.75;3.11;0.62;0.71;;22.28;15.31;20.64;18.49;11.74;9.4;1.47;0.67;;19.75;24.59;17.53;17.84;11.04;7.19;2.05;;;;;;;;;;;;;;;;;;;;;;;;15.5;15.17;25.05;16.8;12.62;12.62;2.22;;;25.31;22.7;30.09;14.65;5.04;2.22;;;;;;35.62;7.71;15.12;19.48;12.54;7.56;1.96;;;35.09;28.06;18.24;12.46;5.17;0.99;;;;;
2023;25;Paraíba;2516904;Uiraúna;Total - Federal  Estadual  Municipal e Privada;Rural;;;;;234.19;238.16;;;;;;;;;;;;;;;;;;;;;;;;;;;;;;;;;;;;;;;;;46.15;15.38;15.38;15.38;7.69;;;;;30.77;30.77;30.77;7.69;;;;;;;;;;;;;;;;;;;;;;;;;;;;46.15;15.38;15.38;15.38;7.69;;;;;30.77;30.77;30.77;7.69;;;;;;;
2023;25;Paraíba;2516904;Uiraúna;Estadual;Total;;;240.97;241.77;240.32;235.46;;;;;;;;;;;;;;;;;;;;;;24.9;6.55;20.39;24.02;12.24;9.59;2.31;;;15.42;27.87;13.17;17.8;18.46;7.28;;;;;50.58;4.44;8.82;20.39;11.53;2.82;1.41;;;40.5;32.03;13.11;10.12;4.23;;;;;;;15.5;15.17;25.05;16.8;12.62;12.62;2.22;;;25.31;22.7;30.09;14.65;5.04;2.22;;;;;;36.88;8.63;15.16;18.99;11.96;6.65;1.73;;;34.57;28.39;19.74;11.89;4.55;0.87;;;;;
2023;25;Paraíba;2516904;Uiraúna;Estadual;Urbana;;;240.97;241.77;;;;;;;;;;;;;;;;;;;;;;;;24.9;6.55;20.39;24.02;12.24;9.59;2.31;0;0;15.42;27.87;13.17;17.8;18.46;7.28;0;0;0;0;;;;;;;;;;;;;;;;;;;;;15.5;15.17;25.05;16.8;12.62;12.62;2.22;0;0;25.31;22.7;30.09;14.65;5.04;2.22;0;0;0;0;0;35.62;7.71;15.12;19.48;12.54;7.56;1.96;0;0;35.09;28.06;18.24;12.46;5.17;0.99;0;0;0;0;0
2023;25;Paraíba;2516904;Uiraúna;Estadual;Rural;;;;;234.19;238.16;;;;;;;;;;;;;;;;;;;;;;;;;;;;;;;;;;;;;;;;;46.15;15.38;15.38;15.38;7.69;0;0;0;0;30.77;30.77;30.77;7.69;0;0;0;0;0;0;0;;;;;;;;;;;;;;;;;;;;;46.15;15.38;15.38;15.38;7.69;0;0;0;0;30.77;30.77;30.77;7.69;0;0;0;0;0;0;0
2023;25;Paraíba;2516904;Uiraúna;Municipal;Total;179.84;190.16;238.07;234.98;;;12.57;18.11;13.59;26.91;13.57;8.93;4.56;;1.77;;2.75;17.12;18.62;17.36;22.73;12.77;6.99;;0.77;0.88;;20.9;19.91;20.78;15.58;11.48;9.3;1.02;1.02;;22.02;22.87;19.82;17.86;7.15;7.15;3.12;;;;;;;;;;;;;;;;;;;;;;;;;;;;;;;;;;;;;;;;;;;;;;;;;;;;;;;;;;;;;;;
2023;25;Paraíba;2516904;Uiraúna;Municipal;Urbana;179.84;190.16;238.07;234.98;;;12.57;18.11;13.59;26.91;13.57;8.93;4.56;0;1.77;0;2.75;17.12;18.62;17.36;22.73;12.77;6.99;0;0.77;0.88;0;20.9;19.91;20.78;15.58;11.48;9.3;1.02;1.02;0;22.02;22.87;19.82;17.86;7.15;7.15;3.12;0;0;0;;;;;;;;;;;;;;;;;;;;;;;;;;;;;;;;;;;;;;;;;;;;;;;;;;;;;;;;;;;;
2023;25;Paraíba;2516904;Uiraúna;Total - Estadual e Municipal;Total;186.1;194.05;239.07;237.32;240.32;235.46;10.15;17.18;14.01;24.83;11.72;14.18;4.44;1.04;1.43;1.04;2.22;16.1;18.62;17.33;22.22;10.31;8.75;3.11;0.62;0.71;;22.28;15.31;20.64;18.49;11.74;9.4;1.47;0.67;;19.75;24.59;17.53;17.84;11.04;7.19;2.05;;;;50.58;4.44;8.82;20.39;11.53;2.82;1.41;;;40.5;32.03;13.11;10.12;4.23;;;;;;;15.5;15.17;25.05;16.8;12.62;12.62;2.22;;;25.31;22.7;30.09;14.65;5.04;2.22;;;;;;36.88;8.63;15.16;18.99;11.96;6.65;1.73;;;34.57;28.39;19.74;11.89;4.55;0.87;;;;;
2023;25;Paraíba;2516904;Uiraúna;Total - Estadual e Municipal;Urbana;186.1;194.05;239.07;237.32;;;10.15;17.18;14.01;24.83;11.72;14.18;4.44;1.04;1.43;1.04;2.22;16.1;18.62;17.33;22.22;10.31;8.75;3.11;0.62;0.71;;22.28;15.31;20.64;18.49;11.74;9.4;1.47;0.67;;19.75;24.59;17.53;17.84;11.04;7.19;2.05;;;;;;;;;;;;;;;;;;;;;;;;15.5;15.17;25.05;16.8;12.62;12.62;2.22;;;25.31;22.7;30.09;14.65;5.04;2.22;;;;;;35.62;7.71;15.12;19.48;12.54;7.56;1.96;;;35.09;28.06;18.24;12.46;5.17;0.99;;;;;
2023;25;Paraíba;2516904;Uiraúna;Total - Estadual e Municipal;Rural;;;;;234.19;238.16;;;;;;;;;;;;;;;;;;;;;;;;;;;;;;;;;;;;;;;;;46.15;15.38;15.38;15.38;7.69;;;;;30.77;30.77;30.77;7.69;;;;;;;;;;;;;;;;;;;;;;;;;;;;46.15;15.38;15.38;15.38;7.69;;;;;30.77;30.77;30.77;7.69;;;;;;;
2023;25;Paraíba;2516904;Uiraúna;Total - Federal  Estadual e Municipal;Total;186.1;194.05;239.07;237.32;240.32;235.46;10.15;17.18;14.01;24.83;11.72;14.18;4.44;1.04;1.43;1.04;2.22;16.1;18.62;17.33;22.22;10.31;8.75;3.11;0.62;0.71;;22.28;15.31;20.64;18.49;11.74;9.4;1.47;0.67;;19.75;24.59;17.53;17.84;11.04;7.19;2.05;;;;50.58;4.44;8.82;20.39;11.53;2.82;1.41;;;40.5;32.03;13.11;10.12;4.23;;;;;;;15.5;15.17;25.05;16.8;12.62;12.62;2.22;;;25.31;22.7;30.09;14.65;5.04;2.22;;;;;;36.88;8.63;15.16;18.99;11.96;6.65;1.73;;;34.57;28.39;19.74;11.89;4.55;0.87;;;;;
2023;25;Paraíba;2516904;Uiraúna;Total - Federal  Estadual e Municipal;Urbana;186.1;194.05;239.07;237.32;;;10.15;17.18;14.01;24.83;11.72;14.18;4.44;1.04;1.43;1.04;2.22;16.1;18.62;17.33;22.22;10.31;8.75;3.11;0.62;0.71;;22.28;15.31;20.64;18.49;11.74;9.4;1.47;0.67;;19.75;24.59;17.53;17.84;11.04;7.19;2.05;;;;;;;;;;;;;;;;;;;;;;;;15.5;15.17;25.05;16.8;12.62;12.62;2.22;;;25.31;22.7;30.09;14.65;5.04;2.22;;;;;;35.62;7.71;15.12;19.48;12.54;7.56;1.96;;;35.09;28.06;18.24;12.46;5.17;0.99;;;;;
2023;25;Paraíba;2516904;Uiraúna;Total - Federal  Estadual e Municipal;Rural;;;;;234.19;238.16;;;;;;;;;;;;;;;;;;;;;;;;;;;;;;;;;;;;;;;;;46.15;15.38;15.38;15.38;7.69;;;;;30.77;30.77;30.77;7.69;;;;;;;;;;;;;;;;;;;;;;;;;;;;46.15;15.38;15.38;15.38;7.69;;;;;30.77;30.77;30.77;7.69;;;;;;;
2023;25;Paraíba;2517001;Umbuzeiro;Total - Federal  Estadual  Municipal e Privada;Total;206.97;216.86;248.24;240.84;;;3.87;9.64;12.5;17.63;24.53;12.32;10.56;5.53;1.57;1.84;2.12;7.69;14.27;16.77;16.96;15.27;13.79;7.6;3.69;1.84;;21.02;16.05;11.75;19.36;14.66;9.77;3.14;4.25;;24.8;15.12;18.56;18.1;10.48;6.22;5.54;0.57;0.6;;;;;;;;;;;;;;;;;;;;;;38.01;15.84;11.13;20.9;9.41;3.17;1.54;;;26.79;27.15;14.3;9.59;9.5;6.43;3.17;3.08;;;;38.01;15.84;11.13;20.9;9.41;3.17;1.54;;;26.79;27.15;14.3;9.59;9.5;6.43;3.17;3.08;;;
2023;25;Paraíba;2517001;Umbuzeiro;Total - Federal  Estadual  Municipal e Privada;Urbana;212.74;227.05;246.12;237.94;;;3.9;5.56;13.88;21.11;15.55;17.5;12.51;5;3.33;1.67;;7.51;12.21;12.22;16.12;14.17;21.12;11.65;3.33;1.66;;21.35;15.58;13.56;20.71;12.44;9.58;2.05;4.73;;29.14;15.01;18.48;15.01;7.86;5.92;7.68;0.89;;;;;;;;;;;;;;;;;;;;;;;38.01;15.84;11.13;20.9;9.41;3.17;1.54;;;26.79;27.15;14.3;9.59;9.5;6.43;3.17;3.08;;;;38.01;15.84;11.13;20.9;9.41;3.17;1.54;;;26.79;27.15;14.3;9.59;9.5;6.43;3.17;3.08;;;
2023;25;Paraíba;2517001;Umbuzeiro;Total - Federal  Estadual  Municipal e Privada;Rural;201.84;207.78;252.06;246.05;;;3.85;13.27;11.27;14.54;32.53;7.7;8.83;6;;2;4;7.85;16.11;20.83;17.7;16.25;7.26;4;4;2;;20.42;16.91;8.48;16.94;18.65;10.13;5.1;3.39;;17;15.32;18.71;23.65;15.2;6.74;1.71;;1.68;;;;;;;;;;;;;;;;;;;;;;;;;;;;;;;;;;;;;;;;;;;;;;;;;;;;;;;;;;;;;
2023;25;Paraíba;2517001;Umbuzeiro;Estadual;Total;;;;;;;;;;;;;;;;;;;;;;;;;;;;;;;;;;;;;;;;;;;;;;;;;;;;;;;;;;;;;;;;;;;38.01;15.84;11.13;20.9;9.41;3.17;1.54;;;26.79;27.15;14.3;9.59;9.5;6.43;3.17;3.08;;;;38.01;15.84;11.13;20.9;9.41;3.17;1.54;;;26.79;27.15;14.3;9.59;9.5;6.43;3.17;3.08;;;
2023;25;Paraíba;2517001;Umbuzeiro;Estadual;Urbana;;;;;;;;;;;;;;;;;;;;;;;;;;;;;;;;;;;;;;;;;;;;;;;;;;;;;;;;;;;;;;;;;;;38.01;15.84;11.13;20.9;9.41;3.17;1.54;0;0;26.79;27.15;14.3;9.59;9.5;6.43;3.17;3.08;0;0;0;38.01;15.84;11.13;20.9;9.41;3.17;1.54;0;0;26.79;27.15;14.3;9.59;9.5;6.43;3.17;3.08;0;0;0
2023;25;Paraíba;2517001;Umbuzeiro;Municipal;Total;206.97;216.86;248.24;240.84;;;3.87;9.64;12.5;17.63;24.53;12.32;10.56;5.53;1.57;1.84;2.12;7.69;14.27;16.77;16.96;15.27;13.79;7.6;3.69;1.84;;21.02;16.05;11.75;19.36;14.66;9.77;3.14;4.25;;24.8;15.12;18.56;18.1;10.48;6.22;5.54;0.57;0.6;;;;;;;;;;;;;;;;;;;;;;;;;;;;;;;;;;;;;;;;;;;;;;;;;;;;;;;;;;;;;
2023;25;Paraíba;2517001;Umbuzeiro;Municipal;Urbana;212.74;227.05;246.12;237.94;;;3.9;5.56;13.88;21.11;15.55;17.5;12.51;5;3.33;1.67;0;7.51;12.21;12.22;16.12;14.17;21.12;11.65;3.33;1.66;0;21.35;15.58;13.56;20.71;12.44;9.58;2.05;4.73;0;29.14;15.01;18.48;15.01;7.86;5.92;7.68;0.89;0;0;;;;;;;;;;;;;;;;;;;;;;;;;;;;;;;;;;;;;;;;;;;;;;;;;;;;;;;;;;;;
2023;25;Paraíba;2517001;Umbuzeiro;Municipal;Rural;201.84;207.78;252.06;246.05;;;3.85;13.27;11.27;14.54;32.53;7.7;8.83;6;0;2;4;7.85;16.11;20.83;17.7;16.25;7.26;4;4;2;0;20.42;16.91;8.48;16.94;18.65;10.13;5.1;3.39;0;17;15.32;18.71;23.65;15.2;6.74;1.71;0;1.68;0;;;;;;;;;;;;;;;;;;;;;;;;;;;;;;;;;;;;;;;;;;;;;;;;;;;;;;;;;;;;
2023;25;Paraíba;2517001;Umbuzeiro;Total - Estadual e Municipal;Total;206.97;216.86;248.24;240.84;;;3.87;9.64;12.5;17.63;24.53;12.32;10.56;5.53;1.57;1.84;2.12;7.69;14.27;16.77;16.96;15.27;13.79;7.6;3.69;1.84;;21.02;16.05;11.75;19.36;14.66;9.77;3.14;4.25;;24.8;15.12;18.56;18.1;10.48;6.22;5.54;0.57;0.6;;;;;;;;;;;;;;;;;;;;;;38.01;15.84;11.13;20.9;9.41;3.17;1.54;;;26.79;27.15;14.3;9.59;9.5;6.43;3.17;3.08;;;;38.01;15.84;11.13;20.9;9.41;3.17;1.54;;;26.79;27.15;14.3;9.59;9.5;6.43;3.17;3.08;;;
2023;25;Paraíba;2517001;Umbuzeiro;Total - Estadual e Municipal;Urbana;212.74;227.05;246.12;237.94;;;3.9;5.56;13.88;21.11;15.55;17.5;12.51;5;3.33;1.67;;7.51;12.21;12.22;16.12;14.17;21.12;11.65;3.33;1.66;;21.35;15.58;13.56;20.71;12.44;9.58;2.05;4.73;;29.14;15.01;18.48;15.01;7.86;5.92;7.68;0.89;;;;;;;;;;;;;;;;;;;;;;;38.01;15.84;11.13;20.9;9.41;3.17;1.54;;;26.79;27.15;14.3;9.59;9.5;6.43;3.17;3.08;;;;38.01;15.84;11.13;20.9;9.41;3.17;1.54;;;26.79;27.15;14.3;9.59;9.5;6.43;3.17;3.08;;;
2023;25;Paraíba;2517001;Umbuzeiro;Total - Estadual e Municipal;Rural;201.84;207.78;252.06;246.05;;;3.85;13.27;11.27;14.54;32.53;7.7;8.83;6;;2;4;7.85;16.11;20.83;17.7;16.25;7.26;4;4;2;;20.42;16.91;8.48;16.94;18.65;10.13;5.1;3.39;;17;15.32;18.71;23.65;15.2;6.74;1.71;;1.68;;;;;;;;;;;;;;;;;;;;;;;;;;;;;;;;;;;;;;;;;;;;;;;;;;;;;;;;;;;;;
2023;25;Paraíba;2517001;Umbuzeiro;Total - Federal  Estadual e Municipal;Total;206.97;216.86;248.24;240.84;;;3.87;9.64;12.5;17.63;24.53;12.32;10.56;5.53;1.57;1.84;2.12;7.69;14.27;16.77;16.96;15.27;13.79;7.6;3.69;1.84;;21.02;16.05;11.75;19.36;14.66;9.77;3.14;4.25;;24.8;15.12;18.56;18.1;10.48;6.22;5.54;0.57;0.6;;;;;;;;;;;;;;;;;;;;;;38.01;15.84;11.13;20.9;9.41;3.17;1.54;;;26.79;27.15;14.3;9.59;9.5;6.43;3.17;3.08;;;;38.01;15.84;11.13;20.9;9.41;3.17;1.54;;;26.79;27.15;14.3;9.59;9.5;6.43;3.17;3.08;;;
2023;25;Paraíba;2517001;Umbuzeiro;Total - Federal  Estadual e Municipal;Urbana;212.74;227.05;246.12;237.94;;;3.9;5.56;13.88;21.11;15.55;17.5;12.51;5;3.33;1.67;;7.51;12.21;12.22;16.12;14.17;21.12;11.65;3.33;1.66;;21.35;15.58;13.56;20.71;12.44;9.58;2.05;4.73;;29.14;15.01;18.48;15.01;7.86;5.92;7.68;0.89;;;;;;;;;;;;;;;;;;;;;;;38.01;15.84;11.13;20.9;9.41;3.17;1.54;;;26.79;27.15;14.3;9.59;9.5;6.43;3.17;3.08;;;;38.01;15.84;11.13;20.9;9.41;3.17;1.54;;;26.79;27.15;14.3;9.59;9.5;6.43;3.17;3.08;;;
2023;25;Paraíba;2517001;Umbuzeiro;Total - Federal  Estadual e Municipal;Rural;201.84;207.78;252.06;246.05;;;3.85;13.27;11.27;14.54;32.53;7.7;8.83;6;;2;4;7.85;16.11;20.83;17.7;16.25;7.26;4;4;2;;20.42;16.91;8.48;16.94;18.65;10.13;5.1;3.39;;17;15.32;18.71;23.65;15.2;6.74;1.71;;1.68;;;;;;;;;;;;;;;;;;;;;;;;;;;;;;;;;;;;;;;;;;;;;;;;;;;;;;;;;;;;;
2023;25;Paraíba;2517100;Várzea;Total - Federal  Estadual  Municipal e Privada;Total;236.83;262.13;247.74;259.47;284.16;281.48;;;;18.18;22.73;22.73;13.64;18.18;;4.55;;;;13.64;18.18;13.64;13.64;9.09;18.18;13.64;;23.08;7.69;23.08;7.69;19.23;11.54;7.69;;;11.54;19.23;15.38;11.54;19.23;7.69;3.85;3.85;3.85;3.85;12.5;12.5;18.75;12.5;18.75;12.5;12.5;;;;6.25;43.75;31.25;18.75;;;;;;;;;;;;;;;;;;;;;;;;;;;12.5;12.5;18.75;12.5;18.75;12.5;12.5;;;;6.25;43.75;31.25;18.75;;;;;;
2023;25;Paraíba;2517100;Várzea;Total - Federal  Estadual  Municipal e Privada;Urbana;236.83;262.13;247.74;259.47;284.16;281.48;;;;18.18;22.73;22.73;13.64;18.18;;4.55;;;;13.64;18.18;13.64;13.64;9.09;18.18;13.64;;23.08;7.69;23.08;7.69;19.23;11.54;7.69;;;11.54;19.23;15.38;11.54;19.23;7.69;3.85;3.85;3.85;3.85;12.5;12.5;18.75;12.5;18.75;12.5;12.5;;;;6.25;43.75;31.25;18.75;;;;;;;;;;;;;;;;;;;;;;;;;;;12.5;12.5;18.75;12.5;18.75;12.5;12.5;;;;6.25;43.75;31.25;18.75;;;;;;
2023;25;Paraíba;2517100;Várzea;Estadual;Total;;;;;284.16;281.48;;;;;;;;;;;;;;;;;;;;;;;;;;;;;;;;;;;;;;;;;12.5;12.5;18.75;12.5;18.75;12.5;12.5;;;;6.25;43.75;31.25;18.75;;;;;;;;;;;;;;;;;;;;;;;;;;;12.5;12.5;18.75;12.5;18.75;12.5;12.5;;;;6.25;43.75;31.25;18.75;;;;;;
2023;25;Paraíba;2517100;Várzea;Estadual;Urbana;;;;;284.16;281.48;;;;;;;;;;;;;;;;;;;;;;;;;;;;;;;;;;;;;;;;;12.5;12.5;18.75;12.5;18.75;12.5;12.5;0;0;0;6.25;43.75;31.25;18.75;0;0;0;0;0;0;;;;;;;;;;;;;;;;;;;;;12.5;12.5;18.75;12.5;18.75;12.5;12.5;0;0;0;6.25;43.75;31.25;18.75;0;0;0;0;0;0
2023;25;Paraíba;2517100;Várzea;Municipal;Total;236.83;262.13;247.74;259.47;;;;;;18.18;22.73;22.73;13.64;18.18;;4.55;;;;13.64;18.18;13.64;13.64;9.09;18.18;13.64;;23.08;7.69;23.08;7.69;19.23;11.54;7.69;;;11.54;19.23;15.38;11.54;19.23;7.69;3.85;3.85;3.85;3.85;;;;;;;;;;;;;;;;;;;;;;;;;;;;;;;;;;;;;;;;;;;;;;;;;;;;;;;;;;;;
2023;25;Paraíba;2517100;Várzea;Municipal;Urbana;236.83;262.13;247.74;259.47;;;0;0;0;18.18;22.73;22.73;13.64;18.18;0;4.55;0;0;0;13.64;18.18;13.64;13.64;9.09;18.18;13.64;0;23.08;7.69;23.08;7.69;19.23;11.54;7.69;0;0;11.54;19.23;15.38;11.54;19.23;7.69;3.85;3.85;3.85;3.85;;;;;;;;;;;;;;;;;;;;;;;;;;;;;;;;;;;;;;;;;;;;;;;;;;;;;;;;;;;;
2023;25;Paraíba;2517100;Várzea;Total - Estadual e Municipal;Total;236.83;262.13;247.74;259.47;284.16;281.48;;;;18.18;22.73;22.73;13.64;18.18;;4.55;;;;13.64;18.18;13.64;13.64;9.09;18.18;13.64;;23.08;7.69;23.08;7.69;19.23;11.54;7.69;;;11.54;19.23;15.38;11.54;19.23;7.69;3.85;3.85;3.85;3.85;12.5;12.5;18.75;12.5;18.75;12.5;12.5;;;;6.25;43.75;31.25;18.75;;;;;;;;;;;;;;;;;;;;;;;;;;;12.5;12.5;18.75;12.5;18.75;12.5;12.5;;;;6.25;43.75;31.25;18.75;;;;;;
2023;25;Paraíba;2517100;Várzea;Total - Estadual e Municipal;Urbana;236.83;262.13;247.74;259.47;284.16;281.48;;;;18.18;22.73;22.73;13.64;18.18;;4.55;;;;13.64;18.18;13.64;13.64;9.09;18.18;13.64;;23.08;7.69;23.08;7.69;19.23;11.54;7.69;;;11.54;19.23;15.38;11.54;19.23;7.69;3.85;3.85;3.85;3.85;12.5;12.5;18.75;12.5;18.75;12.5;12.5;;;;6.25;43.75;31.25;18.75;;;;;;;;;;;;;;;;;;;;;;;;;;;12.5;12.5;18.75;12.5;18.75;12.5;12.5;;;;6.25;43.75;31.25;18.75;;;;;;
2023;25;Paraíba;2517100;Várzea;Total - Federal  Estadual e Municipal;Total;236.83;262.13;247.74;259.47;284.16;281.48;;;;18.18;22.73;22.73;13.64;18.18;;4.55;;;;13.64;18.18;13.64;13.64;9.09;18.18;13.64;;23.08;7.69;23.08;7.69;19.23;11.54;7.69;;;11.54;19.23;15.38;11.54;19.23;7.69;3.85;3.85;3.85;3.85;12.5;12.5;18.75;12.5;18.75;12.5;12.5;;;;6.25;43.75;31.25;18.75;;;;;;;;;;;;;;;;;;;;;;;;;;;12.5;12.5;18.75;12.5;18.75;12.5;12.5;;;;6.25;43.75;31.25;18.75;;;;;;
2023;25;Paraíba;2517100;Várzea;Total - Federal  Estadual e Municipal;Urbana;236.83;262.13;247.74;259.47;284.16;281.48;;;;18.18;22.73;22.73;13.64;18.18;;4.55;;;;13.64;18.18;13.64;13.64;9.09;18.18;13.64;;23.08;7.69;23.08;7.69;19.23;11.54;7.69;;;11.54;19.23;15.38;11.54;19.23;7.69;3.85;3.85;3.85;3.85;12.5;12.5;18.75;12.5;18.75;12.5;12.5;;;;6.25;43.75;31.25;18.75;;;;;;;;;;;;;;;;;;;;;;;;;;;12.5;12.5;18.75;12.5;18.75;12.5;12.5;;;;6.25;43.75;31.25;18.75;;;;;;
2023;25;Paraíba;2517209;Vieirópolis;Total - Federal  Estadual  Municipal e Privada;Total;224.41;237.62;264.25;261.14;272.53;286.38;;5.45;9.09;18.33;20.15;16.97;20.61;3.79;1.82;3.79;1.82;3.64;9.24;7.27;11.06;27.73;18.33;9.55;7.58;3.79;;10.99;8.86;18.38;20.81;20.05;8.66;9.72;2.53;;7.29;9.72;24.71;21.01;22.08;5.06;7.59;2.53;;;21.21;21.21;9.09;12.12;18.18;9.09;6.06;3.03;;9.09;12.12;15.15;24.24;24.24;9.09;3.03;3.03;;;;;;;;;;;;;;;;;;;;;;;;21.21;21.21;9.09;12.12;18.18;9.09;6.06;3.03;;9.09;12.12;15.15;24.24;24.24;9.09;3.03;3.03;;;
2023;25;Paraíba;2517209;Vieirópolis;Total - Federal  Estadual  Municipal e Privada;Urbana;225.14;238.22;270.58;266.49;272.53;286.38;;5.26;5.26;15.79;31.58;15.79;21.05;;5.26;;;5.26;10.53;;5.26;31.58;36.84;5.26;5.26;;;5.56;11.11;16.67;13.89;27.78;13.89;5.56;5.56;;5.56;5.56;27.78;25;13.89;8.33;11.11;2.78;;;21.21;21.21;9.09;12.12;18.18;9.09;6.06;3.03;;9.09;12.12;15.15;24.24;24.24;9.09;3.03;3.03;;;;;;;;;;;;;;;;;;;;;;;;21.21;21.21;9.09;12.12;18.18;9.09;6.06;3.03;;9.09;12.12;15.15;24.24;24.24;9.09;3.03;3.03;;;
2023;25;Paraíba;2517209;Vieirópolis;Total - Federal  Estadual  Municipal e Privada;Rural;224.03;237.29;258.95;256.66;;;;5.56;11.11;19.68;14.12;17.59;20.37;5.79;;5.79;2.78;2.78;8.56;11.11;14.12;25.69;8.56;11.81;8.8;5.79;;15.53;6.98;19.81;26.6;13.58;4.28;13.21;;;8.74;13.21;22.14;17.67;28.93;2.33;4.65;2.33;;;;;;;;;;;;;;;;;;;;;;;;;;;;;;;;;;;;;;;;;;;;;;;;;;;;;;;;;;;;;;
2023;25;Paraíba;2517209;Vieirópolis;Estadual;Total;;;264.52;245.29;272.53;286.38;;;;;;;;;;;;;;;;;;;;;;16;;24;28;8;8;16;;;12;16;24;20;28;;;;;;21.21;21.21;9.09;12.12;18.18;9.09;6.06;3.03;;9.09;12.12;15.15;24.24;24.24;9.09;3.03;3.03;;;;;;;;;;;;;;;;;;;;;;;;21.21;21.21;9.09;12.12;18.18;9.09;6.06;3.03;;9.09;12.12;15.15;24.24;24.24;9.09;3.03;3.03;;;
2023;25;Paraíba;2517209;Vieirópolis;Estadual;Urbana;;;;;272.53;286.38;;;;;;;;;;;;;;;;;;;;;;;;;;;;;;;;;;;;;;;;;21.21;21.21;9.09;12.12;18.18;9.09;6.06;3.03;0;9.09;12.12;15.15;24.24;24.24;9.09;3.03;3.03;0;0;0;;;;;;;;;;;;;;;;;;;;;21.21;21.21;9.09;12.12;18.18;9.09;6.06;3.03;0;9.09;12.12;15.15;24.24;24.24;9.09;3.03;3.03;0;0;0
2023;25;Paraíba;2517209;Vieirópolis;Estadual;Rural;;;264.52;245.29;;;;;;;;;;;;;;;;;;;;;;;;16;0;24;28;8;8;16;0;0;12;16;24;20;28;0;0;0;0;0;;;;;;;;;;;;;;;;;;;;;;;;;;;;;;;;;;;;;;;;;;;;;;;;;;;;;;;;;;;;
2023;25;Paraíba;2517209;Vieirópolis;Municipal;Total;224.41;237.62;264.14;267.65;;;;5.45;9.09;18.33;20.15;16.97;20.61;3.79;1.82;3.79;1.82;3.64;9.24;7.27;11.06;27.73;18.33;9.55;7.58;3.79;;8.93;12.5;16.07;17.86;25;8.93;7.14;3.57;;5.36;7.14;25;21.43;19.64;7.14;10.71;3.57;;;;;;;;;;;;;;;;;;;;;;;;;;;;;;;;;;;;;;;;;;;;;;;;;;;;;;;;;;;;;;
2023;25;Paraíba;2517209;Vieirópolis;Municipal;Urbana;225.14;238.22;270.58;266.49;;;0;5.26;5.26;15.79;31.58;15.79;21.05;0;5.26;0;0;5.26;10.53;0;5.26;31.58;36.84;5.26;5.26;0;0;5.56;11.11;16.67;13.89;27.78;13.89;5.56;5.56;0;5.56;5.56;27.78;25;13.89;8.33;11.11;2.78;0;0;;;;;;;;;;;;;;;;;;;;;;;;;;;;;;;;;;;;;;;;;;;;;;;;;;;;;;;;;;;;
2023;25;Paraíba;2517209;Vieirópolis;Municipal;Rural;224.03;237.29;252.54;269.74;;;0;5.56;11.11;19.68;14.12;17.59;20.37;5.79;0;5.79;2.78;2.78;8.56;11.11;14.12;25.69;8.56;11.81;8.8;5.79;0;15;15;15;25;20;0;10;0;0;5;10;20;15;30;5;10;5;0;0;;;;;;;;;;;;;;;;;;;;;;;;;;;;;;;;;;;;;;;;;;;;;;;;;;;;;;;;;;;;
2023;25;Paraíba;2517209;Vieirópolis;Total - Estadual e Municipal;Total;224.41;237.62;264.25;261.14;272.53;286.38;;5.45;9.09;18.33;20.15;16.97;20.61;3.79;1.82;3.79;1.82;3.64;9.24;7.27;11.06;27.73;18.33;9.55;7.58;3.79;;10.99;8.86;18.38;20.81;20.05;8.66;9.72;2.53;;7.29;9.72;24.71;21.01;22.08;5.06;7.59;2.53;;;21.21;21.21;9.09;12.12;18.18;9.09;6.06;3.03;;9.09;12.12;15.15;24.24;24.24;9.09;3.03;3.03;;;;;;;;;;;;;;;;;;;;;;;;21.21;21.21;9.09;12.12;18.18;9.09;6.06;3.03;;9.09;12.12;15.15;24.24;24.24;9.09;3.03;3.03;;;
2023;25;Paraíba;2517209;Vieirópolis;Total - Estadual e Municipal;Urbana;225.14;238.22;270.58;266.49;272.53;286.38;;5.26;5.26;15.79;31.58;15.79;21.05;;5.26;;;5.26;10.53;;5.26;31.58;36.84;5.26;5.26;;;5.56;11.11;16.67;13.89;27.78;13.89;5.56;5.56;;5.56;5.56;27.78;25;13.89;8.33;11.11;2.78;;;21.21;21.21;9.09;12.12;18.18;9.09;6.06;3.03;;9.09;12.12;15.15;24.24;24.24;9.09;3.03;3.03;;;;;;;;;;;;;;;;;;;;;;;;21.21;21.21;9.09;12.12;18.18;9.09;6.06;3.03;;9.09;12.12;15.15;24.24;24.24;9.09;3.03;3.03;;;
2023;25;Paraíba;2517209;Vieirópolis;Total - Estadual e Municipal;Rural;224.03;237.29;258.95;256.66;;;;5.56;11.11;19.68;14.12;17.59;20.37;5.79;;5.79;2.78;2.78;8.56;11.11;14.12;25.69;8.56;11.81;8.8;5.79;;15.53;6.98;19.81;26.6;13.58;4.28;13.21;;;8.74;13.21;22.14;17.67;28.93;2.33;4.65;2.33;;;;;;;;;;;;;;;;;;;;;;;;;;;;;;;;;;;;;;;;;;;;;;;;;;;;;;;;;;;;;;
2023;25;Paraíba;2517209;Vieirópolis;Total - Federal  Estadual e Municipal;Total;224.41;237.62;264.25;261.14;272.53;286.38;;5.45;9.09;18.33;20.15;16.97;20.61;3.79;1.82;3.79;1.82;3.64;9.24;7.27;11.06;27.73;18.33;9.55;7.58;3.79;;10.99;8.86;18.38;20.81;20.05;8.66;9.72;2.53;;7.29;9.72;24.71;21.01;22.08;5.06;7.59;2.53;;;21.21;21.21;9.09;12.12;18.18;9.09;6.06;3.03;;9.09;12.12;15.15;24.24;24.24;9.09;3.03;3.03;;;;;;;;;;;;;;;;;;;;;;;;21.21;21.21;9.09;12.12;18.18;9.09;6.06;3.03;;9.09;12.12;15.15;24.24;24.24;9.09;3.03;3.03;;;
2023;25;Paraíba;2517209;Vieirópolis;Total - Federal  Estadual e Municipal;Urbana;225.14;238.22;270.58;266.49;272.53;286.38;;5.26;5.26;15.79;31.58;15.79;21.05;;5.26;;;5.26;10.53;;5.26;31.58;36.84;5.26;5.26;;;5.56;11.11;16.67;13.89;27.78;13.89;5.56;5.56;;5.56;5.56;27.78;25;13.89;8.33;11.11;2.78;;;21.21;21.21;9.09;12.12;18.18;9.09;6.06;3.03;;9.09;12.12;15.15;24.24;24.24;9.09;3.03;3.03;;;;;;;;;;;;;;;;;;;;;;;;21.21;21.21;9.09;12.12;18.18;9.09;6.06;3.03;;9.09;12.12;15.15;24.24;24.24;9.09;3.03;3.03;;;
2023;25;Paraíba;2517209;Vieirópolis;Total - Federal  Estadual e Municipal;Rural;224.03;237.29;258.95;256.66;;;;5.56;11.11;19.68;14.12;17.59;20.37;5.79;;5.79;2.78;2.78;8.56;11.11;14.12;25.69;8.56;11.81;8.8;5.79;;15.53;6.98;19.81;26.6;13.58;4.28;13.21;;;8.74;13.21;22.14;17.67;28.93;2.33;4.65;2.33;;;;;;;;;;;;;;;;;;;;;;;;;;;;;;;;;;;;;;;;;;;;;;;;;;;;;;;;;;;;;;
2023;25;Paraíba;2517407;Zabelê;Total - Federal  Estadual  Municipal e Privada;Total;217.32;228.04;248.72;241.15;;;2.94;8.2;16.72;8.51;14.71;27.24;2.94;10.53;5.57;2.63;;8.2;11.76;8.2;27.86;11.46;13.16;5.88;10.84;2.63;;12.71;20.03;28.37;8.09;15.15;12.97;;2.7;;10.53;25.42;30.3;15.92;12.71;2.44;2.7;;;;;;;;;;;;;;;;;;;;;;;;;;;;;;;;;;;;;;;;;;;;;;;;;;;;;;;;;;;;;;;
2023;25;Paraíba;2517407;Zabelê;Total - Federal  Estadual  Municipal e Privada;Urbana;217.32;228.04;248.72;241.15;;;2.94;8.2;16.72;8.51;14.71;27.24;2.94;10.53;5.57;2.63;;8.2;11.76;8.2;27.86;11.46;13.16;5.88;10.84;2.63;;12.71;20.03;28.37;8.09;15.15;12.97;;2.7;;10.53;25.42;30.3;15.92;12.71;2.44;2.7;;;;;;;;;;;;;;;;;;;;;;;;;;;;;;;;;;;;;;;;;;;;;;;;;;;;;;;;;;;;;;;
2023;25;Paraíba;2517407;Zabelê;Municipal;Total;217.32;228.04;248.72;241.15;;;2.94;8.2;16.72;8.51;14.71;27.24;2.94;10.53;5.57;2.63;;8.2;11.76;8.2;27.86;11.46;13.16;5.88;10.84;2.63;;12.71;20.03;28.37;8.09;15.15;12.97;;2.7;;10.53;25.42;30.3;15.92;12.71;2.44;2.7;;;;;;;;;;;;;;;;;;;;;;;;;;;;;;;;;;;;;;;;;;;;;;;;;;;;;;;;;;;;;;;
2023;25;Paraíba;2517407;Zabelê;Municipal;Urbana;217.32;228.04;248.72;241.15;;;2.94;8.2;16.72;8.51;14.71;27.24;2.94;10.53;5.57;2.63;0;8.2;11.76;8.2;27.86;11.46;13.16;5.88;10.84;2.63;0;12.71;20.03;28.37;8.09;15.15;12.97;0;2.7;0;10.53;25.42;30.3;15.92;12.71;2.44;2.7;0;0;0;;;;;;;;;;;;;;;;;;;;;;;;;;;;;;;;;;;;;;;;;;;;;;;;;;;;;;;;;;;;
2023;25;Paraíba;2517407;Zabelê;Total - Estadual e Municipal;Total;217.32;228.04;248.72;241.15;;;2.94;8.2;16.72;8.51;14.71;27.24;2.94;10.53;5.57;2.63;;8.2;11.76;8.2;27.86;11.46;13.16;5.88;10.84;2.63;;12.71;20.03;28.37;8.09;15.15;12.97;;2.7;;10.53;25.42;30.3;15.92;12.71;2.44;2.7;;;;;;;;;;;;;;;;;;;;;;;;;;;;;;;;;;;;;;;;;;;;;;;;;;;;;;;;;;;;;;;
2023;25;Paraíba;2517407;Zabelê;Total - Estadual e Municipal;Urbana;217.32;228.04;248.72;241.15;;;2.94;8.2;16.72;8.51;14.71;27.24;2.94;10.53;5.57;2.63;;8.2;11.76;8.2;27.86;11.46;13.16;5.88;10.84;2.63;;12.71;20.03;28.37;8.09;15.15;12.97;;2.7;;10.53;25.42;30.3;15.92;12.71;2.44;2.7;;;;;;;;;;;;;;;;;;;;;;;;;;;;;;;;;;;;;;;;;;;;;;;;;;;;;;;;;;;;;;;
2023;25;Paraíba;2517407;Zabelê;Total - Federal  Estadual e Municipal;Total;217.32;228.04;248.72;241.15;;;2.94;8.2;16.72;8.51;14.71;27.24;2.94;10.53;5.57;2.63;;8.2;11.76;8.2;27.86;11.46;13.16;5.88;10.84;2.63;;12.71;20.03;28.37;8.09;15.15;12.97;;2.7;;10.53;25.42;30.3;15.92;12.71;2.44;2.7;;;;;;;;;;;;;;;;;;;;;;;;;;;;;;;;;;;;;;;;;;;;;;;;;;;;;;;;;;;;;;;
2023;25;Paraíba;2517407;Zabelê;Total - Federal  Estadual e Municipal;Urbana;217.32;228.04;248.72;241.15;;;2.94;8.2;16.72;8.51;14.71;27.24;2.94;10.53;5.57;2.63;;8.2;11.76;8.2;27.86;11.46;13.16;5.88;10.84;2.63;;12.71;20.03;28.37;8.09;15.15;12.97;;2.7;;10.53;25.42;30.3;15.92;12.71;2.44;2.7;;;;;;;;;;;;;;;;;;;;;;;;;;;;;;;;;;;;;;;;;;;;;;;;;;;;;;;;;;;;;;;
